<?xml version="1.0" encoding="UTF-8" standalone="no"?>
<rss xmlns:atom="http://www.w3.org/2005/Atom" version="2.0">
<channel>
<title>Beruf &amp; Chance - FAZ.NET</title>
<link>http://www.faz.net/aktuell/beruf-chance/</link>
<description>Informationen für Arbeitgeber und Arbeitnehmer. Themen wie Beruf, Job,  Karriere und Altersvorsorge. Tipps zu Bewerbung und Weiterbildung.</description>
<copyright>Copyright 2001-2013 Frankfurter Allgemeine Zeitung GmbH. Alle Rechte vorbehalten.</copyright>
<category>Beruf &amp; Chance - FAZ.NET</category>
<language>de-de</language>
<docs>http://www.faz.net/hilfe/services-newsletter-widgets-rss-feeds-mehr/</docs>
<generator>FAZ.NET</generator>
<ttl>5</ttl>
<lastBuildDate>Mon, 7 Oct 2013 08:04:01 +0200</lastBuildDate>
<atom:link href="http://www.faz.net/rss/aktuell/beruf-chance/" rel="self" type="application/rss+xml"/>
<image>
        <title>Beruf &amp; Chance - FAZ.NET</title>
        <url>http://www.faz.net/img/fazlogo_ressort.gif</url>
        <link>http://www.faz.net/aktuell/beruf-chance/</link>
    </image>
<item>
    <title>Kolumne „Mein Urteil“: Kann ich mich mit einem Werkvertrag einklagen?</title>
    <description>&lt;img width="190" height="107" border="0" title="Norbert Pflüger ist Fachanwalt für Arbeitsrecht in Frankfurt." alt="Norbert Pflüger ist Fachanwalt für Arbeitsrecht in Frankfurt." src="http://media0.faz.net/polopoly_fs/1.2111612!/image/4025821925.jpg_gen/derivatives/article_teaser/4025821925.jpg"/&gt;&lt;p&gt;Die Bundeskanzlerin bezeichnet das mit Werkverträgen verbundene Lohndumping als „schamlos“ und will gegen den Missbrauch vorgehen. Aber wie sieht das juristisch aus? Können Arbeitnehmer sich schon heute einklagen?&lt;/p&gt;</description>
    <link>http://www.faz.net/aktuell/beruf-chance/mein-urteil/kolumne-mein-urteil-kann-ich-mich-mit-einem-werkvertrag-einklagen-12592800.html</link>
    <pubDate>Sun, 06 Oct 2013 08:00:00 +0200</pubDate>
    <guid isPermaLink="true">http://www.faz.net/-gys-7hwo0</guid>
<ExtractedText>Mein Urteil
Kolumne „Mein Urteil“ Kann ich mich mit einem Werkvertrag einklagen?
06.10.2013 ·  Die Bundeskanzlerin bezeichnet das mit Werkverträgen verbundene Lohndumping als „schamlos“ und will gegen den Missbrauch vorgehen. Aber wie sieht das juristisch aus? Können Arbeitnehmer sich schon heute einklagen?
Von Norbert Pflüger
© Pflüger Rechtsanwälte GmbH
Norbert Pflüger ist Fachanwalt für Arbeitsrecht in Frankfurt.
Nach der Leiharbeit sind Werkverträge in die Kritik geraten. Die Bundeskanzlerin bezeichnet das damit verbundene Lohndumping als „schamlos“ und will gegen den Missbrauch vorgehen. Vor diesem Hintergrund verdient ein Urteil des Landesarbeitsgerichts (LAG) Baden-Württemberg (Az.: 2 Sa 6/13) Aufmerksamkeit. Zwei IT-Experten hatten auf Feststellung eines Arbeitsverhältnisses mit einem Autohersteller geklagt. Zwischen ihnen und dem Unternehmen bestanden zwar keine direkten Vertragsbeziehungen. Der Autohersteller hatte sich vielmehr die Leistungen über ein IT-Systemhaus gesichert, das wiederum einen Subunternehmer beauftragte, der schließlich die beiden IT-Leute über Werkverträge beschäftigte.
Das LAG stellte dennoch das Bestehen eines unbefristeten Arbeitsverhältnisses der beiden zum Autohersteller fest. Dem Gericht kam es auf die tägliche Praxis des Arbeitseinsatzes an, nicht aber auf die Papierform des Vertrags. Entscheidend war, dass die IT-Leute bei dem Autohersteller wie normale Arbeitnehmer eingesetzt wurden. Sie erbrachten ihre Tätigkeit seit 2001 stets in dessen Betriebsräumen. Dort waren sie in den organisatorischen Ablauf eingegliedert. Ihre Arbeitsanweisungen erhielten sie regelmäßig von Beschäftigten des Autoherstellers, was durch eine Vielzahl von E-Mails belegt werden konnte. Den Einsatz der IT-Experten koordinierte eine Ansprechpartnerin. Die Aufgabe, die Computerarbeitsplätze des Autoherstellers zu betreuen, stellten die IT-Experten im Rahmen festgelegter Servicezeiten sicher, in denen Anwesenheitspflicht bestand.
Das Gericht ging von illegaler Arbeitnehmerüberlassung aus
Das LAG ging daher von einem Schein-Werkvertrag aus. Tatsächlich habe das Automobilunternehmen die IT-Kräfte als Leiharbeitnehmer beschäftigt. Da der Verleiher, nämlich der Subunternehmer, nicht die erforderliche Erlaubnis besaß, ging das Gericht von illegaler Arbeitnehmerüberlassung aus. Sind Leiharbeitsverträge mangels der notwendigen Erlaubnis unwirksam, kommt automatisch ein Arbeitsverhältnis zwischen dem Entleiher und dem Leiharbeitnehmer zustande.
Das Urteil ist zwar noch nicht rechtskräftig; die Revision zum Bundesarbeitsgericht wurde zugelassen. Eine abschreckende Wirkung löst die Entscheidung dennoch schon jetzt aus - zumal das Bundesarbeitsgericht seine Rechtsprechung zur Abgrenzung zwischen Arbeits- und Werkverträgen erst am Mittwoch wieder bestätigt hat (Az.: 10 AZR 282/12). Beschäftigte, die im Rahmen solcher Konstruktionen unter Tarif eingesetzt werden, dürften sich ermutigt fühlen, das Bestehen eines Arbeitsverhältnisses zum Unternehmen ihres Arbeitseinsatzes geltend zu machen. Und das Risiko, wegen Hinterziehung von Sozialversicherungsbeiträgen belangt zu werden, ist gestiegen. Wer angesichts der verschachtelten Vertragskonstruktion bei dem Automobilunternehmen von der Unschuldsvermutung ausgehen will, dürfte es daher schwer haben.
Weitere Artikel
</ExtractedText>
</item>
</channel>
</rss>
