<?xml version="1.0" encoding="UTF-8" standalone="no"?>
<rss xmlns:atom="http://www.w3.org/2005/Atom" version="2.0">
<channel>
<title>Beruf &amp; Chance - FAZ.NET</title>
<link>http://www.faz.net/aktuell/beruf-chance/</link>
<description>Informationen für Arbeitgeber und Arbeitnehmer. Themen wie Beruf, Job,  Karriere und Altersvorsorge. Tipps zu Bewerbung und Weiterbildung.</description>
<copyright>Copyright 2001-2013 Frankfurter Allgemeine Zeitung GmbH. Alle Rechte vorbehalten.</copyright>
<category>Beruf &amp; Chance - FAZ.NET</category>
<language>de-de</language>
<docs>http://www.faz.net/hilfe/services-newsletter-widgets-rss-feeds-mehr/</docs>
<generator>FAZ.NET</generator>
<ttl>5</ttl>
<lastBuildDate>Sat, 5 Oct 2013 07:58:01 +0200</lastBuildDate>
<atom:link href="http://www.faz.net/rss/aktuell/beruf-chance/" rel="self" type="application/rss+xml"/>
<image>
        <title>Beruf &amp; Chance - FAZ.NET</title>
        <url>http://www.faz.net/img/fazlogo_ressort.gif</url>
        <link>http://www.faz.net/aktuell/beruf-chance/</link>
    </image>
<item>
    <title>Spezial: Generation Y</title>
    <description>&lt;img width="190" height="107" border="0" title="24688256" alt="24688256" src="http://media1.faz.net/polopoly_fs/1.2213365!/image/20380322.jpg_gen/derivatives/article_teaser/20380322.jpg"/&gt;&lt;p&gt;Die Generation der nach 1980 Geborenen macht den Personalchefs Angst. Junge, hochqualifizierte Berufseinsteiger treten so fordernd auf wie nie zuvor. Wie verändern die Jungen die Arbeitswelt?&lt;/p&gt;</description>
    <link>http://www.faz.net/aktuell/beruf-chance/arbeitswelt/generation-y/</link>
    <pubDate>Tue, 11 Jun 2013 09:36:26 +0200</pubDate>
    <guid isPermaLink="true">http://www.faz.net/aktuell/beruf-chance/arbeitswelt/generation-y/#1.2217585</guid>
<ExtractedText>Zwei Politikstudenten im Gespräch „Einen Plan zu haben ist doch krankhaft“
Sie leben in einer Münchner Wohngemeinschaft, aber in zwei Welten. Simon Köhl (24) lässt das Leben locker auf sich zukommen, Tobias Müller (24) studiert schnell und ist einer der Besten seines Jahrgangs. Ein Gespräch über Leben und Ansprüche ihrer Generation. Mehr 13 21
</ExtractedText>
</item>
</channel>
</rss>
