<?xml version="1.0" encoding="UTF-8" standalone="no"?>
<rss xmlns:content="http://purl.org/rss/1.0/modules/content/" version="2.0">
<channel>
<title>SPIEGEL ONLINE - Kultur</title>
<link>http://www.spiegel.de</link>
<description>Nachrichten zu Kultur und Kunst, Fernsehen und Kino, Pop und Theater. Reportagen, Service, Rezensionen, Interviews - und der Zwiebelfisch.</description>
<language>de</language>
<pubDate>Mon, 07 Oct 2013 21:32:32 +0200</pubDate>
<lastBuildDate>Mon, 07 Oct 2013 21:32:32 +0200</lastBuildDate>
<image>
<title>SPIEGEL ONLINE</title>
<link>http://www.spiegel.de</link>
<url>http://www.spiegel.de/static/sys/logo_120x61.gif</url>
</image>
<item>
<title>Buchpreis-Gewinnerin Terézia Mora: Unterm Strich lauert das Ungeheuer</title>
<link>http://www.spiegel.de/kultur/literatur/deutscher-buchpreis-2013-fuer-das-ungeheuer-von-terezia-mora-a-926582.html#ref=rss</link>
<description>Der Roman ist ein bewegender Roadtrip und ein Blick in den Abgrund der Seele. Der Deutsche Buchpreis für Terézia Moras "Das Ungeheuer" ist eine Auszeichnung für ein Kunststück: ein mitreißendes Buch über Schwermut, Trauer und Tod.</description>
<pubDate>Mon, 07 Oct 2013 21:22:00 +0200</pubDate>
<guid>http://www.spiegel.de/kultur/literatur/deutscher-buchpreis-2013-fuer-das-ungeheuer-von-terezia-mora-a-926582.html</guid>
<content:encoded><![CDATA[<img src="http://www.spiegel.de/images/image-553826-thumbsmall-fxwp.jpg" hspace="5" align="left" >Der Roman ist ein bewegender Roadtrip und ein Blick in den Abgrund der Seele. Der Deutsche Buchpreis für Terézia Moras "Das Ungeheuer" ist eine Auszeichnung für ein Kunststück: ein mitreißendes Buch über Schwermut, Trauer und Tod.]]></content:encoded>
<enclosure type="image/jpeg" url="http://www.spiegel.de/images/image-553826-thumbsmall-fxwp.jpg"/>
<ExtractedText>Deutscher Buchpreis 2013 für "Das Ungeheuer" von Terézia Mora
Buchpreis-Gewinnerin Terézia Mora: Unterm Strich lauert das Ungeheuer
Von Sebastian Hammelehle und Hans-Jost Weyandt
DPA
Der Roman ist ein bewegender Roadtrip und ein Blick in den Abgrund der Seele. Der Deutsche Buchpreis für Terézia Moras "Das Ungeheuer" ist eine Auszeichnung für ein Kunststück: ein mitreißendes Buch über Schwermut, Trauer und Tod.
Terézia Mora hatte nichts vorbereitet: "Jetzt stehe ich da ohne eine Rede!", entfuhr es der Gewinnerin des Deutschen Buchpreises 2013 , als sie bei der Verleihungszeremonie im Frankfurter Römer auf die Bühne trat. Der Pressemann ihres Verlages habe ihr noch einen Zettel zugesteckt, so Mora. Sie solle sich Notizen machen, für den Fall, dass sie gewinne - und sei es nur: "Thank you Mom!" Aber, sie sei nun mal "kleingläubig" und habe nicht zu hoffen gewagt, dass der Preis tatsächlich an sie gehen würde.
Eine völlige Überraschung allerdings ist Moras Sieg keineswegs: Auf der sechs Titel umfassenden Shortlist für die populärste deutschsprachige Literaturauszeichnung lag der Schwerpunkt im Jahr 2013 auf Büchern über psychische Krise und Depression: Neben Moras Roman "Das Ungeheuer" waren das auch Marion Poschmanns "Die Sonnenposition" und Mirko Bonnés "Nie mehr Nacht".
Moras dritter, fast 700 Seiten dicker Roman ist unter diesen Titeln der, dessen Autorin am meisten gewagt hat. Im Mittelpunkt des Buchs steht ein Selbstmord. Flora, die Frau von Darius Kopp, einer Art Jedermann des IT-Zeitalters, hat sich das Leben genommen. "Das Ungeheuer" kreist um Schwermut, Trauer und Tod, Themen, die nicht zum zügigen epischen Fluss, sondern zum Stillstand tendieren. Doch ist das Buch Seelen- und Roadtrip gleichermaßen. Mora gelingt das Kunststück, den Leser mitzureißen.
"Das Ungeheuer" bietet gegenwartssatte Literatur von einer Autorin, die ganz unterschiedliche Stil- und Tonlagen beherrscht: Pulsierend hart und schnell, aber auch zermürbend, retardierend. Burschikose, laute Abschnitte kontrastieren mit suchend verdunkelten Passagen, die Tragik der Geschichte eines um die Liebe seines Lebens trauernden Manns wird gekonnt von einer Komik abgefedert, die dreckig und zart sein kann, lakonisch und lyrisch, und die Erzählerperspektiven wechseln häufig von einem Satz zum anderen.
Grenzen, den Partner zu verstehen
Ihren erzählerischen Balanceakt führt Mora vor Augen, indem sie eine horizontale Linie durch das komplette Buch laufen lässt, der jede Seite in zwei Hälften aufteilt und den Roman in zwei Teile: eine symbolische Trennlinie zwischen Mann und Frau, Gegenwart und Vergangenheit, Leben und Tod.
Während oberhalb der Linie erzählt wird, wie der trauernde Darius seiner Krise nach Floras Tod zu entkommen versucht, lauert unterm Strich das titelgebende Ungeheuer in den Tagebuch-Fragmenten Floras, die Darius liest, um die Flucht seiner Frau aus der Depression und dem Leben zu verstehen. Während Mora oberhalb der dünnen Linie einen Bilderreichtum bietet, der alle vergleichbaren Walacheitrips der neueren deutschen Jungsliteratur in der "Tschick"-Nachfolge schlägt, finden sich darunter die Fragmente einer Reise ins Verstummen, in den Tod.
Von den Grenzen des Verstehens und zugleich von den Versuchen, sie zu überwinden, erzählt dieser Roman: dem Verstehen eines Partners, eines Zustands, einer tödlichen Krankheit. Und von den Grenzen, die eine Sprache setzt. Flora stammt (wie Mora) aus Ungarn, arbeitet (wie die Autorin) als Übersetzerin, übersetzt dem Partner aber nicht die Sprache ihrer Gefühle. Die bleiben ihm fremd bleiben wie das Ungarische.
Das Tragische dabei dürfte sein, dass Flora ihre Gefühle vielleicht gar nicht ausdrücken kann. Wie die 1971 im ungarischen Sopron geborene, zweisprachig aufgewachsene und 1990 nach Berlin gekommene Mora diesen Zustand gestaltet, ist eine der überzeugendsten Versuche in der deutschen Literatur, Identität vor dem Hintergrund der Migration zu reflektieren.
Durch den Preis bestätigt sehen darf sich auch der Luchterhand Verlag, der, immer in Not, mit dem literarischen Kaufhausangebot von Random House gleichgesetzt zu werden, in den vergangenen Jahren ein eigenständiges Profil entwickelt hat durch einen Schwerpunkt auf die mitteleuropäischen Literaturen und die Betreuung junger deutschsprachiger Talente wie Sa&#154;a Stani&#154;ic, Marica Bodro&#158;ic oder eben Mora.
"Das Ungeheuer" erinnert daran, wie befruchtend die viel beschworene Vielsprachigkeit Mitteleuropas noch heute sein kann, und muss verstanden werden als Danksagung der Autorin an die ungarische Literatur, eine der wichtigsten Europas, die nicht zuletzt dank des Austauschs zwischen den beiden Zentren Budapest und Berlin in den vergangenen Jahrzehnten eine selten große Zahl von Meisterwerken, mit Imre Kertész einen Nobelpreisträger, mit Péter Nádas einen Nobelpreiskandidaten, mit György Konrád und Péter Esterházy (den Mora übersetzt hat) zwei Friedenspreisträger hervorgebracht hat.
</ExtractedText>
</item>
</channel>
</rss>
