<?xml version="1.0" encoding="UTF-8" standalone="no"?>
<rss xmlns:content="http://purl.org/rss/1.0/modules/content/" version="2.0">
<channel>
<title>SPIEGEL ONLINE - Kultur</title>
<link>http://www.spiegel.de</link>
<description>Nachrichten zu Kultur und Kunst, Fernsehen und Kino, Pop und Theater. Reportagen, Service, Rezensionen, Interviews - und der Zwiebelfisch.</description>
<language>de</language>
<pubDate>Mon, 07 Oct 2013 21:12:45 +0200</pubDate>
<lastBuildDate>Mon, 07 Oct 2013 21:12:45 +0200</lastBuildDate>
<image>
<title>SPIEGEL ONLINE</title>
<link>http://www.spiegel.de</link>
<url>http://www.spiegel.de/static/sys/logo_120x61.gif</url>
</image>
<item>
<title>Sondierungs-Talk bei Jauch: "Selten so viel Unsinn"</title>
<link>http://www.spiegel.de/kultur/tv/guenther-jauch-hannelore-kraft-in-debatte-ueber-sondierungsgespraeche-a-926388.html#ref=rss</link>
<description>In Berlin wird sondiert - und getalkt. Bei Günther Jauch saßen Vertreter von Union und SPD und stritten die These kaputt, eine Koalition beider Lager sei eine heimliche Liebesheirat. Und was führt eigentlich Hannelore Kraft im Schilde?</description>
<pubDate>Mon, 07 Oct 2013 07:01:00 +0200</pubDate>
<guid>http://www.spiegel.de/kultur/tv/guenther-jauch-hannelore-kraft-in-debatte-ueber-sondierungsgespraeche-a-926388.html</guid>
<content:encoded><![CDATA[<img src="http://www.spiegel.de/images/image-553325-thumbsmall-xmbl.jpg" hspace="5" align="left" >In Berlin wird sondiert - und getalkt. Bei Günther Jauch saßen Vertreter von Union und SPD und stritten die These kaputt, eine Koalition beider Lager sei eine heimliche Liebesheirat. Und was führt eigentlich Hannelore Kraft im Schilde?]]></content:encoded>
<enclosure type="image/jpeg" url="http://www.spiegel.de/images/image-553325-thumbsmall-xmbl.jpg"/>
<ExtractedText>Günther Jauch: Hannelore Kraft in Debatte über Sondierungsgespräche
Sondierungs-Talk bei Jauch: "Selten so viel Unsinn"
Von Mathias Zschaler
DPA
NRW-Landeschefin Hannelore Kraft (Archivbild): "Mit dem Blick von Wanne-Eickel"
In Berlin wird sondiert - und getalkt. Bei Günther Jauch saßen Vertreter von Union und SPD und stritten die These kaputt, eine Koalition beider Lager sei eine heimliche Liebesheirat. Und was führt eigentlich Hannelore Kraft im Schilde?
Das Spiel ist eröffnet, genauer gesagt, das Strategiespiel. Es könnte sich indes auch um eine Partie Doppelkopf handeln. Oder um Fußball. Aber noch ist nichts passiert. Man befindet sich einstweilen im Stand-by-Modus, sichtet das Blatt, wärmt sich auf - und einen Pott Gulasch gleich mit. Denn auch dieses Kesselgericht erinnert ja doch irgendwie an eine Koalition.
Meinte zumindest Michael Jürgs, der diesmal bei Günther Jauch die Rolle des Elder Journalist übernommen hatte und damit seinen Beitrag zur Metaphorik leistete, an der wahrlich nicht gespart wurde. Und das, obgleich ein im Prinzip nicht eben gesprächsfördernder Satz bereits nach ungefähr fünf Minuten gefallen war, nämlich vom christsozialen Elder Statesman Theo Waigel , der schon nicht weniger als fünf Koalitionsverhandlungen hinter sich bringen musste, und das auch noch mit der FDP. In diesem Sondierungsfrühstadium beim Ringen um eine neue Regierung gelte für alle Beteiligten die Devise "Klappe halten", gab Kohls einstiger Finanzminister zu wissen.
Würden sich alle immer strikt an diese Regel halten, dann hätten an diesem Abend allerdings zwei Stühle leer bleiben müssen. Erstens der von Umweltminister Peter Altmaier , der zwar nicht selbst an der ersten schwarz-roten Runde beteiligt war, aber als Kanzlerin-Vertrauter und sozusagen regierungsoffiziöser Lageerklärer momentan in kaum einer Talkshow fehlt.
Eine gewisse Schärfe
Zweitens und vor allem aber jener, auf dem Hannelore Kraft saß, die neuerdings alles andere als im Hintergrund, sondern sehr im Vordergrund agierende starke Frau der SPD. Altmaier, der zwar als Schwarz-Grün-Fan gilt, aber auch als ziemlich flexibler Kommunikator und ohnedies selbstverständlich allseitige Offenheit zu demonstrieren hat, brachte zunächst routiniert seine entsprechenden Statements unter. Es schien sich jenes situationstypische Geplänkel zu entwickeln, von dem Journalist Jürgs anfangs noch sicher war, dass es zur Anbahnung einer großen Koalition nun mal dazu gehöre.
Aber dann schlich sich doch eine gewisse Schärfe ein. Und das lag weniger an der nicht hundertprozentig plausiblen Anwesenheit des Philosophen und Pädagogen Bernhard Bueb, der sich als Kämpfer für das Gute und Wahre gerieren durfte, den angeblichen Verlust der Ehrlichkeit in der Politik beklagte, besorgt eine Entpolitisierung des Wahlvolks ausmachen zu können meinte und als Hauptindiz hierfür immer wieder die Blüte des politischen Kabaretts anführte.
Damit erntete er den einen oder anderen Widerspruch, doch das Ganze trug sich eher auf einem Nebenschauplatz zu. Umso mehr war es - um im Sinnbild des Spiels zu bleiben - die Dame, die zur interessantesten Figur wurde, immer wieder auch groß in Szene gesetzt von der Kamera.
Jedes Mal, wenn ihr Gesicht in einer Totale ins Bild kam und nicht allein dann, war da ein Lächeln um ihren Mund. Es war ein Lächeln, das nicht unbedingt nur freundlich aussah, sondern etwas schwer Ergründliches hatte und bisweilen auch etwas Maliziöses. Und wenn die Frau, die lächelte, das Wort ergriff, klang das meistens auch nicht sonderlich konziliant.
"Mit dem Blick von Wanne-Eickel"
Es wird ja dieser Tage viel geredet, geschrieben, gemutmaßt über das, was die NRW-Ministerpräsidentin umtreiben mag - was sie insgeheim vorhat und will, ob sie über einen Masterplan verfügt, um demnächst Kanzlerkandidatin zu werden, ob sie Frau Merkel in ein für diese problematisches schwarz-grünes Bündnis treiben, Schwarz-Rot in Wahrheit verhindern möchte, ob sie das ganze Szenario nicht am Ende auch "mit dem Blick von Wanne-Eickel" sieht, also mehr im Landes-, als im Bundesinteresse. Mit all dem wurde sie nun auch bei Jauch konfrontiert. Und die fast brüske Antwort lautete, sie habe "selten so viel Unsinn gehört".
Es folgte eine kurze Betrachtung jener Themen, bezüglich derer Parteichef Gabriel gerade eben schon Verständigungsmöglichkeiten angedeutet hat - Europa, Mindestlohn, Rente, Infrastruktur -, und Frau Kraft legte sehr nachdrücklich und mehrfach größten Wert darauf, dass allein die Inhalte entscheidend seien und es keinesfalls eine große Koalition um jeden Preis geben werde. Gewiss seien Steuererhöhungen kein Selbstzweck, aber die Finanzierung müsse nun mal gesichert sein. Sie sagte das sehr bestimmt und schnörkellos, so dass man sich fast an eine gewisse klare Kante erinnert fühlen konnte.
Mitgliederbefragung oder Parteitag: Wo ist der Unterschied?
Kritik an der beabsichtigten Mitgliederbefragung über einen etwaigen Koalitionsvertrag tat sie knapp ab und behauptete einfach: Ob es nun diese gebe oder, wie sonst üblich, ein Parteitag entscheide, mache keinen großen Unterschied. Und eine persönliche Erklärung grundsätzlicher Art gestattete sie sich dann auch noch. Sie habe ein "sehr entspanntes Verhältnis zur Macht" und strebe diese ausschließlich an, um zu gestalten, die Verhältnisse zu verbessern, die Reformen anzupacken, die bisher versäumt worden seien.
Es kam, wie es kommen musste. Irgendwann war man noch einmal im Wahlkampf-Modus. "Aber Sie haben doch...", "Sie müssten doch wissen...", ging es zwischen SPD-Frau und CDU-Mann ziemlich hitzig hin und her. Fast hätte man denken können, die größte Sorge von Philosoph Bueb, dass die große Koalition der Demokratie schade, sei gerade dabei, sich von selbst zu erledigen.
Selbst Schwarz-Rot-Prophet Jürgs geriet am Ende ins Zweifeln und meinte, nach einer Liebesheirat sehe das nun nicht gerade aus. Sowieso sei dies aber das letzte Mal, dass nach den alten Mustern über eine Regierungsbildung verhandelt werde. Nach der nächsten Bundestagswahl werde alles anders sein, dann gebe es bei den Koalitionsoptionen kaum noch Beschränkungen.
Es war ein Moment, in dem das Lächeln der Hannelore Kraft ganz besonders passend wirkte.
Diesen Artikel...
</ExtractedText>
</item>
</channel>
</rss>
