<?xml version="1.0" encoding="UTF-8" standalone="no"?>
<rss xmlns:atom="http://www.w3.org/2005/Atom" version="2.0">
<channel>
<title>Wirtschaft - FAZ.NET</title>
<link>http://www.faz.net/aktuell/wirtschaft/</link>
<description>Nachrichten der Wirtschaft über Börse und Finanzen. News von Industrie und Unternehmen. Informationen zur Konjunktur und Wirtschaftskrise.</description>
<copyright>Copyright 2001-2013 Frankfurter Allgemeine Zeitung GmbH. Alle Rechte vorbehalten.</copyright>
<category>Wirtschaft - FAZ.NET</category>
<language>de-de</language>
<docs>http://www.faz.net/hilfe/services-newsletter-widgets-rss-feeds-mehr/</docs>
<generator>FAZ.NET</generator>
<ttl>5</ttl>
<lastBuildDate>Wed, 16 Oct 2013 08:42:53 +0200</lastBuildDate>
<atom:link href="http://www.faz.net/rss/aktuell/wirtschaft/" rel="self" type="application/rss+xml"/>
<image>
        <title>Wirtschaft - FAZ.NET</title>
        <url>http://www.faz.net/img/fazlogo_ressort.gif</url>
        <link>http://www.faz.net/aktuell/wirtschaft/</link>
    </image>
<item>
    <title>Luxusimmobilien: Die teuersten Flecken der Erde in der Bildergalerie</title>
    <description>&lt;img width="190" height="107" border="0" title="Platz 10: Comer See" alt="Platz 10: Comer See" src="http://media1.faz.net/polopoly_fs/1.2612291!/image/3023009557.jpg_gen/derivatives/article_teaser/3023009557.jpg"/&gt;&lt;p&gt;Die Fonds-Tochter der Deutschen Bank hat zusammengestellt, wo die vermögendsten Menschen der Welt am liebsten Immobilien kaufen. Die zehn Wunschziele der Superreichen in der Bildergalerie.&lt;/p&gt;</description>
    <link>http://www.faz.net/aktuell/wirtschaft/immobilien/luxusimmobilien-wo-die-superreichen-ferien-machen-12612294.html</link>
    <pubDate>Thu, 10 Oct 2013 16:35:24 +0200</pubDate>
    <guid isPermaLink="true">http://www.faz.net/-gz7-7ibpi</guid>
<ExtractedText>Immobilien
Luxusimmobilien Wo die Superreichen Ferien machen
10.10.2013 ·  Die Fonds-Tochter der Deutschen Bank hat zusammengestellt, wo die vermögendsten Menschen der Welt am liebsten Immobilien kaufen. Die zehn Wunschziele der Superreichen in der Bildergalerie.
Von Benedikt Müller
© Villa Vigoni
Platz 10: Comer See
Am Comer See kostet eine typische Villa mit fünf Schlafzimmern umgerechnet rund 6,6 Millionen Euro. Laut Deutschem Asset &amp; Wealth Management, der Fonds-Tochter der Deutschen Bank, zählt der oberitalienische Alpensee damit zu den zehn beliebtesten Orten für Luxusimmobilien weltweit.
  1/12  
© Villa Vigoni
Platz 10: Comer See
Am Comer See kostet eine typische Villa mit fünf Schlafzimmern umgerechnet rund 6,6 Millionen Euro. Laut Deutschem Asset &amp; Wealth Management, der Fonds-Tochter der Deutschen Bank, zählt der oberitalienische Alpensee damit zu den zehn beliebtesten Orten für Luxusimmobilien weltweit.
</ExtractedText>
</item>
</channel>
</rss>
