<?xml version="1.0" encoding="UTF-8" standalone="no"?>
<rss xmlns:content="http://purl.org/rss/1.0/modules/content/" version="2.0">
<channel>
<title>SPIEGEL ONLINE - Kultur</title>
<link>http://www.spiegel.de</link>
<description>Nachrichten zu Kultur und Kunst, Fernsehen und Kino, Pop und Theater. Reportagen, Service, Rezensionen, Interviews - und der Zwiebelfisch.</description>
<language>de</language>
<pubDate>Wed, 16 Oct 2013 09:02:56 +0200</pubDate>
<lastBuildDate>Wed, 16 Oct 2013 09:02:56 +0200</lastBuildDate>
<image>
<title>SPIEGEL ONLINE</title>
<link>http://www.spiegel.de</link>
<url>http://www.spiegel.de/static/sys/logo_120x61.gif</url>
</image>
<item>
<title>Haltestellen-Architektur: Hoffentlich kommt der Bus zu spät</title>
<link>http://www.spiegel.de/kultur/gesellschaft/haltestellen-architektur-in-krumbach-oesterreich-a-927761.html#ref=rss</link>
<description>Schöner Warten: Ein Dorf in Österreich hat internationale Architekten darum gebeten, neue Bushaltestellen-Häuschen zu bauen - und das Ergebnis ist speziell. In dem einen "Wartehüsle" stehen Holzsessel wie vom Bauern nebenan, das andere wird ein echter Turm, das nächste eine Bretterbude.</description>
<pubDate>Mon, 14 Oct 2013 19:08:00 +0200</pubDate>
<guid>http://www.spiegel.de/kultur/gesellschaft/haltestellen-architektur-in-krumbach-oesterreich-a-927761.html</guid>
<content:encoded><![CDATA[Schöner Warten: Ein Dorf in Österreich hat internationale Architekten darum gebeten, neue Bushaltestellen-Häuschen zu bauen - und das Ergebnis ist speziell. In dem einen "Wartehüsle" stehen Holzsessel wie vom Bauern nebenan, das andere wird ein echter Turm, das nächste eine Bretterbude.]]></content:encoded>
<ExtractedText>Haltestellen-Architektur: Hoffentlich kommt der Bus zu spät
Von Ingeborg Wiensowski
Smiljan Radic/ BUS:STOP Krumbach 2013
Schöner Warten: Ein Dorf in Österreich hat internationale Architekten darum gebeten, neue Bushaltestellen-Häuschen zu bauen - und das Ergebnis ist speziell. In dem einen "Wartehüsle" stehen Holzsessel wie vom Bauern nebenan, das andere wird ein echter Turm, das nächste eine Bretterbude.
Auf der Reiseliste für Architekturbegeisterte wird demnächst ein Ort namens Krumbach stehen. Krumbach ist eine Gemeinde im österreichischem Bundesland Vorarlberg mit knapp tausend Einwohnern, in der gerade sieben internationale Architekturbüros sieben "Wartehüsle" bauen - ein Projekt, das offiziell "Bus:Stop" heißt. Und das erste der sieben Haltestellenhäuschen steht nun.
Man könnte sagen, dass Krumbach damit so etwas wie ein Gegenentwurf zur grassierenden Großmannssucht-Architektur vorführt: Bushaltestelle versus Flughafen/Bahnhof also. Das Projekt widmet sich mit viel Enthusiasmus den scheinbar simplen Alltagsnutzbauten, mit deren meist phantasieloser Gestaltung wir uns längst abgefunden haben.
Die Idee dazu kam vom Verein "Kultur Krumbach", der Dietmar Steiner, den Leiter des Architekturzentrums Wien, um Kontakte zu sogenannten Stararchitekten bat: Wartehäuser am gut ausgebauten Landbus-System, das täglich bis Mitternacht die Dörfer untereinander und mit der Stadt Bregenz verbindet, sollten errichtet werden.
Nach langem Zögern stellte Steiner seine Bedingung: "Keine Stararchitekten, sondern kleine Büros mit skulpturalem Interesse." Festgelegt wurde außerdem: für die Architekten kein Honorar, sondern eine Woche Urlaub in der Gegend. Das Projekt sollte ehrenamtlich betreut, Arbeit und Material gespendet, den Architekten lokale Handwerker und regionale Architekten als Partner zur Seite gestellt werden.
Mit bäuerlichen Holzsesseln
Unter diesen Bedingungen lud Steiner sieben internationale Büros ein: Smiljan Radic aus Chile; dvvt - Architecten aus Belgien; Rintala Eggertsson Architects aus Norwegen; Alexander Brodsky aus Russland; Amateur Architecture Studio mit Wang Shu und Lu Wenyu aus China; Ensamble Studio aus Spanien und Sou Fujimoto aus Japan, der den diesjährigen Serpentine Pavillon in London gebaut hat.
"Es war ein Wunder", sagt Steiner, "nach vier Wochen hatten alle Büros zugesagt." Im Frühjahr reisten die Eingeladenen an, um ihre eineinhalb bis zweieinhalb Quadratmeter großen Bauplätze selbst anzusehen. Alle seien "von den traditionellen Handwerksbetrieben, den heimischen Materialien wie Holz und der detailreichen Baukultur" sofort begeistert gewesen, sagt Steiner. Das zeigte sich, als im Juni die Entwürfe eintrafen und viele davon mit Holz und traditionellen Bauweisen des Vorarlbergs zu tun hatten. Im Bregenzer Kunsthaus waren die Entwürfe als große Modelle zu sehen, nun sollen sie bis zum Frühjahr umgesetzt werden.
Fertig und eingeweiht ist bereits der Pavillon des Chilenen Smiljan Radic. Der war schon bei der Einladung von der "verrückten Idee" begeistert gewesen und nahm viele Bücher über die lokale Kultur mit zurück nach Hause. Der erweist er jetzt Reverenz mit seinem "Bus:Stop", indem er die typische niedrige Raumhöhe der Bregenzerwälder Stube und deren Holzkassettendecke in eine Stahl-Glas-Konstruktion mit dunkler Betondecke umsetzt - und in die durchsichtige, ins Freie ausgesetzte Stube zwei bäuerliche Holzsessel stellt. Zur Ablenkung für die Wartenden klebt draußen am Dach ein großes Vogelhaus aus Eiche.
Ganz ohne Holz-Zutat kommt die Wartestation der Belgier dvvt aus. Drei Straßen kommen an ihrem Bauplatz zusammen, und der Wartende muss den ankommenden Bus sehen, um ihm zum Halten zu winken. Die drei Belgier ließen sich von ihrer Reise durch die Alpenpässe und deren geometrischen Gesteinsformationen anregen - so seien die dreidimensionalen Faltungen zu einem "pyramidalen Berg" aus dreieckigen lackierten Stahlflächen entstanden.
Auch Alexander Brodsky, Russe mit internationalem Ruf für seine unkonventionellen Entwürfe zwischen Trash und Tradition, hat sich an der Umgebung seines Bauplatzes orientiert - ein schmuckes, simples Einfamilienhaus, auf das Brodsky mit einem radikal einfachen Turmbau reagiert. Die Öffnungen im unteren Teil des Turmes sind dreiseitig verglast, und wohnlich mit Tisch und Bank möbliert.
Wang Shu aus China, Pritzker-Preisträger 2012, entwarf einen konischen Raum, eine Art Trichter aus Holz, der an eine Camera obscura erinnert und freie Sicht auf Straße und Landschaft gewährt. Und das Madrider Ensamble Studio, das sich immer mit der Geschichte des Ortes auseinandersetzt, war von den geschichteten Eichenbrettern in ihren Trockenlagern so fasziniert, dass ihr Pavillon nun ausschließlich aus solchen aufgestapelten unbehandelten Brettern entstehen und gleichzeitig ein geschützter als auch offener Raum sein soll.
Aussicht statt Regenschutz
Einen völlig anderen Ansatz verfolgt der Japaner Sou Fujimoto, dessen Bauten keine Schutzfunktion mehr haben. Ihre Aufgabe sei "der offene Dialog mit der Natur". Das heißt, "dass ihm tradierte Architekturvorstellungen und Witterungsschutz wurscht sind", sagt Steiner. Und das genau zeige sein Entwurf aus "wilden dünnen Stahl- und Holzstangen", in deren offener Struktur Fujimoto eine gewendelte Treppe gepflanzt hat, die eine wunderbare Aussicht bietet. Einen Schutz gewährt dieser "Bus:Stop" nicht, dafür aber "eine neue Dimension der Wahrnehmung von Ort, Raum und Natur", die dem Ort eine "besondere Wertigkeit und Bedeutung" gebe, so Steiner.
Und wie sehen das die Krumbacher? Neugierig und pragmatisch, niemand habe "Das geht nicht!" gesagt. "Innovative Ideen entstehen im Austausch und der Auseinandersetzung mit anderen Kulturen", hat der Bürgermeister gesagt, man suche "nach Inspirationen und neuen Sichtweisen". Die Krumbacher Kinder haben die schon: "Wir fahren mit dem Landbus in die weite Welt", sangen sie zur Einweihung des ersten Pavillons. Als er das hörte, sagt Kurator Steiner, da seien ihm direkt die Tränen gekommen.
</ExtractedText>
</item>
</channel>
</rss>
