<?xml version="1.0" encoding="UTF-8" standalone="no"?>
<rss xmlns:atom="http://www.w3.org/2005/Atom" xmlns:dc="http://purl.org/dc/elements/1.1/" version="2.0">
  <channel>
<title>
      ZEIT ONLINE: Mehr Kultur</title>
<description>Aktuelle Kultur-Nachrichten, Informationen und Interviews rund um die Themen Kultur, Feuilleton, Literatur, Kunst, Film und Musik. Dazu Reportagen und Kritiken.</description>
<pubDate>Sat, 05 Oct 2013 16:11:40 GMT</pubDate>
<lastBuildDate>Sat, 5 Oct 2013 18:45:30 +0200</lastBuildDate>
<language>de-de</language>
<link>http://www.zeit.de/kultur/index</link>
<atom:link href="http://newsfeed.zeit.de/kultur/index" rel="self" type="application/rss+xml"/>
<copyright>Copyright (c) 2013, ZEIT ONLINE GmbH</copyright>
<docs>http://www.zeit.de/hilfe/rss</docs>
<generator>mod_xslt LePenguin</generator>
<managingEditor>wolfgang.blau@zeit.de (Wolfgang Blau)</managingEditor>
<webMaster>webmaster@zeit.de (Internettechnik ZEIT ONLINE)</webMaster>
<image>
      <url>http://images.zeit.de/bilder/elemente_01_06/logos/homepage_top.gif</url>
      <title>
      ZEIT ONLINE: Mehr Kultur</title>
      <link>http://www.zeit.de/kultur/index</link>
    </image>
<item>
      <link>http://www.zeit.de/kultur/literatur/2013-10/kunst-comics-munch-schwitters</link>
      <guid>http://www.zeit.de/kultur/literatur/2013-10/kunst-comics-munch-schwitters</guid>
      <category>Kultur</category>
      <title>Kunst-Comics: Suff, Sex und opulenter Wahn</title>
      <description>&lt;a href="http://www.zeit.de/kultur/literatur/2013-10/kunst-comics-munch-schwitters"&gt;&lt;img style="float:left; margin-right:5px" src="http://images.zeit.de/kultur/kunst/2013-10/steffen-kverneland-munch/steffen-kverneland-munch-148x84.jpg"/&gt;&lt;/a&gt; Die Kunst erobert die Comics – oder umgekehrt? Eine ganze Reihe Zeichner hat Bände über Maler und ihre Werke herausgebracht.</description>
      <dc:creator>ZEIT ONLINE : Kultur - Volker Schmidt</dc:creator>
      <pubDate>Thu, 03 Oct 2013 07:47:54 GMT</pubDate>
    <ExtractedText>Kunst
Kunst-Comics: Suff, Sex und opulenter Wahn
Die Kunst erobert die Comics – oder umgekehrt? Eine ganze Reihe Zeichner hat Bände über Maler und ihre Werke herausgebracht. Von  Volker Schmidt
3. Oktober 2013  09:47 Uhr 
Eine Künstlerbiografie als Graphic Novel. Steffen Kverneland über Edvard Munch  |  © Avant Verlag / Steffen Kverneland
"Drück ab! Sehe ich so frisch gefickt aus?" Steffen Kverneland stellt ein Gemälde nach, Edvard Munchs Asche. Sein Kumpel Lars Fiske fotografiert ihn. Klingt wie ein Studentenscherz, ist aber Teil eines ebenso dicken wie grandiosen Comicbandes , der das Leben des norwegischen Malers,  ja was? Würdigt? Feiert? Verhackstückt?
Munch stellte seine Bilder zu Serien mit oft autobiografischer Färbung zusammen, "Lebensfries" nannte er das. Da fehlen doch die Sprechblasen, findet Kverneland, der mit Kumpel Fiske im Comic selbst auftaucht. "Diese aktuellen romantischen Künstlerbiografien à la Im-Kopf-von-Munch sind echt ein richtiger Scheiß", motzt der gezeichnete Kverneland und nimmt einen Schluck aus dem Flachmann: "Wenn ich einen Comic über Munch machen würde, wär das Manuskript eine reine Quelle von Zitaten."
Anzeige
So ist es: Munch in seinen eigenen Worten, denen von Zeitgenossen und in respektlosen Kommentaren von Kverneland und Fiske; im Anhang stehen die Quellen. Die Bilder sind ein Feuerwerk der Stile, mal kubistisch-geometrisch verfremdet, mal mit dicken runden Comic-Kinnen, mal schwarz-weiß getuscht und immer wieder wimmelnd vor Bildzitaten.
Von Respekt kann nicht die Rede sein, eher von Faszination für die wilde Welt des Expressionisten und seiner Freunde. Eine Welt voll Suff, Sex und Wahn, opulent umgesetzt. Kein Wunder, dass die Norwegische Nationalgalerie das erste Kapitel für ihre Sammlung gekauft hat.
Fiske und Kverneland haben schon 2007 gemeinsam eine Künstlerbiografie vorgelegt, Olaf G. über den Grafiker Olaf Gulbransson. Diesmal treten sie zwar getrennt als Autoren in Erscheinung, aber sie kooperieren doch: Fiske taucht in Kvernelands Munch ebenso auf wie Kvenerland in Fiskes Band über Kurt Schwitters .
Grotesk geometrische Gesichter
Wieder kreist der Flachmann, wieder wird eine locker gezeichnete Recherche im Anhang akribisch dokumentiert. "Nur Schwitters kann über Schwitters schreiben", hat Schwitters geschrieben . Fiske bastelt seine Biografie aus Zitaten des Dichters (in roten Sprechblasen), seiner Freunde, Biografen und Kenner. So wie Schwitters seine Collagen und sein Lebenswerk, den Merzbau, eine Art dreidimensionale Collagenskulptur, die in seiner Wohnung in Hannover wucherte.
"Merz" nannte Schwitters seinen Stil, seitdem er eine Werbeanzeige der Commerz- und Privatbank so überklebt hatte, dass nur noch diese Silbe lesbar war. Mit den Dadaisten kam der trotz allem Kleinbürger gebliebene Schöpfer von Gedichten wie Ursonate und Anna Blume nicht recht klar. Fiske zeichnet ihn und seine Zeitgenossen mit grotesk geometrischen Gesichtern in eine Collagen-Welt.
Besondere Aufmerksamkeit widmet Fiske der Zeit, die Schwitters in Norwegen erst in mehreren Sommerurlauben und von 1937 an im Exil verbrachte, weil die Nationalsozialisten seine Kunst für "entartet" erklärten. Spätestens das macht die Comics über Munch und Schwitters zu einer Art Diptychon, einem Doppelporträt zweier verschiedener, aber geistesverwandter Künstler: Lebenfries und Merzbau, zwei Seiten einer Medaille – und die dritte ist der Comic.
Übersicht zu diesem Artikel
</ExtractedText>
</item>
</channel>
</rss>
