<?xml version="1.0" encoding="UTF-8" standalone="no"?>
<rss xmlns:content="http://purl.org/rss/1.0/modules/content/" version="2.0">
<channel>
<title>SPIEGEL ONLINE - Kultur</title>
<link>http://www.spiegel.de</link>
<description>Nachrichten zu Kultur und Kunst, Fernsehen und Kino, Pop und Theater. Reportagen, Service, Rezensionen, Interviews - und der Zwiebelfisch.</description>
<language>de</language>
<pubDate>Sat, 05 Oct 2013 18:42:35 +0200</pubDate>
<lastBuildDate>Sat, 05 Oct 2013 18:42:35 +0200</lastBuildDate>
<image>
<title>SPIEGEL ONLINE</title>
<link>http://www.spiegel.de</link>
<url>http://www.spiegel.de/static/sys/logo_120x61.gif</url>
</image>
<item>
<title>Deutscher Fernsehpreis 2013: Alle Kategorien, alle Gewinner</title>
<link>http://www.spiegel.de/kultur/tv/deutscher-fernsehpreis-2013-gewinner-a-925952.html#ref=rss</link>
<description>Das beste Programm und die besten Darsteller: Eine vollständige Übersicht aller Ausgezeichneten beim "Deutschen Fernsehpreis 2013".</description>
<pubDate>Thu, 03 Oct 2013 12:26:00 +0200</pubDate>
<guid>http://www.spiegel.de/kultur/tv/deutscher-fernsehpreis-2013-gewinner-a-925952.html</guid>
<content:encoded><![CDATA[<img src="http://www.spiegel.de/images/image-552464-thumbsmall-kwui.jpg" hspace="5" align="left" >Das beste Programm und die besten Darsteller: Eine vollständige Übersicht aller Ausgezeichneten beim "Deutschen Fernsehpreis 2013".]]></content:encoded>
<enclosure type="image/jpeg" url="http://www.spiegel.de/images/image-552464-thumbsmall-kwui.jpg"/>
<ExtractedText>j2011 03.10.2013
...mußte ich meinen Parkplatz räumen und kilometerweit zu Fuß zur Arbeit latschen... Marcel Reich-Ranitzki hatte Recht: "Diesen Preis nehme ich nicht an!!!"
...mußte ich meinen Parkplatz räumen und kilometerweit zu Fuß zur Arbeit latschen... Marcel Reich-Ranitzki hatte Recht: "Diesen Preis nehme ich nicht an!!!"
M. Michaelis 03.10.2013
Trashige Moderatoren verleihen in trashiger Gala trashigen Preis an trashige Preisträger.  Passt doch.   Leid konnten einem nur die wenigen wirklich guten Preisträger tun die da hineingeraten sind.
Trashige Moderatoren verleihen in trashiger Gala trashigen Preis an trashige Preisträger.  Passt doch.   Leid konnten einem nur die wenigen wirklich guten Preisträger tun die da hineingeraten sind.
postman pat 03.10.2013
Habe die Sendung nicht gesehen und wohl auch nichts verpasst, wie ich dem Artikel entnehmen kann. Danke, für diesen ironischen und bissigen Artikel.
Habe die Sendung nicht gesehen und wohl auch nichts verpasst, wie ich dem Artikel entnehmen kann. Danke, für diesen ironischen und bissigen Artikel.
l3m0nh34d 03.10.2013
dass ich keinen Fernseher mehr habe. Wenn ich das hier so lese, dann erscheint mir dies als eine der besten Entscheidungen meines noch recht jungen Lebens :)
dass ich keinen Fernseher mehr habe. Wenn ich das hier so lese, dann erscheint mir dies als eine der besten Entscheidungen meines noch recht jungen Lebens :)
ahse loche gestern, 07:57 Uhr
Matthias Brandt hat die Auszeichnung verdient - ein toller Schauspieler.  Etliche Meckerer on diesem Forum scheinen ihn nicht zu kennen, die haben was verpasst!  Aber wie kann man auch einen Fernsehschauspieler kennen wenn man [...]
Matthias Brandt hat die Auszeichnung verdient - ein toller Schauspieler.  Etliche Meckerer on diesem Forum scheinen ihn nicht zu kennen, die haben was verpasst!  Aber wie kann man auch einen Fernsehschauspieler kennen wenn man gar keinen Ferseher hat? Und sich dann darüber aufregen...
</ExtractedText>
</item>
</channel>
</rss>
