<?xml version="1.0" encoding="UTF-8" standalone="no"?>
<rss xmlns:atom="http://www.w3.org/2005/Atom" xmlns:dc="http://purl.org/dc/elements/1.1/" version="2.0">
  <channel>
<title>
      ZEIT ONLINE: Mehr Kultur</title>
<description>Aktuelle Kultur-Nachrichten, Informationen und Interviews rund um die Themen Kultur, Feuilleton, Literatur, Kunst, Film und Musik. Dazu Reportagen und Kritiken.</description>
<pubDate>Wed, 16 Oct 2013 06:44:13 GMT</pubDate>
<lastBuildDate>Wed, 16 Oct 2013 09:07:39 +0200</lastBuildDate>
<language>de-de</language>
<link>http://www.zeit.de/kultur/index</link>
<atom:link href="http://newsfeed.zeit.de/kultur/index" rel="self" type="application/rss+xml"/>
<copyright>Copyright (c) 2013, ZEIT ONLINE GmbH</copyright>
<docs>http://www.zeit.de/hilfe/rss</docs>
<generator>mod_xslt LePenguin</generator>
<managingEditor>wolfgang.blau@zeit.de (Wolfgang Blau)</managingEditor>
<webMaster>webmaster@zeit.de (Internettechnik ZEIT ONLINE)</webMaster>
<image>
      <url>http://images.zeit.de/bilder/elemente_01_06/logos/homepage_top.gif</url>
      <title>
      ZEIT ONLINE: Mehr Kultur</title>
      <link>http://www.zeit.de/kultur/index</link>
    </image>
<item>
      <link>http://www.zeit.de/kultur/film/2013-10/ard-polizeiruf-magdeburg</link>
      <guid>http://www.zeit.de/kultur/film/2013-10/ard-polizeiruf-magdeburg</guid>
      <category>Kultur</category>
      <title>"Polizeiruf 110": Lust auf Magdeburg</title>
      <description>&lt;a href="http://www.zeit.de/kultur/film/2013-10/ard-polizeiruf-magdeburg"&gt;&lt;img style="float:left; margin-right:5px" src="http://images.zeit.de/kultur/film/2013-10/polizeiruf-magdeburg/polizeiruf-magdeburg-148x84.jpg"/&gt;&lt;/a&gt; Claudia Michelsen ermittelt als weibliche Schimanski-Reinkarnation im ARD "Polizeiruf 110". Den sanften Kollegen gibt Sylvester Groth. Das neue Team hat Potenzial.</description>
      <dc:creator>ZEIT ONLINE : Kultur - Thomas Gehringer</dc:creator>
      <pubDate>Sun, 13 Oct 2013 17:11:58 GMT</pubDate>
    <ExtractedText>"Polizeiruf 110": Lust auf Magdeburg
"Polizeiruf 110": Lust auf Magdeburg
Claudia Michelsen ermittelt als weibliche Schimanski-Reinkarnation im ARD "Polizeiruf 110". Den sanften Kollegen gibt Sylvester Groth. Das neue Team hat Potenzial. von Thomas Gehringer
13. Oktober 2013  18:34 Uhr  11 Kommentare
Die Schauspieler Claudia Michelsen und Sylvester Groth  |  © Jens Kalaene/dpa
Seit Horst Schimanski bei seinem Tatort-Einstand im Juni 1981 in Duisburg ein rohes Ei schlürfte, ist es vielleicht nicht uninteressant, was neue Fernsehermittler als Erstes zu sich nehmen. Bei Doreen Brasch ist es ein Wodka, bei Jochen Drexler sind es grüne Salatblätter. Das sagt schon einiges. Und als sich Kommissarin und Kommissar zum Zeichen der – erzwungenen – Zusammenarbeit die Hand geben, ist die Sorge einseitig verteilt: "Wollen Sie mir die Hand brechen?", fürchtet "Paragrafen-Drexler" den Händedruck der Kollegin. Brasch, die mit dem Motorrad auch mal die Abkürzung über eine Treppe nimmt, war früher beim Spezialeinsatzkommando (SEK) und weiß sich selbst bei den übelsten Grobianen Respekt zu verschaffen.
Eine ungewöhnlich körperbetonte Rolle für Grimme-Preisträgerin Claudia Michelsen ( Der Turm ), die auch diese Herausforderung glaubwürdig meistert.
Anzeige
Ihr Pendant im neuen Magdeburger Polizeiruf ist Sylvester Groth, der als stets korrekter Kommissar Drexler im ersten Fall Der verlorene Sohn noch im Schatten der Kollegin steht. Wirklich warm werden die beiden nicht miteinander, da prallen Welten aufeinander. "Salat macht impotent", behauptet Brasch, die hier bisweilen wie eine weibliche Schimanski-Reinkarnation daherkommt. "Impotenz macht frei", antwortet Drexler, der Befriedigung offenbar allein beim Basteln von Modellflugzeugen findet. Darsteller Groth gibt seiner Figur etwas Undurchsichtiges, Rätselhaftes mit, was eindeutig Lust auf mehr macht.
Ein vielversprechendes Gespann ist das allemal. Die 44-jährige Michelsen und der 55-jährige Groth, beide in der DDR aufgewachsen, sind eine erstklassige Besetzung für den Start in der schön schmuddelig fotografierten Magdeburger Bauruinen-Landschaft. Sie lösen die langjährigen Ermittler in Halle/Saale Schmücke (Jaecki Schwarz) und Schneider (Wolfgang Winkler) ab. Ohnehin ist der ARD-Polizeiruf 110 längst eine Top-Adresse, kleiner, aber feiner als die Tatort-Reihe, bedenkt man, dass in München Matthias Brandt, in Rostock Anneke Kim Sarnau und Charly Hübner sowie in Brandenburg Maria Simon und Horst Krause agieren.
Ermittlungen im rechtsextremen Milieu
Die Neuen in der Hauptstadt von Sachsen-Anhalt werden zum Auftakt mit einem Fall konfrontiert, der ins rechtsextreme Milieu führt. Ein dunkelhäutiger Asylbewerber wird erschossen in einem Fitnessstudio aufgefunden. Etwas sehr offenkundig weisen die Spuren auf den russischstämmigen Inhaber, der den Mann beim Einbruch überrascht haben könnte und in dessen Studio zudem große Mengen Anabolika gefunden werden. Doch an der Leiche des herzkranken Opfers werden Farbspuren gefunden, die auf Treffer mit Gotcha-Waffen hindeuten, was die Ermittler wiederum in die Neonazi-Szene führt.
Ein allzu naheliegendes Thema, das den Osten mal wieder als Brutstätte der Braunen diskreditiert? Eine solche Kritik wäre vorschnell. Der verlorene Sohn erzählt von dem verbreiteten Phänomen, dass rechte Organisationen in die Mitte der Gesellschaft drängen. Den tumben Raufbold mit Glatze gibt es zwar auch, ebenso die Band, die mit Rockmusik und rassistischen Texten unter Jugendlichen fischt. Doch die Szene trägt ein bürgerliches Gesicht zur Schau. Mit Familienfest und Hüpfburg. Mit einem Verein, der sich mit Freizeitangeboten um sozial Schwache kümmert – sofern sie weiß und deutsch sind. Mit einem smarten, redegewandten Politologiestudenten als Anführer und einem in besten Kreisen gut vernetzten Anwalt.
Friedemann Fromm, Regisseur und mit seinem Bruder Christoph Autor des Krimis, verweist darauf, dass ein solches Phänomen auch im Westen, etwa im Ruhrgebiet, zu finden sei. "Der Fall könnte in vielen deutschen Städten spielen, aber eben auch in Magdeburg."
Nicht ungewöhnlich in der deutschen Krimi-Landschaft ist, dass Kommissare persönlich in den jeweiligen Fall verstrickt sind. Brasch, und da enden die Parallelen zum einst einsamen Großstadthelden Schimanski, kämpft mit Muttergefühlen. Sie hat einen 20-jährigen Sohn, der als Schlagzeuger der Band Blitzkrieger den NSU-Terror preist. Andi (stark: Vincent Redetzki) hat seine verhasste Mutter gegenüber seinen Freunden sogar bereits für tot erklärt. Nun stehen sich beide als Polizistin und als Verdächtiger gegenüber, ohne dass Andis "Kameraden" oder Braschs Kollegen vom Mutter-Sohn-Verhältnis wissen. Ein schmerzhaftes, intensives Duell. Und ein Versteckspiel, das dem soliden Krimi die Würze besonders verleiht. Der Polizeiruf 110 aus Magdeburg hat Potenzial. Zwei Folgen pro Jahr sollen es werden.
"Polizeiruf 110: Der verlorene Sohn", ARD, Sonntag, 20.15 Uhr
</ExtractedText>
</item>
</channel>
</rss>
