<?xml version="1.0" encoding="UTF-8" standalone="no"?>
<rss xmlns:atom="http://www.w3.org/2005/Atom" xmlns:dc="http://purl.org/dc/elements/1.1/" version="2.0">
  <channel>
<title>
      ZEIT ONLINE: Mehr Kultur</title>
<description>Aktuelle Kultur-Nachrichten, Informationen und Interviews rund um die Themen Kultur, Feuilleton, Literatur, Kunst, Film und Musik. Dazu Reportagen und Kritiken.</description>
<pubDate>Wed, 16 Oct 2013 06:44:13 GMT</pubDate>
<lastBuildDate>Wed, 16 Oct 2013 09:07:39 +0200</lastBuildDate>
<language>de-de</language>
<link>http://www.zeit.de/kultur/index</link>
<atom:link href="http://newsfeed.zeit.de/kultur/index" rel="self" type="application/rss+xml"/>
<copyright>Copyright (c) 2013, ZEIT ONLINE GmbH</copyright>
<docs>http://www.zeit.de/hilfe/rss</docs>
<generator>mod_xslt LePenguin</generator>
<managingEditor>wolfgang.blau@zeit.de (Wolfgang Blau)</managingEditor>
<webMaster>webmaster@zeit.de (Internettechnik ZEIT ONLINE)</webMaster>
<image>
      <url>http://images.zeit.de/bilder/elemente_01_06/logos/homepage_top.gif</url>
      <title>
      ZEIT ONLINE: Mehr Kultur</title>
      <link>http://www.zeit.de/kultur/index</link>
    </image>
<item>
      <link>http://www.zeit.de/kultur/literatur/2013-10/frankfurter-buchmesse-abschluss</link>
      <guid>http://www.zeit.de/kultur/literatur/2013-10/frankfurter-buchmesse-abschluss</guid>
      <category>Kultur</category>
      <title>Frankfurter Buchmesse: Ein bisschen langweilig war es doch</title>
      <description>&lt;a href="http://www.zeit.de/kultur/literatur/2013-10/frankfurter-buchmesse-abschluss"&gt;&lt;img style="float:left; margin-right:5px" src="http://images.zeit.de/kultur/literatur/2013-10/buchmesse-frankfurt/buchmesse-frankfurt-148x84.jpg"/&gt;&lt;/a&gt; Uwe Wesel schimpft, Helene Hegemann bleibt locker, Martin Walser charmiert und selbst Boris Becker hat eine Schamgrenze. Ein Rückblick auf die 65. Frankfurter Buchmesse</description>
      <dc:creator>ZEIT ONLINE : Kultur - Gerrit Bartels</dc:creator>
      <pubDate>Sun, 13 Oct 2013 16:48:04 GMT</pubDate>
    <ExtractedText>Frankfurter Buchmesse: Ein bisschen langweilig war es doch
Frankfurter Buchmesse: Ein bisschen langweilig war es doch
Uwe Wesel schimpft, Helene Hegemann bleibt locker, Martin Walser charmiert und selbst Boris Becker hat eine Schamgrenze. Ein Rückblick auf die 65. Frankfurter Buchmesse von Gerrit Bartels
13. Oktober 2013  18:45 Uhr  4 Kommentare
Frankfurter Buchmesse 2013  |  © Hannelore Foerster/Getty Images
Es ist Freitag, kurz nach 18 Uhr. Das bedeutet nach einem langen Buchmessentag: vom Messegelände schnell hinüber auf die andere Straßenseite in den Hessischen Hof, zum Empfang des C.H. Beck Verlags. Ein traditioneller Termin mit traditionell mäßigen Häppchen, "immer am gleichen Tag, zur gleichen Uhrzeit, im gleichen Ambiente", wie es Verlagsleiter Wolfgang Beck in seiner gleichfalls traditionellen Ansprache sagt. Dieses Mal aber sei alles ein bisschen anders: "Der Verlag gestattet sich, sich selbst zu thematisieren." Anlass: der 250. Geburtstag des Münchner Verlages, der sich seit seiner Gründung 1763 in Nördlingen in Familienbesitz befindet.
Die zweibändige Geschichte des C.H. Beck Verlags wird vorgestellt, verfasst vom Rechtshistoriker Uwe Wesel, der für die rechtswissenschaftliche Ausgabe zuständig war, und dem Althistoriker Stefan Rebenich, der sich um den kulturwissenschaftlichen Verlag kümmerte. Dass es mehr als nur "ein bisschen anders" zugehen würde, darauf weist womöglich schon die Rede des zehn Jahre älteren Bruders von Wolfgang Beck hin. Der 81 Jahre alte Hans Dieter Beck, der das Verlagsprogramm in den Bereichen Recht, Steuern und Wirtschaft verantwortet, stellt insbesondere Uwe Wesel vor und erwähnt dabei, dass er nicht zuletzt deshalb Jura studiert habe, weil die Professoren in diesem Fachbereich viel besser hätten reden können als die Germanisten.
Anzeige
Tatsächlich ist seine Rede viel besser und unterhaltsamer als die seines Bruders. Vielleicht ist Hans Dieter Becks Auftritt mitsamt der Tatsache, dass zwei Autoren für die Verlagsgeschichte engagiert wurden, ein Hinweis darauf, dass es in puncto Verlagsgeschichte und Jubiläum brüderlichen Zwist gegeben hat.
Ganz offen äußert sich Uwe Wesel. Ihm passt Rebenichs Lesart nicht, dass sich der Verlag damals unter Heinrich Beck mitschuldig an den Verbrechen der Nationalsozialisten gemacht habe. 1933 war der jüdische Verleger Otto Liebmann von den Nazis in Berlin zum Verkauf seines juristischen Verlags gezwungen worden, Heinrich Beck stand als Käufer parat. In Folge wurde der C.H. Beck Verlag zum größten juristischen Fachverlag in Deutschland. Rebenich bezeichnet diesen Kauf als "Arisierung" und Heinrich Beck als "stillen Teilhaber" des NS-Regimes – eine Lesart, die Wesel an diesem Abend seltsam empört zurückweist. Im juristischen Sinn sei Beck bei der Entnazifizierung nicht einmal als "minderbelastet" einzustufen gewesen, so Wesel. Auch Liebmanns Existenz habe er nicht vernichtet, der Preis, den Beck zahlte, sei ein angemessener gewesen. Rebenich hält sich mit scharfen Kontern zurück. Trotzdem ist man irritiert: ausgerechnet hier solche Misstöne!
Kein wirkliches Aufregerthema
So spektakulär ist es sonst nicht zugegangen auf dieser 65. Frankfurter Buchmesse. Man könnte sie als langweilige Ausgabe bezeichnen, so wenig Aufreger gab es. Boris Beckers Auftritt am Donnerstag und ein Satz von ihm wie: "Auch ich habe eine Schamgrenze. Auch ich habe Sensibilität"? Nein. Die Wahl von Terézia Mora als Deutsche Buchpreisgewinnerin? Sehr ordentlich. Das Gastland Brasilien? Das war vor allem mit sich selbst beschäftigt. Das Gastland 2014, Finnland? Nein, auch nicht. Trotz Mumins-Lollis, trotz viel beschworener "Coolness", trotz hundert angestrebter Übersetzungen ins Deutsche fürs kommende Jahr. Und das Buch, dass einen heftigen Bieterkampf unter deutschen Verlagen ausgelöst hat: die Familiengeschichte der ehemaligen Chefin des Berlin Verlags und von Hanser Berlin, Elisabeth Ruge? Na ja, vielleicht. Von 300.000 Euro für die Rechte war gerüchtweise die Rede – für ein Buch, das nicht zwangsläufig ein Bestseller werden muss.
Und die Digitalisierung? Nein, auch sie war kein wirkliches Aufregerthema. Sie wird in der Branche mal grummelig, mal gut gelaunt integriert. Hans Dieter Beck spricht zwar von "diesem Problem mit den Neuen Medien, das uns so bedenklich stimmt". Weist zugleich aber darauf hin, dass man keine Zukunftsangst kenne und der C.H. Beck Verlag floriere. Auch Hans-Peter Übleis, Geschäftsführer von Droemer/Knaur, ist gewohnt optimistisch. Im Frankfurter Hof berichtet er, dass sein Verlag zehn Prozent seiner Umsätze digital mache, in der Belletristik gar schon 13,14 Prozent. Vermutlich werde man in zwei, drei Jahren US-Verhältnisse haben und E-Books mit einem Anteil von 40 Prozent am Gesamtumsatz verkaufen.
Während in den Hallen 4.0 und 4.2 emsig die digitale "Geschäftsmodellentwicklung", die "E-Book-Selbstvermarktung" oder das "Lesen in der Cloud" diskutiert werden, ist die Buchmesse in Halle 3 und 4.1 mit ihren Schriftsteller-Gesprächen und Lesungen eine zutiefst analoge Veranstaltung. Thomas Glavinic wirkt im Vergleich zu seinen nächtlichen Auftritten immer erstaunlich frisch und geordnet. Am 3sat-Stand weiß er: "Wir können unserem Charakter nicht entkommen. Niemand kann ein anderer werden." Und bemerkt rechtzeitig, wohin es ihn trägt: "Bevor ich hier so Paulo-Coelho-mäßig draufkomme – können wir nicht das Thema wechseln?"
Übersicht zu diesem Artikel
</ExtractedText>
</item>
</channel>
</rss>
