<?xml version="1.0" encoding="UTF-8" standalone="no"?>
<rss xmlns:atom="http://www.w3.org/2005/Atom" version="2.0">
<channel>
<title>Wirtschaft - FAZ.NET</title>
<link>http://www.faz.net/aktuell/wirtschaft/</link>
<description>Nachrichten der Wirtschaft über Börse und Finanzen. News von Industrie und Unternehmen. Informationen zur Konjunktur und Wirtschaftskrise.</description>
<copyright>Copyright 2001-2013 Frankfurter Allgemeine Zeitung GmbH. Alle Rechte vorbehalten.</copyright>
<category>Wirtschaft - FAZ.NET</category>
<language>de-de</language>
<docs>http://www.faz.net/hilfe/services-newsletter-widgets-rss-feeds-mehr/</docs>
<generator>FAZ.NET</generator>
<ttl>5</ttl>
<lastBuildDate>Sat, 5 Oct 2013 18:36:19 +0200</lastBuildDate>
<atom:link href="http://www.faz.net/rss/aktuell/wirtschaft/" rel="self" type="application/rss+xml"/>
<image>
        <title>Wirtschaft - FAZ.NET</title>
        <url>http://www.faz.net/img/fazlogo_ressort.gif</url>
        <link>http://www.faz.net/aktuell/wirtschaft/</link>
    </image>
<item>
    <title>Fukushima: Eindrücke aus der Evakuierungszone</title>
    <description>&lt;img width="190" height="107" border="0" title="Vor einem zurückgelassenen Haus in der Evakuierungszone des japanischen Kernkraftwerks Fukushima erinnert ein kleines, selbst gebautes Denkmal an die Opfer des Tsunamis und der Atomkatastrophe vom März 2011." alt="Vor einem zurückgelassenen Haus in der Evakuierungszone des japanischen Kernkraftwerks Fukushima erinnert ein kleines, selbst gebautes Denkmal an die Opfer des Tsunamis und der Atomkatastrophe vom März 2011." src="http://media0.faz.net/polopoly_fs/1.2601994!/image/814577866.jpg_gen/derivatives/article_teaser/814577866.jpg"/&gt;&lt;p&gt;160.000 Menschen mussten nach der Atomkatastrophe das Gebiet rund um Fukushima verlassen. Zweieinhalb Jahre später hat ein Fotograf der Nachrichtenagentur Reuters das menschenleere Gebiet besucht - und nachhaltige Eindrücke gesammelt.&lt;/p&gt;</description>
    <link>http://www.faz.net/aktuell/gesellschaft/evakuierungszone-um-fukushima-natur-erobert-geisterstaedte-zurueck-12602009.html</link>
    <pubDate>Fri, 04 Oct 2013 16:22:00 +0200</pubDate>
    <guid isPermaLink="true">http://www.faz.net/-gum-7i3rt</guid>
<ExtractedText>Gesellschaft
Evakuierungszone um Fukushima Natur erobert Geisterstädte zurück
04.10.2013 ·  160.000 Menschen mussten nach der Atomkatastrophe das Gebiet rund um Fukushima verlassen. Zweieinhalb Jahre später hat ein Fotograf der Nachrichtenagentur Reuters das menschenleere Gebiet besucht - und nachhaltige Eindrücke gesammelt.
  1/12  
© REUTERS
Vor einem zurückgelassenen Haus in der Evakuierungszone des japanischen Kernkraftwerks Fukushima erinnert ein kleines, selbst gebautes Denkmal an die Opfer des Tsunamis und der Atomkatastrophe vom März 2011.
  1/12  
© REUTERS
Vor einem zurückgelassenen Haus in der Evakuierungszone des japanischen Kernkraftwerks Fukushima erinnert ein kleines, selbst gebautes Denkmal an die Opfer des Tsunamis und der Atomkatastrophe vom März 2011.
Weitere Artikel
</ExtractedText>
</item>
</channel>
</rss>
