<?xml version="1.0" encoding="UTF-8" standalone="no"?>
<rss xmlns:atom="http://www.w3.org/2005/Atom" version="2.0">
<channel>
<title>Wirtschaft - FAZ.NET</title>
<link>http://www.faz.net/aktuell/wirtschaft/</link>
<description>Nachrichten der Wirtschaft über Börse und Finanzen. News von Industrie und Unternehmen. Informationen zur Konjunktur und Wirtschaftskrise.</description>
<copyright>Copyright 2001-2013 Frankfurter Allgemeine Zeitung GmbH. Alle Rechte vorbehalten.</copyright>
<category>Wirtschaft - FAZ.NET</category>
<language>de-de</language>
<docs>http://www.faz.net/hilfe/services-newsletter-widgets-rss-feeds-mehr/</docs>
<generator>FAZ.NET</generator>
<ttl>5</ttl>
<lastBuildDate>Sat, 5 Oct 2013 18:36:19 +0200</lastBuildDate>
<atom:link href="http://www.faz.net/rss/aktuell/wirtschaft/" rel="self" type="application/rss+xml"/>
<image>
        <title>Wirtschaft - FAZ.NET</title>
        <url>http://www.faz.net/img/fazlogo_ressort.gif</url>
        <link>http://www.faz.net/aktuell/wirtschaft/</link>
    </image>
<item>
    <title>Wirtschaftswissen: Ein kleiner Kandidaten-Check</title>
    <description>&lt;img width="190" height="107" border="0" title="Combo / Kandidaten" alt="Combo / Kandidaten" src="http://media0.faz.net/polopoly_fs/1.2603424!/image/3751960324.jpg_gen/derivatives/article_teaser/3751960324.jpg"/&gt;&lt;p&gt;Noch sondieren Union und SPD; wir haben schon einmal spekuliert, wer als Minister für die wirtschaftsrelevanten Ressorts infrage käme. Ein kleiner Ökonomie-Check möglicher Kandidaten.&lt;/p&gt;</description>
    <link>http://www.faz.net/aktuell/wirtschaft/wirtschaftspolitik/wirtschaftswissen-ein-kleiner-kandidaten-check-12603360.html</link>
    <pubDate>Fri, 04 Oct 2013 14:23:00 +0200</pubDate>
    <guid isPermaLink="true">http://www.faz.net/-gqg-7i4tc</guid>
<ExtractedText>Wirtschaftspolitik
Wirtschaftswissen Ein kleiner Kandidaten-Check
04.10.2013 ·  Noch sondieren Union und SPD; wir haben schon einmal spekuliert, wer als Minister für die wirtschaftsrelevanten Ressorts infrage käme. Ein kleiner Ökonomie-Check möglicher Kandidaten.
Von Nadine Bös, Tillmann Neuscheler, Benedikt Müller, Henrike Roßbach und Anne-Christin Sievers
  1/18  
© AFP, dap
Ein kleiner Kandidaten-Check
Die FDP ist nicht mehr im Parlament, für Wirtschaftskompetenz auf den relevanten Ministerposten müssen künftig andere sorgen. Wir haben einmal spekuliert, wer für die Ressorts infrage käme - und die Wirtschaftskompetenz der Kandidaten abgeprüft.
  1/18  
© AFP, dap
Ein kleiner Kandidaten-Check
Die FDP ist nicht mehr im Parlament, für Wirtschaftskompetenz auf den relevanten Ministerposten müssen künftig andere sorgen. Wir haben einmal spekuliert, wer für die Ressorts infrage käme - und die Wirtschaftskompetenz der Kandidaten abgeprüft.
Weitere Artikel
</ExtractedText>
</item>
</channel>
</rss>
