<?xml version="1.0" encoding="UTF-8" standalone="no"?>
<rss xmlns:atom="http://www.w3.org/2005/Atom" version="2.0">
<channel>
<title>Wirtschaft - FAZ.NET</title>
<link>http://www.faz.net/aktuell/wirtschaft/</link>
<description>Nachrichten der Wirtschaft über Börse und Finanzen. News von Industrie und Unternehmen. Informationen zur Konjunktur und Wirtschaftskrise.</description>
<copyright>Copyright 2001-2013 Frankfurter Allgemeine Zeitung GmbH. Alle Rechte vorbehalten.</copyright>
<category>Wirtschaft - FAZ.NET</category>
<language>de-de</language>
<docs>http://www.faz.net/hilfe/services-newsletter-widgets-rss-feeds-mehr/</docs>
<generator>FAZ.NET</generator>
<ttl>5</ttl>
<lastBuildDate>Sat, 5 Oct 2013 18:36:19 +0200</lastBuildDate>
<atom:link href="http://www.faz.net/rss/aktuell/wirtschaft/" rel="self" type="application/rss+xml"/>
<image>
        <title>Wirtschaft - FAZ.NET</title>
        <url>http://www.faz.net/img/fazlogo_ressort.gif</url>
        <link>http://www.faz.net/aktuell/wirtschaft/</link>
    </image>
<item>
    <title>Russlands riskante Arktis-Wette</title>
    <description>&lt;img width="190" height="107" border="0" title="Ziel des Protests: Die Erdölplattform Priraslomnaja in der russischen Barentssee" alt="Ziel des Protests: Die Erdölplattform Priraslomnaja in der russischen Barentssee" src="http://media1.faz.net/polopoly_fs/1.2604297!/image/4155887616.jpg_gen/derivatives/article_teaser/4155887616.jpg"/&gt;&lt;p&gt;Eigentlich wollte Greenpeace auf Risiken des Rohstoffabbaus in der Arktis aufmerksam machen, nun sind die Aktivisten wegen Piraterie in arktischen Gewässern angeklagt. Das Ganze wirft ein Schlaglicht auf die riskanten russischen Pläne im Polarmeer.&lt;/p&gt;</description>
    <link>http://www.faz.net/aktuell/wirtschaft/wirtschaftspolitik/oelplattform-in-der-barentsee-russlands-riskante-arktis-wette-12603813.html</link>
    <pubDate>Fri, 04 Oct 2013 18:04:00 +0200</pubDate>
    <guid isPermaLink="true">http://www.faz.net/-gqg-7i55x</guid>
<ExtractedText>Ziel des Protests: Die Erdölplattform Priraslomnaja in der russischen Barentssee
© AP
Ziel des Protests: Die Erdölplattform Priraslomnaja in der russischen Barentssee
Ausgerechnet wegen Piraterie werden nun alle 30 Aktivisten der Umweltschutzorganisation Greenpeace angeklagt, die im September die Erdölplattform Priraslomnaja in der russischen Barentssee belagerten. Sie wollten auf die Risiken durch den Rohstoffabbau in der Arktis aufmerksam machen. Aber vielleicht wird es sich einmal weisen, dass die Aktivisten wirklich hätten versuchen sollen, die Plattform zu entführen – und die Küstenwache sie besser hätte gewähren lassen: Die Erschließung von Erdöl und Erdgas in arktischen Gewässern ist extrem kostspielig und langwierig, der wirtschaftliche Erfolg unsicher und das Risiko für die Umwelt tatsächlich groß. Das riskante Vorhaben könnte auf Russland zurückfallen.
Die Sowjetunion hat 1962 als erste Nation mit der Erschließung arktischer Vorkommen begonnen, allerdings an Land (onshore), wo auch genug zu finden war. Der Ausstoß der etablierten Erdölquellen sinkt inzwischen, gleichzeitig fehlt es den russischen Konzernen an Erfahrung und Technologie, um Projekte vor der Küste (offshore) unter den widrigen Bedingungen der Arktis voranzutreiben. Nicht zufällig ist die Plattform Priraslomnaja, die Ende 2013 nach einigen Verzögerungen die Erdölförderung aufnehmen soll, die einzige ihrer Art. Erdgasvorkommen sind noch gar nicht erschlossen, allerdings stellt sich hier das Problem der fallenden Produktion nicht im selben Maße.
An Land wendet sich Russland verstärkt den schwerer zugänglichen Vorkommen in Zentralsibirien und dem Fernen Osten zu. Doch die arktische See lockt ebenfalls, zumindest auf dem Papier: Nach einer weithin als Referenz betrachteten amerikanischen Studie von 2008 verbergen sich in der Arktis insgesamt 13 Prozent der unerschlossenen globalen Reserven an Erdöl und 30 Prozent an Erdgas, zusammengenommen 412 Milliarden Fass Erdöläquivalente. Mehr als vier Fünftel davon liegen offshore, davon der allergrößte Teil auf den Festlandsockeln (Schelf) der acht angrenzenden Länder, weshalb es bei der Diskussion um nationale Hoheiten in der Arktis nicht primär um Verteilungskämpfe geht. Rund 52Prozent der geschätzten Vorkommen entfallen auf Russland, wo sie wiederum fast ausschließlich in den westlichen arktischen Gewässern der Barentssee und der Karasee erwartet werden. Der größte Teil davon ist Erdgas (das meiste Erdöl dürfte vor Alaska zu finden sein).
© AFP
Auf Konfrontationskurs: Die Umweltschützer fahren los.
Im Februar hat Präsident Putin eine Entwicklungsstrategie für die russische Arktis bis zum Jahr 2020 erlassen. Dann soll die Erdölplattform Priraslomnaja ihre höchste Fördermenge erreicht haben und der Betreiberin Gasprom Neft, einer Tochter des staatlich kontrollierten Erdgasriesen Gasprom, nach Investitionen von 6 Milliarden Dollar rund 120000 Fass Erdöl pro Tag einbringen. Viele andere Arktis-Projekte werden 2020 bestenfalls erst die Förderung aufnehmen, zu groß sind die Hürden bei Erforschung und Erschließung. Gasprom und der ebenfalls vom Kreml kontrollierte Erdölkonzern Rosneft besitzen das Exklusivrecht für Offshore-Aktivitäten in der russischen Arktis. Nur sie dürfen dort fördern; die Lizenzen für einzelne Felder teilt ihnen die Regierung zu, statt sie zu versteigern. Ausländische Multis können als Juniorpartner mitmachen und den Technologierückstand überwinden helfen.
Hier ist Rosneft weiter als Gasprom. Der Erdölriese kooperiert mit Exxon Mobil, Eni und Statoil, um die Erschließung eines Teils seiner 44 Lizenzfelder voranzutreiben. Die erste Bohrung in der Karasee soll 2014 stattfinden. Die See ist bis zu 350 Meter tief, die Eisdecke bis zu 300 Tage im Jahr geschlossen und bis zu 1,6 Meter dick. Die Temperatur fällt im Winter unter -40 Grad. Rosneft veranschlagt den Materialbedarf für sein Arktis-Vorhaben auf insgesamt mindestens 400 Hilfsschiffe, 1600 Bohrlöcher und 106 Bohrplattformen. Wie von dem Konzern jüngst verlautete, müssten für jeden Transport zwei Eisbrecher bereitgestellt sowie ein weiterer Eisbrecher und ein Reparaturschiff in Reserve gehalten werden.
Weitere Artikel
</ExtractedText>
</item>
</channel>
</rss>
