<?xml version="1.0" encoding="UTF-8" standalone="no"?>
<rss xmlns:atom="http://www.w3.org/2005/Atom" version="2.0">
<channel>
<title>Finanzen - FAZ.NET</title>
<link>http://www.faz.net/aktuell/finanzen/</link>
<description>Finanzen, Börse, Aktien:  Aktuelle Nachrichten über Märkte und deren Entwicklung. News über Fonds, Anleihen und Zinsen aus der Finanzwelt.</description>
<copyright>Copyright 2001-2013 Frankfurter Allgemeine Zeitung GmbH. Alle Rechte vorbehalten.</copyright>
<category>Finanzen - FAZ.NET</category>
<language>de-de</language>
<docs>http://www.faz.net/hilfe/services-newsletter-widgets-rss-feeds-mehr/</docs>
<generator>FAZ.NET</generator>
<ttl>5</ttl>
<lastBuildDate>Wed, 16 Oct 2013 08:52:05 +0200</lastBuildDate>
<atom:link href="http://www.faz.net/rss/aktuell/finanzen/" rel="self" type="application/rss+xml"/>
<image>
        <title>Finanzen - FAZ.NET</title>
        <url>http://www.faz.net/img/fazlogo_ressort.gif</url>
        <link>http://www.faz.net/aktuell/finanzen/</link>
    </image>
<item>
    <title>Wenig Besserung bei Yahoo</title>
    <description>&lt;img width="190" height="107" border="0" title="Kann auch nicht hexen: Yahoo-Chefin Marissa Mayer" alt="Kann auch nicht hexen: Yahoo-Chefin Marissa Mayer" src="http://media1.faz.net/polopoly_fs/1.2620001!/image/4254945983.jpg_gen/derivatives/article_teaser/4254945983.jpg"/&gt;&lt;p&gt;Umsatz und Gewinn des Internetpioniers Yahoo sinken weiter. Anleger hoffen dagegen aber, dass die Beteiligung an Alibaba eine märchenhafte Zukunft verspricht.&lt;/p&gt;</description>
    <link>http://www.faz.net/aktuell/finanzen/fruehaufsteher/geschaeftszahlen-wenig-besserung-bei-yahoo-12619970.html</link>
    <pubDate>Wed, 16 Oct 2013 07:28:00 +0200</pubDate>
    <guid isPermaLink="true">http://www.faz.net/-gw7-7ihmq</guid>
<ExtractedText>Frühaufsteher
Geschäftszahlen Wenig Besserung bei Yahoo
16.10.2013 ·  Umsatz und Gewinn des Internetpioniers Yahoo sinken weiter. Anleger hoffen dagegen aber, dass die Beteiligung an Alibaba eine märchenhafte Zukunft verspricht.
© AFP
Kann auch nicht hexen: Yahoo-Chefin Marissa Mayer
Der gegen die wachsende Konkurrenz von Rivalen wie Google und Facebook kämpfende Internetpionier Yahoo leidet weiter unter einem schwächelnden Anzeigengeschäft. Sowohl Netto-Umsatz als auch Gewinn gingen im dritten Quartal im Vergleich zum Vorjahr zurück, wie der Konzern nach Börsenschluss am Dienstag mitteilte.
Hoffen auf Alibaba
Der Aktienkurs legte dennoch um ein Prozent zu. Analysten verwiesen auf Yahoos lukrative Beteiligung am chinesischen Onlinehändler Alibaba, an dem die Amerikaner 24 Prozent halten. Besonders gut kam dabei Yahoos Ankündigung an, sich mit den Chinesen darauf verständigt zu haben, weniger Alibaba-Aktien zu verkaufen als ursprünglich vereinbart gewesen sei, sobald das Unternehmen an die Börse gehe. „Der Gedanke ist, dass man nicht zum IPO-Preis verkaufen muss“, sagte Ben Schachter von Macquarie Research.
Dadurch rückte etwas in den Hintergrund, dass der Netto-Umsatz im dritten Quartal auf 1,081 Milliarden Dollar nach 1,089 Milliarden Dollar vor einem Jahr zurückging und der Gewinn auf 297 Millionen Dollar nach 3,16 Milliarden Dollar im Vergleichszeitraum einbrach.
Allerdings beinhaltete das Ergebnis damals einen einmaligen Gewinn von 2,8 Milliarden Dollar aus dem Verkauf eines Alibaba-Anteils. Ohne Sonderposten verdiente Yahoo 34 Cent je Aktie, ein Cent mehr als von Analysten im Schnitt erwartet.
Quelle: Meldung 2
</ExtractedText>
</item>
</channel>
</rss>
