<?xml version="1.0" encoding="UTF-8" standalone="no"?>
<rss xmlns:atom="http://www.w3.org/2005/Atom" xmlns:dc="http://purl.org/dc/elements/1.1/" version="2.0">
  <channel>
<title>
      ZEIT ONLINE: Wirtschaft</title>
<description>Aktuelle Nachrichten, Kommentare, Analysen und Hintergründe zu den Themen Wirtschaftspolitik, Finanzen, Unternehmen, Branchen, Börsen und Märkten</description>
<pubDate>Wed, 16 Oct 2013 06:09:34 GMT</pubDate>
<lastBuildDate>Wed, 16 Oct 2013 09:07:42 +0200</lastBuildDate>
<language>de-de</language>
<link>http://www.zeit.de/wirtschaft/index</link>
<atom:link href="http://newsfeed.zeit.de/wirtschaft/index" rel="self" type="application/rss+xml"/>
<copyright>Copyright (c) 2013, ZEIT ONLINE GmbH</copyright>
<docs>http://www.zeit.de/hilfe/rss</docs>
<generator>mod_xslt LePenguin</generator>
<managingEditor>wolfgang.blau@zeit.de (Wolfgang Blau)</managingEditor>
<webMaster>webmaster@zeit.de (Internettechnik ZEIT ONLINE)</webMaster>
<image>
      <url>http://images.zeit.de/bilder/elemente_01_06/logos/homepage_top.gif</url>
      <title>
      ZEIT ONLINE: Wirtschaft</title>
      <link>http://www.zeit.de/wirtschaft/index</link>
    </image>
<item>
      <link>http://www.zeit.de/wirtschaft/2013-10/haribo-chef-hans-riegel-tot</link>
      <guid>http://www.zeit.de/wirtschaft/2013-10/haribo-chef-hans-riegel-tot</guid>
      <category>Wirtschaft</category>
      <title>Süßwaren-Konzern: Haribo-Chef Hans Riegel ist tot</title>
      <description>&lt;a href="http://www.zeit.de/wirtschaft/2013-10/haribo-chef-hans-riegel-tot"&gt;&lt;img style="float:left; margin-right:5px" src="http://images.zeit.de/wirtschaft/2013-10/hans-riegel/hans-riegel-148x84.jpg"/&gt;&lt;/a&gt; Hans Riegel machte Haribo zu einer Weltmarke, er förderte Sozialprojekte und den Sport. Jetzt ist der vielfach geehrte Unternehmenschef im Alter von 90 Jahren gestorben.</description>
      <dc:creator>ZEIT ONLINE : Wirtschaft</dc:creator>
      <pubDate>Tue, 15 Oct 2013 12:45:05 GMT</pubDate>
    <ExtractedText>Süßwaren-Konzern: Haribo-Chef Hans Riegel ist tot
Süßwaren-Konzern: Haribo-Chef Hans Riegel ist tot
Hans Riegel machte Haribo zu einer Weltmarke, er förderte Sozialprojekte und den Sport. Jetzt ist der vielfach geehrte Unternehmenschef im Alter von 90 Jahren gestorben.
15. Oktober 2013  16:28 Uhr  22 Kommentare
Hans Riegel  |  © Rolf Vennenbernd/dpa
Der Chef des Bonner Süßwarenunternehmens Haribo, Hans Riegel, ist im Alter von 90 Jahren gestorben. Das teilte ein Sprecher des Unternehmens mit. Riegel sei, nachdem ihm ein gutartiger Hirntumor entfernt worden war, einem Herzversagen erlegen.
Der 1923 geborene Riegel (ein Porträt von 2011 hier ) hatte 1946 zusammen mit seinem Bruder Paul den damaligen Kleinbetrieb von seinem Vater übernommen und zu einer Weltmarke gemacht.
Anzeige
Riegel war unter anderem verantwortlich für das Marketing des Konzerns. Seit 1991 warb der Entertainer Thomas Gottschalk für das Unternehmen. 
Nach dem Tod seines Bruders im Jahr 2009 führte Hans Riegel das Unternehmen nicht mehr allein. Gemeinsam mit seinen Neffen Hans Arndt Riegel und Hans Guido Riegel leitete er Haribo in eine neue Eigentümer- und Holdingstruktur über.
Hans Riegel erhielt mehrere Auszeichnungen, darunter das Große Goldene Ehrenzeichen der Republik Österreich. Für sein soziales Engagement und Verdienste um die Sportförderung wurde ihm 1994 das Bundesverdienstkreuz verliehen.
Haribo produziert heute an 15 Standorten in Europa und beschäftigt rund 6.000 Mitarbeiter. Das Unternehmen ist in Deutschland und Europa Marktführer bei Lakritzen und Fruchtgummis. Der Umsatz wird auf zwei Milliarden Euro geschätzt. Konkrete Zahlen veröffentlicht Haribo nicht.
 
</ExtractedText>
</item>
</channel>
</rss>
