<?xml version="1.0" encoding="UTF-8" standalone="no"?>
<rss xmlns:atom="http://www.w3.org/2005/Atom" xmlns:dc="http://purl.org/dc/elements/1.1/" version="2.0">
  <channel>
<title>
      ZEIT ONLINE: Wirtschaft</title>
<description>Aktuelle Nachrichten, Kommentare, Analysen und Hintergründe zu den Themen Wirtschaftspolitik, Finanzen, Unternehmen, Branchen, Börsen und Märkten</description>
<pubDate>Wed, 16 Oct 2013 06:09:34 GMT</pubDate>
<lastBuildDate>Wed, 16 Oct 2013 09:07:42 +0200</lastBuildDate>
<language>de-de</language>
<link>http://www.zeit.de/wirtschaft/index</link>
<atom:link href="http://newsfeed.zeit.de/wirtschaft/index" rel="self" type="application/rss+xml"/>
<copyright>Copyright (c) 2013, ZEIT ONLINE GmbH</copyright>
<docs>http://www.zeit.de/hilfe/rss</docs>
<generator>mod_xslt LePenguin</generator>
<managingEditor>wolfgang.blau@zeit.de (Wolfgang Blau)</managingEditor>
<webMaster>webmaster@zeit.de (Internettechnik ZEIT ONLINE)</webMaster>
<image>
      <url>http://images.zeit.de/bilder/elemente_01_06/logos/homepage_top.gif</url>
      <title>
      ZEIT ONLINE: Wirtschaft</title>
      <link>http://www.zeit.de/wirtschaft/index</link>
    </image>
<item>
      <link>http://www.zeit.de/wirtschaft/2013-10/eurokrise-rechtspopulismus</link>
      <guid>http://www.zeit.de/wirtschaft/2013-10/eurokrise-rechtspopulismus</guid>
      <category>Wirtschaft</category>
      <title>Von Front National bis FPÖ: Im Zweifel für Europa</title>
      <description>&lt;a href="http://www.zeit.de/wirtschaft/2013-10/eurokrise-rechtspopulismus"&gt;&lt;img style="float:left; margin-right:5px" src="http://images.zeit.de/politik/2013-10/marine-le-pen/marine-le-pen-148x84.jpg"/&gt;&lt;/a&gt; Die euroskeptischen Parteien bringen berechtigte Zweifel an der Währungsunion vor. Nur: Europa lässt sich nicht wieder in die Zeit vor der Globalisierung zurückversetzen.</description>
      <dc:creator>ZEIT ONLINE : Wirtschaft - Frank Leber</dc:creator>
      <pubDate>Tue, 15 Oct 2013 08:13:43 GMT</pubDate>
    <ExtractedText>Von Front National bis FPÖ: Im Zweifel für Europa
Von Front National bis FPÖ: Im Zweifel für Europa
Die euroskeptischen Parteien bringen berechtigte Zweifel an der Währungsunion vor. Nur: Europa lässt sich nicht wieder in die Zeit vor der Globalisierung zurückversetzen. von Frank Leber
15. Oktober 2013  10:12 Uhr  45 Kommentare
Nicht nur sie hat Erfolg in Europa – Marine Le Pen  |  © Yoan Valat/EPA/dpa
Ein Kandidat der Front National hat bei einer kantonalen Nachwahl in Südfrankreich gewonnen – das wäre eigentlich keine Nachricht, für die man sich sonstwo in Europa interessiert. Aber nicht nur in Frankreich wird das 53-Prozent-Ergebnis aus der Kleinstadt Brignoles als Menetekel betrachtet. Im Mai 2014 ist Europawahl, und man muss kein Prophet sein, um vorherzusehen, dass es dann einen großen Gewinner geben wird: den Rechtspopulismus. Dafür sprechen der Erfolg der FPÖ in Österreich, der Aufstieg der britischen Anti-EU-Partei Ukip und ein bisschen auch die Hoffnungen, die die knapp vor dem Bundestag gescheiterte "Alternative für Deutschland" ausgerechnet mit diesem Urnengang verbindet.
So ist die Euro-Krise auch zum Wiederauffrischungsprogramm geworden für Kräfte, die man sonst eher in der politischen Vergangenheit vermutet. Der moderne Rechtspopulismus ist flexibler geworden, vielerorts hat er eine gewisse kulturelle Tumbheit überwunden und er bedient sich moderner Medien und Methoden. Dass die Front National unter der gemäßigter auftretenden Le-Pen-Tochter Marine mehr Erfolg hat als unter ihrem rustikal-reaktionären Vater Jean-Marie, ist so gesehen keine Überraschung.
Anzeige
Vor allem aber bietet die Kritik an den Konstruktionsfehlern von Euro und EU inzwischen ein Vehikel, das dem Populismus einen Zugang zur gesellschaftlichen Mitte verschafft. Auch in der deutschen Politik hatte man lange nicht wahrhaben wollen, dass "Europa" den Makel eines Elitenprojekts trägt. Lange war das auch egal, weil alle irgendwie profitierten – sei es durch den Wegfall von Grenzkontrollen oder weil Brüssel irgendwelche Subventionen bot.
Doch eine automatische Zugewinngemeinschaft ist die EU schon länger nicht mehr. Populisten haben dafür ein besonders feines Gespür, denn sie leben davon, dass die Welt in Freund und Feind einteilbar ist. Wer vor allem mit Unzufriedenheit Politik macht, der braucht klar erkennbare Gegner. Die diffuse Angst vor der Globalisierung in den 90er Jahren gab ein solches Feindbild nicht her. Mit der Banken- und Schuldenkrise hat sich das geändert – jetzt gibt es Gewinner und Verlierer.
Was den Populismus andererseits so gefährlich macht, ist seine weitgehende Abwesenheit von Pragmatismus und Selbstkritik. Es mag ja sein, dass der Euro eine historische Fehlgeburt ist. Doch die EU ist nun mal so entstanden, wie sie ist. Wer politisch klug agiert, der arbeitet mit dieser Entstehungsgeschichte, nicht gegen sie. Am Ende drücken populistische Parteien zum Teil berechtigte Zweifel aus – dass sich Europa aber wieder in die Zeit vor der Globalisierung zurückversetzen lässt, sollte niemand glauben.
</ExtractedText>
</item>
</channel>
</rss>
