<?xml version="1.0" encoding="UTF-8" standalone="no"?>
<rss xmlns:atom="http://www.w3.org/2005/Atom" xmlns:dc="http://purl.org/dc/elements/1.1/" version="2.0">
  <channel>
<title>
      ZEIT ONLINE: Wirtschaft</title>
<description>Aktuelle Nachrichten, Kommentare, Analysen und Hintergründe zu den Themen Wirtschaftspolitik, Finanzen, Unternehmen, Branchen, Börsen und Märkten</description>
<pubDate>Wed, 16 Oct 2013 06:09:34 GMT</pubDate>
<lastBuildDate>Wed, 16 Oct 2013 09:07:42 +0200</lastBuildDate>
<language>de-de</language>
<link>http://www.zeit.de/wirtschaft/index</link>
<atom:link href="http://newsfeed.zeit.de/wirtschaft/index" rel="self" type="application/rss+xml"/>
<copyright>Copyright (c) 2013, ZEIT ONLINE GmbH</copyright>
<docs>http://www.zeit.de/hilfe/rss</docs>
<generator>mod_xslt LePenguin</generator>
<managingEditor>wolfgang.blau@zeit.de (Wolfgang Blau)</managingEditor>
<webMaster>webmaster@zeit.de (Internettechnik ZEIT ONLINE)</webMaster>
<image>
      <url>http://images.zeit.de/bilder/elemente_01_06/logos/homepage_top.gif</url>
      <title>
      ZEIT ONLINE: Wirtschaft</title>
      <link>http://www.zeit.de/wirtschaft/index</link>
    </image>
<item>
      <link>http://www.zeit.de/wirtschaft/2013-10/bankenaufsicht-zentralbank-einigung</link>
      <guid>http://www.zeit.de/wirtschaft/2013-10/bankenaufsicht-zentralbank-einigung</guid>
      <category>Wirtschaft</category>
      <title>Bankenunion: EU einigt sich auf Bankenaufsicht</title>
      <description>&lt;a href="http://www.zeit.de/wirtschaft/2013-10/bankenaufsicht-zentralbank-einigung"&gt;&lt;img style="float:left; margin-right:5px" src="http://images.zeit.de/wirtschaft/2013-06/banken-eu/banken-eu-148x84.jpg"/&gt;&lt;/a&gt; Die Europäische Zentralbank wird zukünftig die 130 größten Geldinstitute der EU zentral beaufsichtigen. Es ist der erste wichtige Schritt auf dem Weg zur Bankenunion.</description>
      <dc:creator>ZEIT ONLINE : Wirtschaft</dc:creator>
      <pubDate>Tue, 15 Oct 2013 13:42:54 GMT</pubDate>
    <ExtractedText>Bankenunion: EU einigt sich auf Bankenaufsicht
Bankenunion: EU einigt sich auf Bankenaufsicht
Die Europäische Zentralbank wird zukünftig die 130 größten Geldinstitute der EU zentral beaufsichtigen. Es ist der erste wichtige Schritt auf dem Weg zur Bankenunion.
15. Oktober 2013  14:51 Uhr  18 Kommentare
Die Zentrale der verstaatlichten Bankia in Madrid   |  © Susana Vera/Reuters
Die EU-Finanzminister haben sich auf ihrem Treffen in Luxemburg auf die rechtlichen Eckdaten für den Aufbau einer zentralen Bankenaufsicht in der EU geeinigt. Die bei der Europäischen Zentralbank (EZB) angesiedelte Einheit soll mit mehreren Hundert Mitarbeitern die rund 130 größten Banken der Euro-Zone direkt überwachen. Sie ist ein wichtiger Baustein der europäischen Bankenunion. Der Arbeitsbeginn ist für November 2014 geplant. 
Mit dem Aufbau der Bankenunion zieht die EU die Lehren aus der Finanzkrise. Künftig soll es nicht mehr möglich sein, dass eine Bank riskante Kredite hält und Finanzinstitute auch in anderen Ländern oder gar Staaten in wirtschaftliche Schwierigkeiten bringt.  
Anzeige
"Die EZB hat jetzt die Rechtsgrundlage, um bei den Arbeiten für den Aufbau der Bankenaufsicht bei der EZB zügig voranzugehen", sagte Bundesfinanzminister Wolfgang Schäuble (CDU) nach der Einigung. "Die EZB arbeitet ja mit Hochdruck daran, das ist ein wichtiger Schritt auf dem Weg zur Bankenunion." Nun müssten auch die weiteren rechtlichen Regelungen für den Aufbau der weiteren Teile der Bankenunion "so rasch wie möglich" entschieden werden. 
Ähnlich äußerte sich EZB-Direktoriumsmitglied Jörg Asmussen. Die Zentralbank werde nun anfangen "mit den praktischen Dingen: Aufseher einzustellen, ein Gebäude zu mieten, den kommenden Stresstest konkret anzugehen", kündigte Asmussen an. In den kommenden Wochen will die EZB tausend Mitarbeiter einstellen, darunter 700 Bankenaufseher.
Bevor die EZB ihre Arbeit als Aufsicht aufnimmt, will sie Europas Banken genau prüfen. Dieser Stresstest soll zeigen, ob sie ausreichend kapitalisiert sind. Als nächste Schritte müssen sich die EU-Staaten darauf einigen, wer nötige Finanzspritzen gibt. Ebenfalls ungeklärt ist auch, wie zukünftig eine mögliche Bankenabwicklung aussehen könnte und wie dafür nötige Abwicklungsfonds finanziert werden.    
 
</ExtractedText>
</item>
</channel>
</rss>
