<?xml version="1.0" encoding="UTF-8" standalone="no"?>
<rss xmlns:atom="http://www.w3.org/2005/Atom" xmlns:dc="http://purl.org/dc/elements/1.1/" version="2.0">
  <channel>
<title>
      ZEIT ONLINE: Wirtschaft</title>
<description>Aktuelle Nachrichten, Kommentare, Analysen und Hintergründe zu den Themen Wirtschaftspolitik, Finanzen, Unternehmen, Branchen, Börsen und Märkten</description>
<pubDate>Wed, 16 Oct 2013 06:09:34 GMT</pubDate>
<lastBuildDate>Wed, 16 Oct 2013 09:07:42 +0200</lastBuildDate>
<language>de-de</language>
<link>http://www.zeit.de/wirtschaft/index</link>
<atom:link href="http://newsfeed.zeit.de/wirtschaft/index" rel="self" type="application/rss+xml"/>
<copyright>Copyright (c) 2013, ZEIT ONLINE GmbH</copyright>
<docs>http://www.zeit.de/hilfe/rss</docs>
<generator>mod_xslt LePenguin</generator>
<managingEditor>wolfgang.blau@zeit.de (Wolfgang Blau)</managingEditor>
<webMaster>webmaster@zeit.de (Internettechnik ZEIT ONLINE)</webMaster>
<image>
      <url>http://images.zeit.de/bilder/elemente_01_06/logos/homepage_top.gif</url>
      <title>
      ZEIT ONLINE: Wirtschaft</title>
      <link>http://www.zeit.de/wirtschaft/index</link>
    </image>
<item>
      <link>http://www.zeit.de/politik/deutschland/2013-10/agenda-2010-mindestlohn-sondierung-union-spd</link>
      <guid>http://www.zeit.de/politik/deutschland/2013-10/agenda-2010-mindestlohn-sondierung-union-spd</guid>
      <category>Wirtschaft</category>
      <title>Mindestlohn: Vollendet die Agenda 2010!</title>
      <description>&lt;a href="http://www.zeit.de/politik/deutschland/2013-10/agenda-2010-mindestlohn-sondierung-union-spd"&gt;&lt;img style="float:left; margin-right:5px" src="http://images.zeit.de/politik/deutschland/2013-10/mindestlohn-4/mindestlohn-4-148x84.jpg"/&gt;&lt;/a&gt; Endlich gibt es die Chance, den Geburtsfehler der Agenda-Reformen zu heilen: Wie sich die Politik jetzt auf einen Mindestlohn einigen könnte.</description>
      <dc:creator>ZEIT ONLINE : Wirtschaft - Bert Rürup</dc:creator>
      <pubDate>Tue, 15 Oct 2013 16:36:23 GMT</pubDate>
    <ExtractedText>Mindestlohn: Vollendet die Agenda 2010!
Mindestlohn: Vollendet die Agenda 2010!
Endlich gibt es die Chance, den Geburtsfehler der Agenda-Reformen zu heilen: Wie sich die Politik jetzt auf einen Mindestlohn einigen könnte. Ein Gastbeitrag von Bert Rürup
15. Oktober 2013  18:35 Uhr  100 Kommentare
Ein Gebäudereiniger am Landtag in Hannover  |  © Peter Steffen/dpa
Der Ausgang der Bundestagswahl hat der deutschen Politik eine historische Chance beschert. Acht Jahre nach dem großen Umbruch am Arbeitsmarkt gibt es womöglich eine politische Mehrheit, um den Geburtsfehler der Agenda-Reformen zu beseitigen: das Fehlen eines gesetzlichen Mindestlohns . Diese Schwachstelle hat den großen Erfolg der Agenda 2010 in den vergangenen acht Jahren nicht nur öffentlich diskreditiert. Sie hat auch dazu geführt, dass das Herzstück der Arbeitsreformen – das Arbeitslosengeld II – schlechter funktioniert, als es tatsächlich sein müsste.
Das Arbeitslosengeld II ist  – anders als oft in der Öffentlichkeit dargestellt – ein Kombilohnmodell. Deshalb ist es nicht ganz richtig, wenn Arbeitnehmer, deren Lohn nicht zum Leben reicht,  in Deutschland "Aufstocker" genannt werden. In Wahrheit zahlt der Staat nicht Zuschüsse zum Einkommen, sondern auf den Lohn der Arbeitnehmer. Streng genommen ist der Zuschuss sogar ein Verzicht: Der Staat rechnet die am Arbeitsmarkt erzielten Gehälter nicht in voller Höhe auf das Arbeitslosengeld an.
Anzeige
Die Industrieländerorganisation OECD weist schon länger darauf hin, dass ein Kombilohnmodell ohne Mindestlohn eine entscheidende Schwäche hat. Die Arbeitgeber haben dann immer einen Anreiz, über niedrigere Löhne einen Teil der finanziellen Unterstützung anzueignen, der eigentlich für die Arbeitnehmer gedacht ist. Ein moderater gesetzlicher Mindestlohn, argumentieren die OECD-Experten, würde das verhindern. Damit haben sie völlig recht.
Für das deutsche Arbeitslosengeld II ist eine solche Flankierung noch aus einem anderen Grund wichtig. Wer ALG II bezieht und mehr als 100 Euro im Monat hinzuverdient, bekommt davon immerhin beachtliche 80 Prozent auf die Sozialtransfers angerechnet. Ein ALG-II-Empfänger hat deshalb geringe Anreize, nach höheren Löhnen zu fragen oder sich nach einer besser bezahlten Stelle umzusehen. Ein Mindestlohn würde diesen Effekt verringern.
Bert Rürup
© dpa
war einer der wichtigsten deutschen Regierungsberater des vergangenen Jahrzehnts. Mit Hilfe seiner Ideen hat vor allem die rot-grüne Regierung den Sozialstaat umgebaut. Anfang 2009 trat Rürup als Chef des Sachverständigenrates zurück, um beim Finanzdienstleister AWD anzuheuern. Zwischenzeitlich war er Chef der Maschmeyer-Rürup AG, einer Beraterfirma für Regierungen weltweit. Heute leitet er das Handelsblatt Research Institute.
Gegner von Mindestlöhnen argumentieren, dass dadurch Jobs vernichtet würden. Die wissenschaftliche Literatur liefert aber keine klare Antwort auf die Frage, wie sich die Beschäftigung nach der Einführung eines Mindestlohnes entwickelt. Die Politik sollte sich deshalb an einem ehernen Gesetz der Ökonomie orientieren: Jeder Beschäftigte muss durch seine Produktivität die Kosten seines Arbeitsplatzes erwirtschaften. Anderenfalls wird er entlassen oder gar nicht erst eingestellt. Es kommt deshalb entscheidend auf die Höhe des Mindestlohns an.
Das zentrale Ziel der Politik muss daher lauten, die Einkommen von möglichst vielen Arbeitnehmern zu verbessern – ohne ihre Arbeitsplätze zu gefährden. Ein hoher Mindestlohn mag zwar die Lohnschere kleiner werden lassen. Doch wenn am Ende mehr Menschen ohne Arbeit sind, steigt die Ungleichheit der Einkommen an.
Die anstehenden Verhandlungen zwischen SPD und CDU bieten die Chance auf einen guten Kompromiss. Die SPD will einen für Gesamtdeutschland geltenden Mindestlohn von 8,50 Euro die Stunde, der nach den Empfehlungen einer Expertenkommission regelmäßig angepasst werden soll. Die Unionsparteien setzen eher auf branchenspezifische Mindestlöhne, die von den Tarifvertragsparteien für die jeweiligen Branchen und Regionen festgesetzt werden sollen.
Übersicht zu diesem Artikel
</ExtractedText>
</item>
</channel>
</rss>
