<?xml version="1.0" encoding="UTF-8" standalone="no"?>
<rss xmlns:atom="http://www.w3.org/2005/Atom" xmlns:dc="http://purl.org/dc/elements/1.1/" version="2.0">
  <channel>
<title>
      ZEIT ONLINE: Wirtschaft</title>
<description>Aktuelle Nachrichten, Kommentare, Analysen und Hintergründe zu den Themen Wirtschaftspolitik, Finanzen, Unternehmen, Branchen, Börsen und Märkten</description>
<pubDate>Wed, 16 Oct 2013 06:09:34 GMT</pubDate>
<lastBuildDate>Wed, 16 Oct 2013 09:07:42 +0200</lastBuildDate>
<language>de-de</language>
<link>http://www.zeit.de/wirtschaft/index</link>
<atom:link href="http://newsfeed.zeit.de/wirtschaft/index" rel="self" type="application/rss+xml"/>
<copyright>Copyright (c) 2013, ZEIT ONLINE GmbH</copyright>
<docs>http://www.zeit.de/hilfe/rss</docs>
<generator>mod_xslt LePenguin</generator>
<managingEditor>wolfgang.blau@zeit.de (Wolfgang Blau)</managingEditor>
<webMaster>webmaster@zeit.de (Internettechnik ZEIT ONLINE)</webMaster>
<image>
      <url>http://images.zeit.de/bilder/elemente_01_06/logos/homepage_top.gif</url>
      <title>
      ZEIT ONLINE: Wirtschaft</title>
      <link>http://www.zeit.de/wirtschaft/index</link>
    </image>
<item>
      <link>http://www.zeit.de/wirtschaft/2013-10/parteispende-transparency</link>
      <guid>http://www.zeit.de/wirtschaft/2013-10/parteispende-transparency</guid>
      <category>Wirtschaft</category>
      <title>Parteispenden: "Gauck sollte eingreifen"</title>
      <description>&lt;a href="http://www.zeit.de/wirtschaft/2013-10/parteispende-transparency"&gt;&lt;img style="float:left; margin-right:5px" src="http://images.zeit.de/wirtschaft/2013-10/merkel-reithofer/merkel-reithofer-148x84.jpg"/&gt;&lt;/a&gt; Die Spende der Familie Quandt an die CDU muss Folgen haben, sagt die Deutschland-Chefin von Transparency, Edda Müller. Der Präsident sollte die Politik disziplinieren. </description>
      <dc:creator>ZEIT ONLINE : Wirtschaft - Matthias Breitinger</dc:creator>
      <pubDate>Tue, 15 Oct 2013 16:47:47 GMT</pubDate>
    <ExtractedText>Parteispenden: "Gauck sollte eingreifen"
Parteispenden: "Gauck sollte eingreifen"
Die Spende der Familie Quandt an die CDU muss Folgen haben, sagt die Deutschland-Chefin von Transparency, Edda Müller. Der Präsident sollte die Politik disziplinieren. von  Matthias Breitinger
15. Oktober 2013  18:02 Uhr  84 Kommentare
Angela Merkel mit BMW-Chef Norbert Reithofer auf der IAA 2011 (Archivbild)  |  © Frank Rumpenhorst/dpa
ZEIT ONLINE: Die CDU hat vergangene Woche eine Spende in Höhe von 690.000 Euro von der Familie Quandt bekommen, der fast die Hälfte des BMW-Konzerns gehört. Frau Müller, für wie problematisch halten Sie die Spende?
Edda Müller: Natürlich fragt man sich, wie das zu deuten ist. Die Quandts und die CDU haben sich zwar an die Offenlegungspflicht gehalten, die Öffentlichkeit weiß also Bescheid. Dennoch steht die Frage im Raum, ob die Quandts die Spende als Dankeschön an die Kanzlerin verstehen. Angela Merkel versucht schließlich schon länger, eine Verschärfung der CO2-Grenzwerte für Autos auf der EU-Ebene zu verschieben.
Anzeige
ZEIT ONLINE: Tatsächlich überrascht der Zeitpunkt: Erst gestern haben die EU-Umweltminister beschlossen, einen bereits beschlossenen Kompromiss nachzuverhandeln. Die Autoindustrie gewinnt dadurch Zeit. Sehen Sie da einen Zusammenhang?
Edda Müller
© Jörg Carstensen/dpa
Edda Müller ist seit Juni 2010 Vorsitzende von Transparency International Deutschland. Außerdem lehrt die Politikwissenschaftlerin als Honorarprofessorin an der Deutschen Hochschule für Verwaltungswissenschaften Speyer und als Professorin an der Quadriga Hochschule Berlin.
Müller: Zumindest macht einen die zeitliche Nähe stutzig. Möglicherweise steht die Spende auch im Zusammenhang mit den anstehenden Koalitionsverhandlungen. In jedem Fall ist die Spende ein erneutes Indiz dafür, dass zwischen dem Kanzleramt und der Automobilindustrie ausgesprochen gute Beziehungen bestehen. Erst vor Kurzem wurde bekannt, dass der bisherige Staatsminister Eckart von Klaeden eine Position beim Autokonzern Daimler übernehmen wird. Die Spende der Quandt-Familie reiht sich in eine Vielzahl von Fällen ein, die zeigen, dass das Kanzleramt eine Speerspitze ist für die Interessen der Automobilindustrie.
ZEIT ONLINE: Ist der Einfluss der Autoindustrie auf die Politik besonders stark im Vergleich zu anderen Branchen?
Müller: Man hat schon den Eindruck, dass die deutsche Politik an der Leine der Automobilindustrie läuft. Natürlich hat dieser Industriezweig eine besondere Rolle in Deutschland. Die Autobranche ist wichtig für den Arbeitsmarkt, die großvolumigen Fahrzeuge aus Deutschland haben offensichtlich eine gute Position im Weltmarkt. Das kann man nicht mit anderen Wirtschaftszweigen vergleichen.
ZEIT ONLINE: Wie etwa der Chemiebranche.
Müller: Ja, dennoch ist die Lage dort oft ähnlich. Die Regulierung von Chemikalien auf europäischer Ebene hat Deutschland gebremst. Der deutsche Widerstand führte dazu, dass darüber sehr lange verhandelt werden musste. Überall da, wo Wirtschaftsinteressen stark sind, macht sich das in der EU-Politik bemerkbar.
ZEIT ONLINE: So deutlich wie im Fall der Abgasregeln wurde es in der Öffentlichkeit jedoch noch nie.
Müller: Ja. Der Versuch der Bundesregierung, strengere Abgasnormen zu verhindern, ist in zweifacher Hinsicht problematisch. Man macht sich zum Handlager einer Branche. Und man verhindert mit einer Politik, die den gegenwärtigen Stand der Technik festschreibt, Anstöße zu Innovationen, die häufig nur unter Druck zustande kommen. Man fragt sich, ob das überhaupt im langfristigen Interesse des Automobilstandorts Deutschland ist.
Übersicht zu diesem Artikel
</ExtractedText>
</item>
</channel>
</rss>
