<?xml version="1.0" encoding="UTF-8" standalone="no"?>
<rss xmlns:content="http://purl.org/rss/1.0/modules/content/" version="2.0">
<channel>
<title>SPIEGEL ONLINE - Netzwelt</title>
<link>http://www.spiegel.de</link>
<description>Nachrichten zu Internet und Technik, Handys und Computern. Aktuelle Reportagen, Analysen, Service.</description>
<language>de</language>
<pubDate>Sat, 05 Oct 2013 18:33:12 +0200</pubDate>
<lastBuildDate>Sat, 05 Oct 2013 18:33:12 +0200</lastBuildDate>
<image>
<title>SPIEGEL ONLINE</title>
<link>http://www.spiegel.de</link>
<url>http://www.spiegel.de/static/sys/logo_120x61.gif</url>
</image>
<item>
<title>Protest gegen Prism und Co.: Aufstand der Anwälte</title>
<link>http://www.spiegel.de/netzwelt/netzpolitik/hamburger-anwaelte-gruenden-buendnis-gegen-ueberwachung-durch-prism-a-925811.html#ref=rss</link>
<description>Eine Gruppe von Rechtsanwälten macht mobil gegen die NSA-Überwachung. Binnen weniger Tage haben tausend Bürger die Erklärung der Juristen unterschrieben. Jetzt zeigen sich die Anwälte solidarisch mit den ebenfalls protestierenden Schriftstellern und Ilja Trojanow.</description>
<pubDate>Fri, 04 Oct 2013 09:15:00 +0200</pubDate>
<guid>http://www.spiegel.de/netzwelt/netzpolitik/hamburger-anwaelte-gruenden-buendnis-gegen-ueberwachung-durch-prism-a-925811.html</guid>
<content:encoded><![CDATA[Eine Gruppe von Rechtsanwälten macht mobil gegen die NSA-Überwachung. Binnen weniger Tage haben tausend Bürger die Erklärung der Juristen unterschrieben. Jetzt zeigen sich die Anwälte solidarisch mit den ebenfalls protestierenden Schriftstellern und Ilja Trojanow.]]></content:encoded>
<ExtractedText>Hamburger Anwälte gründen Bündnis gegen Überwachung durch Prism
Protest gegen Prism und Co.: Aufstand der Anwälte
Ole Reißmann
Schicker Protest an der Außenalster: Eine Demo gab den Anstoß zum Bündnis
Eine Gruppe von Rechtsanwälten macht mobil gegen die NSA-Überwachung. Binnen weniger Tage haben tausend Bürger die Erklärung der Juristen unterschrieben. Jetzt zeigen sich die Anwälte solidarisch mit den ebenfalls protestierenden Schriftstellern und Ilja Trojanow.
Hamburg - Zwölf Rechtsanwälte haben sich zusammengeschlossen, um etwas gegen den Überwachungsskandal um Prism und Tempora zu unternehmen. Die Gruppe hat eine Erklärung mit Forderungen an die Bundesregierung verfasst, die innerhalb von vier Tagen mehr als tausend Bürger unterschrieben haben - darunter wiederum mehrere Hundert Anwälte.
Während das Überwachungsproblem nach dem Sommer von vielen Bürgern und Politikern schlichtweg ignoriert wird, hat sich die Initiative "Rechtsanwälte gegen Totalüberwachung" viel vorgenommen: Man wolle "ein Zeichen der Anwaltschaft gegen Totalüberwachung setzen" und die Bevölkerung "sensibilisieren", erklären die Juristen auf ihrer neuen Website .
Die Freiheit jedes Einzelnen sei akut bedroht, begründet die Gruppe dort ihre Motivation, "doch in der Politik und in der Gesellschaft bleibt es beunruhigend still. Das wollen wir ändern."
Probleme bei der Einreise in die USA?
Es ist nicht der erste Berufsstand, der öffentlich gegen die Späherei der Geheimdienste Einspruch erhebt. Im Juli hatten sich deutsche Schriftsteller zusammengetan und von der Bundeskanzlerin gefordert, die Affäre aufzuklären, das Spionieren nicht billigend in Kauf zu nehmen.
Nun also die Anwälte. Und die zeigen sich gleich solidarisch mit der Schriftstellergruppe: Weil Ilja Trojanow, einem den Initiatoren des Autoren-Briefes, die Einreise in die USA verwehrt wurde , schickten die Anwälte am Mittwoch einen Brief an den amerikanischen Botschafter in Berlin und baten um Auskunft zu dem Fall.
"Die Kampagne von Juli Zeh ist ja durchaus mit unserer vergleichbar", sagt Oliver Pragal, Gründungsmitglied der Anwaltsinitiative, "deshalb fragen auch wir uns, ob wir zukünftig Probleme bekommen könnten, wenn wir in die USA einreisen wollen." Allein an solchen Gedanken zeige sich "die zerstörerische Kraft der Entwicklung". Pragal hatte in Hamburg bereits mit ein paar Kollegen eine Kundgebung gegen Prism organisiert, zu der mehrere Hundert Menschen kamen . Der Protest fand so viele Befürworter, dass die Anwälte später die Initiative gründete.
"Das Ende einer unbeschwerten Auseinandersetzung"
In der sogenannten Hamburger Erklärung schreiben die Kollegen, was ihrer Meinung nach das Fatale an den von Edward Snowden gelüfteten Geheimnissen ist: Die digitale Totalüberwachung sei "ein historisch beispielloser Angriff auf das verfassungsmäßige Grundrecht auf Privatsphäre" und gefährde "die zentralen Funktionsbedingungen unserer freiheitlich-demokratischen Gesellschaftsordnung."
Außerdem ermögliche die Überwachung Wirtschaftsspionage und die Erpressung von Politikern oder Managern. Nicht zuletzt zerstöre sie das Vertrauen der Bürger in "Berufsgeheimnisträger", also beispielsweise in Ärzte, Journalisten, Seelsorger oder eben Anwälte. "Die Menschen werden sich ganz genau überlegen, was sie schreiben und sagen", sagt Gründungsmitglied Wolfgang Prinzenberg, "und das wäre das Ende einer unbeschwerten, unbelasteten Auseinandersetzung in unserem Land."
Die Juristen fordern die Bundesregierung auf:
zu erklären, dass die anlass- und verdachtsunabhängige Totalüberwachung der deutschen Bevölkerung eine "krasse Verletzung von Grundrechten" darstelle
alle Maßnahmen auf EU-Ebene gegen Großbritannien zu prüfen
alle Verhandlungen mit den USA über ein Freihandelsabkommen auszusetzen und die "Safe-Harbour-Abkommen" sowie die Verträge zum Austausch von Fluggastdaten zu kündigen - bis die Überwachung beendet werde
sämtliche Standorte der NSA in Deutschland zu schließen
die Netze und Netzwerkeinrichtungen in Deutschland zu prüfen, um ein Abzapfen von Daten auszuschließen
eine strengere Kontrolle der deutschen Nachrichtendienste zu veranlassen
dafür zu sorgen, dass Berichte vor Kontrollgremien künftig mit Vollständigkeitserklärungen unter Eid erstattet werden müssen
die Verwendung von Programmen wie XKeyscore zu stoppen oder diese zumindest unter eine strenge Prüfung zu stellen
Auf den ersten Blick mag sich das wie ein vernünftiger Forderungskatalog lesen. In Anbetracht der bisherigen Reaktion der Regierung auf den Spähskandal klingt es aber doch eher wie ein sehr frommer Wunsch. "Dieser Forderungskatalog ist eigentlich eine Auflistung von Selbstverständlichkeiten", sagt Pragal, "dass wir von diesen Selbstverständlichkeiten so weit entfernt sind, ist der eigentliche Skandal in Deutschland."
Diesen Artikel...
</ExtractedText>
</item>
</channel>
</rss>
