<?xml version="1.0" encoding="UTF-8" standalone="no"?>
<rss xmlns:atom="http://www.w3.org/2005/Atom" version="2.0">
<channel>
<title>Finanzen - FAZ.NET</title>
<link>http://www.faz.net/aktuell/finanzen/</link>
<description>Finanzen, Börse, Aktien:  Aktuelle Nachrichten über Märkte und deren Entwicklung. News über Fonds, Anleihen und Zinsen aus der Finanzwelt.</description>
<copyright>Copyright 2001-2013 Frankfurter Allgemeine Zeitung GmbH. Alle Rechte vorbehalten.</copyright>
<category>Finanzen - FAZ.NET</category>
<language>de-de</language>
<docs>http://www.faz.net/hilfe/services-newsletter-widgets-rss-feeds-mehr/</docs>
<generator>FAZ.NET</generator>
<ttl>5</ttl>
<lastBuildDate>Sun, 13 Oct 2013 17:32:02 +0200</lastBuildDate>
<atom:link href="http://www.faz.net/rss/aktuell/finanzen/" rel="self" type="application/rss+xml"/>
<image>
        <title>Finanzen - FAZ.NET</title>
        <url>http://www.faz.net/img/fazlogo_ressort.gif</url>
        <link>http://www.faz.net/aktuell/finanzen/</link>
    </image>
<item>
    <title>Bordeaux-Spitzenweine sind weniger gefragt</title>
    <description>&lt;img width="190" height="107" border="0" title="26263112" alt="26263112" src="http://media0.faz.net/polopoly_fs/1.2613988!/image/2598427286.jpg_gen/derivatives/article_teaser/2598427286.jpg"/&gt;&lt;p&gt;Eine Kiste mit zwölf Flaschen Château Margaux des Jahrgang 1996 wurde am Freitag für rund 5368 Euro über den Handelsplatz Liv-ex verkauft. Damit ist der Preis fast auf den niedrigsten Stand seit dreieinhalb Jahren gefallen.&lt;/p&gt;</description>
    <link>http://www.faz.net/aktuell/finanzen/devisen-rohstoffe/liquide-geldanlage-bordeaux-spitzenweine-sind-weniger-gefragt-12614288.html</link>
    <pubDate>Fri, 11 Oct 2013 16:29:00 +0200</pubDate>
    <guid isPermaLink="true">http://www.faz.net/-gvz-7id8w</guid>
<ExtractedText>Devisen &amp; Rohstoffe
Liquide Geldanlage Bordeaux-Spitzenweine sind weniger gefragt
11.10.2013 ·  Eine Kiste mit zwölf Flaschen Château Margaux des Jahrgang 1996 wurde am Freitag für rund 5368 Euro über den Handelsplatz Liv-ex verkauft. Damit ist der Preis fast auf den niedrigsten Stand seit dreieinhalb Jahren gefallen.
Artikel Bilder (1) Lesermeinungen (0)
© AFP
Die Spekulation mit französischen Spitzenweinen kühlt sich ab. Der Index Liv-Ex 50 ist mittlerweile auf 306 Punkte gefallen. Anfang August lag der Index bei 315 Punkten und Mitte April bei 322 Punkten. Der Index erfasst die Preisentwicklung von fünf Spitzenweingütern aus dem Anbaugebiet Bordeaux – Haut Brion, Lafite Rothschild, Latour, Margaux und Mouton Rothschild – und zwar für die zehn jüngsten Jahrgänge.
Eine Kiste à zwölf Flaschen zu 0,75 Liter Château Margaux des Jahrgang 1996 wurde nun über den Handelsplatz Liv-ex zum Preis von 4555 britischen Pfund (rund 5368 Euro) gehandelt. Damit ist der Preis fast auf den niedrigsten Stand seit dreieinhalb Jahren gefallen. Das sind rund 447 Euro je Flasche.
Weitere Artikel
</ExtractedText>
</item>
</channel>
</rss>
