<?xml version="1.0" encoding="UTF-8" standalone="no"?>
<rss xmlns:content="http://purl.org/rss/1.0/modules/content/" version="2.0">
<channel>
<title>SPIEGEL ONLINE - Kultur</title>
<link>http://www.spiegel.de</link>
<description>Nachrichten zu Kultur und Kunst, Fernsehen und Kino, Pop und Theater. Reportagen, Service, Rezensionen, Interviews - und der Zwiebelfisch.</description>
<language>de</language>
<pubDate>Sat, 05 Oct 2013 18:42:35 +0200</pubDate>
<lastBuildDate>Sat, 05 Oct 2013 18:42:35 +0200</lastBuildDate>
<image>
<title>SPIEGEL ONLINE</title>
<link>http://www.spiegel.de</link>
<url>http://www.spiegel.de/static/sys/logo_120x61.gif</url>
</image>
<item>
<title>GEZ-Haushaltsabgabe: Öffentlich-Rechtliche erwarten 80 Millionen Euro mehr</title>
<link>http://www.spiegel.de/kultur/gesellschaft/neue-rundfunkgebuehr-laesst-sender-mehreinnahmen-erwarten-a-926141.html#ref=rss</link>
<description>Für die öffentlich-rechtlichen Sender scheint sich die Umstellung der Rundfunkgebühr auf die Haushaltsabgabe gelohnt zu haben. Einer neuen Prognose zufolge erwarten sie einen Anstieg ihrer Einnahmen um etwa ein Prozent.</description>
<pubDate>Fri, 04 Oct 2013 15:45:00 +0200</pubDate>
<guid>http://www.spiegel.de/kultur/gesellschaft/neue-rundfunkgebuehr-laesst-sender-mehreinnahmen-erwarten-a-926141.html</guid>
<content:encoded><![CDATA[<img src="http://www.spiegel.de/images/image-455925-thumbsmall-jeea.jpg" hspace="5" align="left" >Für die öffentlich-rechtlichen Sender scheint sich die Umstellung der Rundfunkgebühr auf die Haushaltsabgabe gelohnt zu haben. Einer neuen Prognose zufolge erwarten sie einen Anstieg ihrer Einnahmen um etwa ein Prozent.]]></content:encoded>
<enclosure type="image/jpeg" url="http://www.spiegel.de/images/image-455925-thumbsmall-jeea.jpg"/>
<ExtractedText>Neue Rundfunkgebühr lässt Sender Mehreinnahmen erwarten
GEZ-Haushaltsabgabe: Öffentlich-Rechtliche erwarten 80 Millionen Euro mehr
DPA
Zahlschein für Rundfunkgebühr: Mehr Geld für ARD, ZDF und DRadio
Für die öffentlich-rechtlichen Sender scheint sich die Umstellung der Rundfunkgebühr auf die Haushaltsabgabe gelohnt zu haben. Einer neuen Prognose zufolge erwarten sie einen Anstieg ihrer Einnahmen um etwa ein Prozent.
Hamburg - Der neue Rundfunkbeitrag zahlt sich für ARD und ZDF aus. Erstmals seit Jahren sind die Einkünfte der öffentlich-rechtlichen Sender stabil. "Nachdem die Einnahmen [...] in den vergangenen drei Jahren kontinuierlich gesunken waren, zeichnet sich nun eine Stabilisierung ab. Dies war ein Ziel der Reform", erläuterte am Freitag in Hamburg eine ARD-Sprecherin in einer Mitteilung.
Seit dem umstrittenen Wechsel vom alten GEZ-Gebührenmodell zum neuen Rundfunkbeitrag am 1. Januar 2013 richtet sich die Abgabe nicht mehr nach Zahl und Art der Geräte, sondern wird pro Haushalt fällig. Ein Haushalt zahlt 17,98 Euro im Monat. Bei Firmen oder Kommunen richten sich die Beiträge nach Betriebsstätten und Fahrzeugflotte.
Einer aktuellen Prognose der öffentlich-rechtlichen Sender zufolge liegen die Beitragseinnahmen bis Ende 2013 um etwa ein Prozent beziehungsweise rund 80 Millionen Euro über den Gebühreneinnahmen des Jahres 2012 von damals insgesamt 7.492.520.505,97 Euro. Im Vergleich zum Jahr 2009 waren die Einnahmen 2012 noch um 1,5 Prozent beziehungsweise rund 110 Millionen Euro gesunken.
Da der neue Rundfunkbeitrag erst vor neun Monaten eingeführt wurde und der Umstellungsprozess noch nicht abgeschlossen ist, enthalte die Prognose allerdings noch erhebliche Unsicherheiten.
kuz/dpa
Aus Datenschutzgründen wird Ihre IP-Adresse nur dann gespeichert, wenn Sie angemeldeter und eingeloggter Facebook-Nutzer sind. Wenn Sie mehr zum Thema Datenschutz wissen wollen, klicken Sie auf das i.
Auf anderen Social Networks teilen
Irgendwer hatte bei der Einführung der Haushaltsabgabe noch groß getönt, sie sei aufkommensneutral...
Irgendwer hatte bei der Einführung der Haushaltsabgabe noch groß getönt, sie sei aufkommensneutral...
2. Was machen
Ariwer gestern, 16:09 Uhr
unsere ÖR mit 7,5 Milliarden Euro? Die Frage darf wohl mal gestellt werden, oder?  Der Verdacht, daß sich hier irgendwer mit dem Geld der Bürger bereichert, liegt bei dieser Summe schon sehr nah...
unsere ÖR mit 7,5 Milliarden Euro? Die Frage darf wohl mal gestellt werden, oder?  Der Verdacht, daß sich hier irgendwer mit dem Geld der Bürger bereichert, liegt bei dieser Summe schon sehr nah...
3. optional
appenzella gestern, 16:10 Uhr
Diese sogenannte Haushaltsabgabe ist in Wahrheit eine Steuer, die nicht vom deutschen Parlament verabschiedet wurde und damit ungesetzlich ist. Wer GEZahlt hat und zahlt, ist selbst schuld.
Diese sogenannte Haushaltsabgabe ist in Wahrheit eine Steuer, die nicht vom deutschen Parlament verabschiedet wurde und damit ungesetzlich ist. Wer GEZahlt hat und zahlt, ist selbst schuld.
schnuffschnuff gestern, 16:14 Uhr
Nur 80Mio? Das reicht ja gerade mal so für die zusätzliche Altersvorsorge der Mitarbeiter beim NDR.
Zitat von sysop Für die öffentlich-rechtlichen Sender scheint sich die Umstellung der Rundfunkgebühr auf die Haushaltsabgabe gelohnt zu haben. Einer neuen Prognose zufolge erwarten sie einen Anstieg ihrer Einnahmen um etwa ein Prozent.  Neue Rundfunkgebühr lässt Sender Mehreinnahmen erwarten - SPIEGEL ONLINE (http://www.spiegel.de/kultur/gesellschaft/neue-rundfunkgebuehr-laesst-sender-mehreinnahmen-erwarten-a-926141.html)
Nur 80Mio? Das reicht ja gerade mal so für die zusätzliche Altersvorsorge der Mitarbeiter beim NDR.
5. Staatsfunk zwangsverordnet für alle Untertanen
normalo3006 gestern, 16:24 Uhr
Das GEZ-System ist neben Hundesteuer, Tanzverbot und Meldewesen das Highlight zur Unterhaltung meiner amerikanischen Gäste. Kein Ami kann glauben welchem Irrsinn wir uns hierzulande unterordnen. Untertanen eben. Die frei denkenden [...]
Das GEZ-System ist neben Hundesteuer, Tanzverbot und Meldewesen das Highlight zur Unterhaltung meiner amerikanischen Gäste. Kein Ami kann glauben welchem Irrsinn wir uns hierzulande unterordnen. Untertanen eben. Die frei denkenden Europäer sind eben schon vor Jahrhunderten aufs Schiff gegangen weil ihnen das Feudalsystem auf den Keks ging. Der Rest blieb hier. Bei meiner Auswanderung war die Abmeldung von der GEZ das absolute Highlight. Ich informiere mich wo ich will - und 'objektive Berichterstattung' ist eine Illusion. Selbst SPON - nahe dran - schafft's nicht gänzlich ausgewogen und aus verschiedenen Perspektiven heraus zu berichten. Am Ende verkauft uns jeder bloß Ideologien. Auch ARD und ZDF. Für den Brainwash auch noch zwangszuzahlen ist ein staatlich verordneter Irrsinn.
</ExtractedText>
</item>
</channel>
</rss>
