<?xml version="1.0" encoding="UTF-8" standalone="no"?>
<rss xmlns:content="http://purl.org/rss/1.0/modules/content/" version="2.0">
<channel>
<title>SPIEGEL ONLINE - Kultur</title>
<link>http://www.spiegel.de</link>
<description>Nachrichten zu Kultur und Kunst, Fernsehen und Kino, Pop und Theater. Reportagen, Service, Rezensionen, Interviews - und der Zwiebelfisch.</description>
<language>de</language>
<pubDate>Sat, 05 Oct 2013 18:42:35 +0200</pubDate>
<lastBuildDate>Sat, 05 Oct 2013 18:42:35 +0200</lastBuildDate>
<image>
<title>SPIEGEL ONLINE</title>
<link>http://www.spiegel.de</link>
<url>http://www.spiegel.de/static/sys/logo_120x61.gif</url>
</image>
<item>
<title>Science-Fiction-Dystopie: Furor im Weltall </title>
<link>http://www.spiegel.de/kultur/literatur/buchpreis-reinhard-jirgl-nichts-von-euch-auf-erden-a-926037.html#ref=rss</link>
<description>Schreckensbilder und Science-Fiction-Mythen: In "Nichts von euch auf Erden" zeigt Reinhard Jirgl ein apokalyptisches Szenario - als radikaler Sprachkünstler ist der Autor auf der Buchpreis-Shortlist fast so exotisch wie seine Geschichte aus dem 23. Jahrhundert.</description>
<pubDate>Fri, 04 Oct 2013 12:52:00 +0200</pubDate>
<guid>http://www.spiegel.de/kultur/literatur/buchpreis-reinhard-jirgl-nichts-von-euch-auf-erden-a-926037.html</guid>
<content:encoded><![CDATA[Schreckensbilder und Science-Fiction-Mythen: In "Nichts von euch auf Erden" zeigt Reinhard Jirgl ein apokalyptisches Szenario - als radikaler Sprachkünstler ist der Autor auf der Buchpreis-Shortlist fast so exotisch wie seine Geschichte aus dem 23. Jahrhundert.]]></content:encoded>
<ExtractedText>1.
shran gestern, 13:13 Uhr
Ich kann diesen ganzen Müll nicht mehr ertragen. Es werden fast nur noch Dystopien gezeichnet. Seien es Filme wie Elysium, After Earth, und andere, oder seien es Autoren wie Schirrmacher, Spitzer, Dan Brown oder andere. Oder [...]
Ich kann diesen ganzen Müll nicht mehr ertragen. Es werden fast nur noch Dystopien gezeichnet. Seien es Filme wie Elysium, After Earth, und andere, oder seien es Autoren wie Schirrmacher, Spitzer, Dan Brown oder andere. Oder seien es Computerspiele die eine düstere Zukunft zeichnen. Schreckensszenarien verkaufen sich wahrscheinlich besser. Oder sind diese Leute wirklich so dämlich all die positiven Dinge zu sehen. Meine Güte was nerven mich diese Apokalyptiker. Nicht nur dass es in der Kultur deswegen an schönen und positiven Zukunftsperspektiven fehlt, sie befördern damit auch bei einigen Leuten den Eindruck, jeglicher Fortschritt führe ins Desaster. Deshalb boykottiere ich inzwischen radikal alle dystopischen Werke. Solche Panikmacher gab es schon immer in der Menschheitsgeschichte.
2. Was möchte der Autor damit sagen?
prefec2 gestern, 13:57 Uhr
Der Kommentar ist sichtlich bemüht möglichst literarisch daherzukommen und schwurbelig zu sein ohne eine Aussage zu machen. Vielleicht steht ja was zwischen den Zeilen, allein, wir leben nicht in einer Diktatur und man muss seinen [...]
Der Kommentar ist sichtlich bemüht möglichst literarisch daherzukommen und schwurbelig zu sein ohne eine Aussage zu machen. Vielleicht steht ja was zwischen den Zeilen, allein, wir leben nicht in einer Diktatur und man muss seinen Kommentar nicht verstecken.  Wäre ja zum Beispiel sehr interessant gewesen zu erfahren ob es bei der Beschreibung um eine simple Beschreibung der Dystopie handelt oder doch ein Geschichte in der Welt erzählt wird.  Vielleicht wurde aber nur versucht die Sprache des Buchautors wiederzugeben. Wer weiß?
3. Dytopien
prefec2 gestern, 14:00 Uhr
Die ganzen Dystopien kommen aus dem untergehenden Hegemon USA und von Menschen, welche z.B. wie Schirrmacher lange Zeit an den Segen des Kapitalismus geglaubt haben. Diese Welt geht zu Ende und sie haben auch keine Ideen sie [...]
Zitat von shran Ich kann diesen ganzen Müll nicht mehr ertragen. Es werden fast nur noch Dystopien gezeichnet. Seien es Filme wie Elysium, After Earth, und andere, oder seien es Autoren wie Schirrmacher, Spitzer, Dan Brown oder andere. Oder seien es Computerspiele die eine düstere Zukunft zeichnen. Schreckensszenarien verkaufen sich wahrscheinlich besser. Oder sind diese Leute wirklich so dämlich all die positiven Dinge zu sehen.
Die ganzen Dystopien kommen aus dem untergehenden Hegemon USA und von Menschen, welche z.B. wie Schirrmacher lange Zeit an den Segen des Kapitalismus geglaubt haben. Diese Welt geht zu Ende und sie haben auch keine Ideen sie mehr zu retten.  Es werden in der Tat neue Ideen gebraucht. Aber der Westen hat keine Kraft mehr diese Ideen voranzubringen. Wir wissen was wir besser machen müssen. Sind aber nicht gewillt das zu tun. Also schaukeln wir dem Ende entgegen.   Fragen sie einfach mal in China nach. Dort gibt es viel Utopien, weil dort an den Fortschritt noch geglaubt wird.
4.
war:head gestern, 14:35 Uhr
Also wenn der Roman ebenso daherkommt wie das aufgeblasene Gesappel dieses "Kommentars zum Thema", dann lass' ich lieber die Finger davon.  Sprache sollte transparent sein und der Geschichte dienen (was nicht heisst, [...]
Also wenn der Roman ebenso daherkommt wie das aufgeblasene Gesappel dieses "Kommentars zum Thema", dann lass' ich lieber die Finger davon.  Sprache sollte transparent sein und der Geschichte dienen (was nicht heisst, dass sie einfältig oder simpel sein muss), nicht umgekehrt.  Und ich lehne mich jetzt mal aus dem Fenster (ohne den Autor bisher gelesen zu haben) und vermute, dass das Buch die Bezeichnung Sci-Fi sowieso nicht verdient hat und letztlich, wie so viele, eher im Bereich Fantasy einzuordnen ist.  Aber vielleicht finde ich irgendwo eine Leseprobe, dann schau' ich mal rein und lass mich auch gerne eines besseren belehren, sollte ich mich geirrt haben.
5.
Karbonator gestern, 15:28 Uhr
Schauen Sie bei Amazon ins Buch rein.  Ich wolte nach dieser Un-Rezension - denn sie sagt wirklich kaum etwas aus - einfach aus Protest das Buch kaufen. Dann habe ich einen Blick in das Buch geworfen und die Seite wieder [...]
Zitat von war:head Also wenn der Roman ebenso daherkommt wie das aufgeblasene Gesappel dieses "Kommentars zum Thema", dann lass' ich lieber die Finger davon.  Sprache sollte transparent sein und der Geschichte dienen (was nicht heisst, dass sie einfältig oder simpel sein muss), nicht umgekehrt.  Und ich lehne mich jetzt mal aus dem Fenster (ohne den Autor bisher gelesen zu haben) und vermute, dass das Buch die Bezeichnung Sci-Fi sowieso nicht verdient hat und letztlich, wie so viele, eher im Bereich Fantasy einzuordnen ist.  Aber vielleicht finde ich irgendwo eine Leseprobe, dann schau' ich mal rein und lass mich auch gerne eines besseren belehren, sollte ich mich geirrt haben.
Schauen Sie bei Amazon ins Buch rein.  Ich wolte nach dieser Un-Rezension - denn sie sagt wirklich kaum etwas aus - einfach aus Protest das Buch kaufen. Dann habe ich einen Blick in das Buch geworfen und die Seite wieder sofort zugemacht. Wirklich sehr heilsam.
</ExtractedText>
</item>
</channel>
</rss>
