<?xml version="1.0" encoding="UTF-8" standalone="no"?>
<rss xmlns:atom="http://www.w3.org/2005/Atom" version="2.0">
<channel>
<title>Wirtschaft - FAZ.NET</title>
<link>http://www.faz.net/aktuell/wirtschaft/</link>
<description>Nachrichten der Wirtschaft über Börse und Finanzen. News von Industrie und Unternehmen. Informationen zur Konjunktur und Wirtschaftskrise.</description>
<copyright>Copyright 2001-2013 Frankfurter Allgemeine Zeitung GmbH. Alle Rechte vorbehalten.</copyright>
<category>Wirtschaft - FAZ.NET</category>
<language>de-de</language>
<docs>http://www.faz.net/hilfe/services-newsletter-widgets-rss-feeds-mehr/</docs>
<generator>FAZ.NET</generator>
<ttl>5</ttl>
<lastBuildDate>Wed, 16 Oct 2013 08:42:53 +0200</lastBuildDate>
<atom:link href="http://www.faz.net/rss/aktuell/wirtschaft/" rel="self" type="application/rss+xml"/>
<image>
        <title>Wirtschaft - FAZ.NET</title>
        <url>http://www.faz.net/img/fazlogo_ressort.gif</url>
        <link>http://www.faz.net/aktuell/wirtschaft/</link>
    </image>
<item>
    <title>Twitter meidet Pannenbörse Nasdaq</title>
    <description>&lt;img width="190" height="107" border="0" title="Twitter zieht mit roten Zahlen an die Börse" alt="Twitter zieht mit roten Zahlen an die Börse" src="http://media0.faz.net/polopoly_fs/1.2619992!/image/1955806646.jpg_gen/derivatives/article_teaser/1955806646.jpg"/&gt;&lt;p&gt;Der Börsengang von Twitter nimmt immer mehr Gestalt an: Jetzt ist der Börsenplatz bekannt und die neuesten Geschäftszahlen. Und angeblich soll es auch schon ein Datum geben.&lt;/p&gt;</description>
    <link>http://www.faz.net/aktuell/wirtschaft/boersengang-twitter-meidet-pannenboerse-nasdaq-12619988.html</link>
    <pubDate>Wed, 16 Oct 2013 06:46:00 +0200</pubDate>
    <guid isPermaLink="true">http://www.faz.net/-gqe-7ihn8</guid>
<ExtractedText>Wirtschaft
Börsengang Twitter meidet Pannenbörse Nasdaq
16.10.2013 ·  Der Börsengang von Twitter nimmt immer mehr Gestalt an: Jetzt ist der Börsenplatz bekannt und die neuesten Geschäftszahlen. Und angeblich soll es auch schon ein Datum geben.
© REUTERS
Twitter zieht mit roten Zahlen an die Börse
Twitter hat sich für seinen Börsengang die traditionsreiche New York Stock Exchange ausgesucht. Der Handelssaal der NYSE liegt an der Wall Street. Damit hat sich der Kurznachrichtendienst gegen die sonst bei Technologiefirmen beliebte rein elektronische Konkurrenzbörse Nasdaq entschieden. Dies geht aus dem am Dienstag aktualisierten Börsenprospekt von Twitter hervor.
Beobachter werteten die Entscheidung als Abgrenzung gegenüber Facebook. Das weltgrößte Online-Netzwerk hatte im vergangenen Jahr für seinen Börsengang die Nasdaq gewählt. Wegen überlasteter Systeme wussten Zehntausende Anleger jedoch damals zunächst nicht, ob sie die Aktie nun ge- oder verkauft hatten. Die Börsenaufsicht SEC brummte der Nasdaq deshalb eine Millionenstrafe auf und Anleger bekamen eine Entschädigung.
Der holprige Einstand lastete wie ein Fluch auf der Facebook-Aktie, die zwischenzeitlich mehr als die Hälfe ihres Wertes einbüßte. Inzwischen steht das Papier allerdings im Plus. Twitter ist der bedeutendste Börsengang seit Facebook. Der Dienst hat inzwischen mehr als 230 Millionen aktive Nutzer im Monat und konnte damit weiter zulegen. Im alten Börsenprospekt war noch von 215 Millionen die Rede.
Auch die Einnahmen von Twitter steigen. Deren Quelle ist vor allem Werbung, eingestreut in den Nachrichtenstrom der Nutzer. Im dritten Quartal lag der Umsatz bei annähernd 169 Millionen Dollar (125 Mio Euro) - mehr als doppelt so viel wie im Vorjahreszeitraum. Dem stehen jedoch hohe Ausgaben für Rechenzentren, neue Produkte und die Vermarktung gegenüber. Der Verlust verdreifachte sich dadurch auf fast 65 Millionen Dollar.
Börsengang angeblich am 15. November
Dennoch scheint das Interesse an den Aktien riesig. Denn Twitter hat sich zum vielleicht wichtigsten Medium für schnelle Nachrichten entwickelt. Nutzer können über den Dienst 140 Zeichen lange Textnachrichten verschicken, die auch auf Fotos, Videos oder fremde Websites verweisen können. Mehr als 500 Millionen dieser sogenannten Tweets gehen täglich raus.
Nach Informationen des amerikanischen Wirtschaftssenders CNBC und der „New York Times“ ist geplant, dass die Twitter-Aktie am 15. November zum ersten Mal gehandelt wird. Die Medien beriefen sich dabei auf eingeweihte Personen. Die sogenannte Roadshow, auf der das Management zuvor bei Investoren wirbt, könnte demnach in knapp zwei Wochen starten.
Twitter hatte Mitte September in einem Tweet enthüllt, dass das Unternehmen im Geheimen seinen Börsengang angestoßen habe. Der Kurznachrichtendienst konnte als junges Unternehmen seinen Börsenprospekt zunächst geheim halten. Anfang Oktober schließlich veröffentlichte Twitter eine frühe Fassung der Unterlagen.
Weitere Artikel
</ExtractedText>
</item>
</channel>
</rss>
