<?xml version="1.0" encoding="UTF-8" standalone="no"?>
<rss xmlns:atom="http://www.w3.org/2005/Atom" version="2.0">
<channel>
<title>Wirtschaft - FAZ.NET</title>
<link>http://www.faz.net/aktuell/wirtschaft/</link>
<description>Nachrichten der Wirtschaft über Börse und Finanzen. News von Industrie und Unternehmen. Informationen zur Konjunktur und Wirtschaftskrise.</description>
<copyright>Copyright 2001-2013 Frankfurter Allgemeine Zeitung GmbH. Alle Rechte vorbehalten.</copyright>
<category>Wirtschaft - FAZ.NET</category>
<language>de-de</language>
<docs>http://www.faz.net/hilfe/services-newsletter-widgets-rss-feeds-mehr/</docs>
<generator>FAZ.NET</generator>
<ttl>5</ttl>
<lastBuildDate>Wed, 16 Oct 2013 08:42:53 +0200</lastBuildDate>
<atom:link href="http://www.faz.net/rss/aktuell/wirtschaft/" rel="self" type="application/rss+xml"/>
<image>
        <title>Wirtschaft - FAZ.NET</title>
        <url>http://www.faz.net/img/fazlogo_ressort.gif</url>
        <link>http://www.faz.net/aktuell/wirtschaft/</link>
    </image>
<item>
    <title>Transparency ruft wegen Großspende für CDU nach Gauck</title>
    <description>&lt;img width="190" height="107" border="0" title="Spendabel: Die BMW-Großaktionäre Stefan Quandt, seine Mutter Johanna Quandt und seine Schwester Susanne Klatten haben der CDU im Oktober insgesamt 690.000 Euro gespendet." alt="Spendabel: Die BMW-Großaktionäre Stefan Quandt, seine Mutter Johanna Quandt und seine Schwester Susanne Klatten haben der CDU im Oktober insgesamt 690.000 Euro gespendet." src="http://media0.faz.net/polopoly_fs/1.2620028!/image/1121070364.jpg_gen/derivatives/article_teaser/1121070364.jpg"/&gt;&lt;p&gt;Der Geldregen für die CDU durch die BMW-Hauptaktionäre sorgt weiter für Kritik. Die Antikorruptions-Organisation Transparency International hofft auf ein Eingreifen von Bundespräsident  Joachim Gauck.&lt;/p&gt;</description>
    <link>http://www.faz.net/aktuell/wirtschaft/parteienfinanzierung-transparency-ruft-wegen-grossspende-fuer-cdu-nach-gauck-12620020.html</link>
    <pubDate>Wed, 16 Oct 2013 07:05:00 +0200</pubDate>
    <guid isPermaLink="true">http://www.faz.net/-gqe-7iho4</guid>
<ExtractedText>Wirtschaft
Parteienfinanzierung Transparency ruft wegen Großspende für CDU nach Gauck
16.10.2013 ·  Der Geldregen für die CDU durch die BMW-Hauptaktionäre sorgt weiter für Kritik. Die Antikorruptions-Organisation Transparency International hofft auf ein Eingreifen von Bundespräsident  Joachim Gauck.
Artikel Bilder (1) Lesermeinungen (4)
© AP
Spendabel: Die BMW-Großaktionäre Stefan Quandt, seine Mutter Johanna Quandt und seine Schwester Susanne Klatten haben der CDU im Oktober insgesamt 690.000 Euro gespendet.
© AP
Spendabel: Die BMW-Großaktionäre Stefan Quandt, seine Mutter Johanna Quandt und seine Schwester Susanne Klatten haben der CDU im Oktober insgesamt 690.000 Euro gespendet.
Nach Bekanntwerden einer Großspende von Hauptaktionären des Autobauers BMW an die CDU wird der Ruf nach neuen Regeln für die Parteienfinanzierung lauter. Die Antikorruptions- Organisation Transparency International Deutschland forderte Bundespräsident Joachim Gauck auf, die Initiative zu ergreifen. Er könne nach dem geltenden Recht eine Kommission einberufen, wenn er den Eindruck habe, dass bei der Parteienfinanzierung etwas schieflaufe, sagte die Verbandsvorsitzende Edda Müller dem Portal „Zeit Online“.
Sie plädierte auch dafür, die Höhe der Parteispenden zu begrenzen. „Ein Konzern sollte pro Jahr maximal 50.000 Euro an eine Partei spenden dürfen“, sagte sie der „Mitteldeutschen Zeitung“ (Mittwoch). Das erschwere „den besonders finanzkräftigen Lobbyinteressen“ ein wenig die Einflussmöglichkeit. Zuvor hatte bereits die Organisation LobbyControl eine Obergrenze für Parteispenden von 50.000 Euro je Person und Jahr gefordert.
Grüne wollen maximale Spendenhöhe von 100.000 Euro
Auch die Grünen sehen bei solchen Spenden Handlungsbedarf. „Wir wollen sie deckeln pro Person und Jahr auf 100.000 Euro“, sagte der Grünen-Bundestagsabgeordnete Volker Beck der „Frankfurter Rundschau“ (Mittwoch). „Und wir wollen Unternehmensspenden abschaffen, um den Einfluss durch solche Großspenden, die man als Parteiführung ja gar nicht mehr aus dem Kopf kriegt, etwas abzumildern.“
SPD-Vize-Fraktionschef Ulrich Kelber forderte die CDU in der „Welt“ (Mittwoch) auf, die Großspende nicht anzunehmen. Auch er plädierte für eine Grenze für Einzelspenden von 100.000 Euro pro Person und Jahr.
Weitere Artikel
Kommentar: Die Kanzlerin ist nicht käuflich 
Bei der CDU gingen am 9. Oktober - also zwei Wochen nach der Bundestagswahl - 690.000 Euro von der Unternehmerin Johanna Quandt und ihren Kindern Stefan Quandt und Susanne Klatten ein, wie auf der Internetseite des Bundestags ausgewiesen wird. SPD, Linke und Grüne verwiesen auf einen zeitlichen Zusammenhang mit dem Eintreten der Bundesregierung gegen strengere CO2-Vorgaben für Autos in der EU. Die CDU und die Familie Quandt wiesen die Vorwürfe zurück. Die drei Familienmitglieder sind zusammen mit 46,7 Prozent an BMW beteiligt.
Linke-Parteichef Bernd Riexinger sieht die Staatsanwaltschaft am Zug. „Der Zeitpunkt der Spende zeigt, hier wurde nicht einfach eine Partei gekauft, sondern ein Gesetz. Der Verdacht der Bestechung steht im Raum, die Staatsanwaltschaft muss Ermittlungen aufnehmen“, sagte er der „Passauer Neuen Presse“ (Mittwoch).
Quelle: DPA
</ExtractedText>
</item>
</channel>
</rss>
