<?xml version="1.0" encoding="UTF-8" standalone="no"?>
<rss xmlns:atom="http://www.w3.org/2005/Atom" xmlns:dc="http://purl.org/dc/elements/1.1/" version="2.0">
  <channel>
<title>
      ZEIT ONLINE: Karriere</title>
<description>Für Ein-, Um- und Aufsteiger: Das Karriereportal für Berufsanfänger, Quereinsteiger und die eigene Karriereleiter. Aktuelle Informationen rund um den Beruf.</description>
<pubDate>Tue, 15 Oct 2013 14:47:40 GMT</pubDate>
<lastBuildDate>Wed, 16 Oct 2013 09:07:42 +0200</lastBuildDate>
<language>de-de</language>
<link>http://www.zeit.de/karriere/index</link>
<atom:link href="http://newsfeed.zeit.de/karriere/index" rel="self" type="application/rss+xml"/>
<copyright>Copyright (c) 2013, ZEIT ONLINE GmbH</copyright>
<docs>http://www.zeit.de/hilfe/rss</docs>
<generator>mod_xslt LePenguin</generator>
<managingEditor>wolfgang.blau@zeit.de (Wolfgang Blau)</managingEditor>
<webMaster>webmaster@zeit.de (Internettechnik ZEIT ONLINE)</webMaster>
<image>
      <url>http://images.zeit.de/bilder/elemente_01_06/logos/homepage_top.gif</url>
      <title>
      ZEIT ONLINE: Karriere</title>
      <link>http://www.zeit.de/karriere/index</link>
    </image>
<item>
      <link>http://www.zeit.de/karriere/beruf/2013-10/gehaltsstudie-kienbaum-fuehrungskraefte</link>
      <guid>http://www.zeit.de/karriere/beruf/2013-10/gehaltsstudie-kienbaum-fuehrungskraefte</guid>
      <category>Karriere</category>
      <title>Gehaltsreport Führungskräfte: Doktortitel bringt 20.000 Euro mehr Gehalt</title>
      <description>&lt;a href="http://www.zeit.de/karriere/beruf/2013-10/gehaltsstudie-kienbaum-fuehrungskraefte"&gt;&lt;img style="float:left; margin-right:5px" src="http://images.zeit.de/karriere/beruf/2013-10/buero-2/buero-2-148x84.jpg"/&gt;&lt;/a&gt; Wer Jura studiert hat und promoviert, hat gute Chancen auf ein Topgehalt. Der Gehaltsreport der Managementberatung Kienbaum analysiert Gehaltsstrukturen. </description>
      <dc:creator>ZEIT ONLINE : Karriere - Tina Groll</dc:creator>
      <pubDate>Fri, 11 Oct 2013 05:11:54 GMT</pubDate>
    <ExtractedText>Gehaltsreport analysiert Einkommen für Führungskräfte
Gehaltsreport Führungskräfte: Doktortitel bringt 20.000 Euro mehr Gehalt
Wer Jura studiert hat und promoviert, hat gute Chancen auf ein Topgehalt. Der Gehaltsreport der Managementberatung Kienbaum analysiert Gehaltsstrukturen. von  Tina Groll
11. Oktober 2013  07:10 Uhr  38 Kommentare
Führungskräfte in kaufmännischen Berufen verdienen in Deutschland im Schnitt 122.000 Euro brutto im Jahr. Einen bedeutenden Anteil des Einkommens machen Bonuszahlungen und andere Anreize wie Firmenwagen und betriebliche Altersversorgung aus. Das zeigt der Vergütungsreport Führungskräfte und Spezialisten in kaufmännischen Funktionen der Managementberatung Kienbaum, der ZEIT ONLINE exklusiv vorliegt. Die Beratung hatte 5.500 Positionen in 788 deutschen Unternehmen verglichen. Neben der Position im Unternehmen spielen danach auch die Firmengröße und der Bildungsabschluss eine Rolle.
Die Studie gewährt einen Einblick in Gehaltsstrukturen, über die nur selten Zahlen bekannt werden. Spitzenverdiener sind demnach die Führungskräfte in der kaufmännischen Gesamtleitung. Sie erhalten im Durchschnitt 167.000 Euro brutto im Jahr. Wer Leiter der Unternehmensplanung ist, verdient nur minimal weniger: 160.000 Euro. Der Leiter des Finanz- und Rechnungswesens eines Unternehmens wird im Schnitt mit 132.000 Euro vergütet. Wer die Personalabteilung leitet, verdient immerhin noch 128.000 Euro als Jahresbruttogehalt.
Anzeige
Auffällig sind die Gehaltsunterschiede in den verschiedenen Abteilungen. Spezialisten in kaufmännischen Berufen erhalten durchschnittlich 62.000 Euro. Wer als Sachbearbeiter solche Themen betreut, verdient dagegen rund 46.000 Euro. 
Etwas höher liegt der durchschnittliche Verdient in der Unternehmensplanung und Entwicklung: Hier verdient ein Spezialist im Schnitt jährlich 86.000 Euro, Sachbearbeiter dagegen 45.000 Euro.  
Bonuszahlungen sind gerade für Topverdiener entscheidend. 85 Prozent der Führungskräfte in kaufmännischen Jobs erhalten sie. Sie betragen im Schnitt 23.000 Euro im Jahr, das sind 15 Prozent der Gesamtvergütung. Auch in hierarchisch niedrigeren Positionen kommen Arbeitnehmer in den Genuss von Bonuszahlungen, allerdings weitaus seltener. Immerhin 58 Prozent können mit einem Bonus von durchschnittlich 5.000 Euro rechnen (sieben Prozent der Gesamtvergütung). Sachbearbeiter erhalten dagegen nur einen Bonus von 2.000 Euro (vier Prozent der Gesamtvergütung).
Führungskräfte fahren gerne Audi, Mercedes und BMW
Neben finanziellen Zuschüssen wie auch der Betriebsrente gewähren Arbeitgeber auch andere Anreize wie Dienstwagen. Jede zweite Führungskraft bekommt der Untersuchung zufolge einen gestellt. Unter Facharbeitern sind es dagegen nur zwölf Prozent, bei Sachbearbeitern nur drei Prozent. Je höher die Position, desto teurer die Automarke: Führungskräfte fahren am liebsten Audi, Mercedes und BMW. Fachkräfte fahren dagegen eher einen Volkswagen.
Die Umfrage zeigt ebenfalls, wie stark der Bildungsabschluss das Gehalt beeinflusst. Bei Fachkräften ist der Doktortitel im Schnitt rund 20.000 Euro wert: Sie verdienen promoviert im Schnitt 90.000 Euro, ohne Doktortitel sind es 70.000 Euro. Eine Führungskraft mit Doktortitel verdient im Durchschnitt sogar 165.000 Euro.
Die These, dass Geisteswissenschaftler schlechter verdienen als Juristen oder Naturwissenschaftler, untermauert die Studie: Wer ein Jurastudium absolviert hat, kann mit einem Einstiegsgehalt von 45.600 Euro rechnen. Wer Naturwissenschaften, Technik oder Ingenieurswissenschaft studiert hat, erhält 44.800 Euro. Geisteswissenschaftler verdienen als Jobeinsteiger dagegen 39.400 Euro.
 
</ExtractedText>
</item>
</channel>
</rss>
