<?xml version="1.0" encoding="UTF-8" standalone="no"?>
<rss xmlns:atom="http://www.w3.org/2005/Atom" version="2.0">
<channel>
<title>Finanzen - FAZ.NET</title>
<link>http://www.faz.net/aktuell/finanzen/</link>
<description>Finanzen, Börse, Aktien:  Aktuelle Nachrichten über Märkte und deren Entwicklung. News über Fonds, Anleihen und Zinsen aus der Finanzwelt.</description>
<copyright>Copyright 2001-2013 Frankfurter Allgemeine Zeitung GmbH. Alle Rechte vorbehalten.</copyright>
<category>Finanzen - FAZ.NET</category>
<language>de-de</language>
<docs>http://www.faz.net/hilfe/services-newsletter-widgets-rss-feeds-mehr/</docs>
<generator>FAZ.NET</generator>
<ttl>5</ttl>
<lastBuildDate>Mon, 7 Oct 2013 20:03:47 +0200</lastBuildDate>
<atom:link href="http://www.faz.net/rss/aktuell/finanzen/" rel="self" type="application/rss+xml"/>
<image>
        <title>Finanzen - FAZ.NET</title>
        <url>http://www.faz.net/img/fazlogo_ressort.gif</url>
        <link>http://www.faz.net/aktuell/finanzen/</link>
    </image>
<item>
    <title>Umsatz mit fair gehandelten Lebensmitteln legt zu</title>
    <description>&lt;img width="190" height="107" border="0" title="Fair-Trade-Schokolade" alt="Fair-Trade-Schokolade" src="http://media0.faz.net/polopoly_fs/1.2607432!/image/2412580839.jpg_gen/derivatives/article_teaser/2412580839.jpg"/&gt;&lt;p&gt;Die Konsumenten in Deutschland greifen immer häufiger zu Fairtrade-Produkten. Besonders Bananen und Kaffee legen zu, Sorgenkind bleibt die Schokolade.&lt;/p&gt;</description>
    <link>http://www.faz.net/aktuell/finanzen/meine-finanzen/geld-ausgeben/nachrichten/bananen-schokolade-co-umsatz-mit-fair-gehandelten-lebensmitteln-legt-zu-12607425.html</link>
    <pubDate>Mon, 07 Oct 2013 15:23:19 +0200</pubDate>
    <guid isPermaLink="true">http://www.faz.net/-hss-7i7y9</guid>
<ExtractedText>Nachrichten
Bananen, Schokolade &amp; Co. Umsatz mit fair gehandelten Lebensmitteln legt zu
07.10.2013 ·  Die Konsumenten in Deutschland greifen immer häufiger zu Fairtrade-Produkten. Besonders Bananen und Kaffee legen zu, Sorgenkind bleibt die Schokolade.
Artikel Bilder (1) Lesermeinungen (9)
© dpa
Der Appetit der deutschen Verbraucher auf fair gehandelte Lebensmittel wächst: Im ersten Halbjahr stieg der Umsatz um knapp 20 Prozent auf rund 300 Millionen Euro, wie Dieter Overath, Geschäftsführer von Transfair am Montag auf der weltgrößten Lebensmittelmesse „Anuga“ in Köln mitteilte. Besonders Bananen legten mit einem mengenmäßigen Plus von 103 Prozent auf 16.934 Tonnen zu. Auch Kaffee entwickelte sich weiter positiv mit einem um 4 Prozent auf 4744 Tonnen gestiegenen Absatz. Sorgenkind bleibe die Schokolade, deren Absatz zwar um 5 Prozent gestiegen sei, aber nach einem schwachen vergangenen Jahr dennoch in den ersten sechs Monaten 2013 nur auf rund 373 Tonnen kam.
„Wir haben eine gemeinsame Verantwortung, dass diejenigen, die uns den Tisch decken, auch selbst davon satt werden“, betonte Overath. Der faire Handel bildet Einkommensgrundlage für inzwischen mehr als 1,3 Millionen Produzenten weltweit, die einen stabilen Mindestpreis und zusätzliche Sozialprämien erhalten. Gut 80 Prozent der Fairtrade-Produzenten sind Kleinbauern. Der Verein Transfair vergibt das Siegel im Deutschland. Hier gebe es eine große Dynamik bei der Neulistung von fairen Produkten bei Handelseigenmarken - sowohl im Discount als auch im klassischen Lebensmitteleinzelhandel, sagte Overath.
Nötig sei mehr Engagement seitens großer Hersteller. Transfair-Botschafter und Schauspieler Hannes Jaenicke betonte: „Wir Verbraucher haben es in der Hand. Wenn wir konsequent zu fairen und regionalen Produkten greifen, wird das die Haltung von Unternehmen langfristig verändern.“
Weitere Artikel
</ExtractedText>
</item>
</channel>
</rss>
