<?xml version="1.0" encoding="UTF-8" standalone="no"?>
<rss xmlns:atom="http://www.w3.org/2005/Atom" version="2.0">
<channel>
<title>Finanzen - FAZ.NET</title>
<link>http://www.faz.net/aktuell/finanzen/</link>
<description>Finanzen, Börse, Aktien:  Aktuelle Nachrichten über Märkte und deren Entwicklung. News über Fonds, Anleihen und Zinsen aus der Finanzwelt.</description>
<copyright>Copyright 2001-2013 Frankfurter Allgemeine Zeitung GmbH. Alle Rechte vorbehalten.</copyright>
<category>Finanzen - FAZ.NET</category>
<language>de-de</language>
<docs>http://www.faz.net/hilfe/services-newsletter-widgets-rss-feeds-mehr/</docs>
<generator>FAZ.NET</generator>
<ttl>5</ttl>
<lastBuildDate>Mon, 7 Oct 2013 20:03:47 +0200</lastBuildDate>
<atom:link href="http://www.faz.net/rss/aktuell/finanzen/" rel="self" type="application/rss+xml"/>
<image>
        <title>Finanzen - FAZ.NET</title>
        <url>http://www.faz.net/img/fazlogo_ressort.gif</url>
        <link>http://www.faz.net/aktuell/finanzen/</link>
    </image>
<item>
    <title>Greetings aus New York: Dunkle Wolken über der Wall Street</title>
    <description>&lt;img width="190" height="107" border="0" title="Das Kapitol in Washington" alt="Das Kapitol in Washington" src="http://media0.faz.net/polopoly_fs/1.2116490!/image/4128897719.jpg_gen/derivatives/article_teaser/4128897719.jpg"/&gt;&lt;p&gt;Die amerikanischen Aktienmärkte werden anfälliger für Rückschläge. Zum weiter ungelösten Streit um den Staatshaushalt kommen nun auch nachlassende Prognosen für die Gewinne der Unternehmen.&lt;/p&gt;</description>
    <link>http://www.faz.net/aktuell/finanzen/fruehaufsteher/greetings-aus-new-york-dunkle-wolken-ueber-der-wall-street-12606895.html</link>
    <pubDate>Mon, 07 Oct 2013 06:45:23 +0200</pubDate>
    <guid isPermaLink="true">http://www.faz.net/-gw7-7i7jj</guid>
<ExtractedText>© AP/dpa
Das Kapitol in Washington
Über der Wall Street brauen sich dunkle Wolken zusammen. Zwar haben sich die Aktienkurse in der vergangenen Woche trotz des ungelösten Streits um den Staatshaushalt noch relativ stabil gezeigt. Der Dow Jones hatte im Wochenvergleich um 1,2 Prozent auf 15073 Punkte nachgegeben. Das breiter gefasste Marktbarometer S&amp;P 500 verbuchte nur ein Minus von 0,1 Prozent und schloß mit 1691 Punkten. Beide Indizes profitierten am Freitag von der Hoffnung auf einen Kompromiss in Washington.
Bisher keine Annäherungen
Am Wochenende gab es aber keine Annäherungen. Die Nervosität der Marktakteure dürfte deswegen weiter zunehmen. In der vergangenen Woche war auch der sogenannte Angstindex VIX weiter gestiegen, obwohl er sich immer noch auf vergleichsweise niedrigem Niveau befindet. Der VIX, der Volatilitätsindex der Chicagoer Optionsbörse CBOE, bildet die Preise für Optionskontrakte ab, mit denen sich Investoren gegen Kursverluste wegen unerwarteter Schwankungen im S&amp;P 500 absichern können. Ein Anstieg des VIX signalisiert, dass Investoren mit stärkeren Kursausschlägen rechnen. Ein Rückgang zeigt Ruhe und Stabilität an den Märkten an.
Der Haushaltsstreit in Washington hatte seit Dienstag zur teilweisen Schließung von Behörden geführt. Die Republikaner wollen eine Übergangsfinanzierung des Haushalts an eine Verschiebung der 2010 vom Kongress verabschiedeten Gesundheitsreform koppeln. Die Demokraten lehnen das ab. Dazu droht den Vereinigten Staaten die Zahlungsunfähigkeit, wenn die die Schuldenobergrenze von derzeit 16,7 Billionen Dollar nicht rechtzeitig vom Kongress angehoben wird. Nach Angaben des Finanzministeriums bleibt nur noch Zeit bis zum 17. Oktober, um das Limit zu erhöhen.
Berichtssaison beginnt
In dieser Woche beginnt an der Wall Street zudem die Berichtssaison der Unternehmen für das dritte Quartal. Am Dienstag legt der große Aluminiumkonzern Alcoa seine Geschäftszahlen vor. Am Freitag folgen die Großbanken JP Morgan Chase und Wells Fargo. Die Prognosen sind bisher nicht dazu angetan, den Börsen viel Auftrieb zu geben. Analysten haben ihre Schätzungen in den vergangenen Wochen stark zurückgenommen, nachdem überdurchschnittlich viele Unternehmen vor unerwartet schwachen Ergebnissen gewarnt hatte. Nach Angaben des Informationsdienstes Thomson Reuters rechnen die Auguren für die im S&amp;P 500 abgebildeten Unternehmen derzeit mit einem durchschnittlichen Gewinnwachstum von nur 4,5 Prozent im Vergleich zum Vorjahr.
Weitere Artikel
</ExtractedText>
</item>
</channel>
</rss>
