<?xml version="1.0" encoding="UTF-8" standalone="no"?>
<rss xmlns:atom="http://www.w3.org/2005/Atom" version="2.0">
<channel>
<title>Wirtschaft - FAZ.NET</title>
<link>http://www.faz.net/aktuell/wirtschaft/</link>
<description>Nachrichten der Wirtschaft über Börse und Finanzen. News von Industrie und Unternehmen. Informationen zur Konjunktur und Wirtschaftskrise.</description>
<copyright>Copyright 2001-2013 Frankfurter Allgemeine Zeitung GmbH. Alle Rechte vorbehalten.</copyright>
<category>Wirtschaft - FAZ.NET</category>
<language>de-de</language>
<docs>http://www.faz.net/hilfe/services-newsletter-widgets-rss-feeds-mehr/</docs>
<generator>FAZ.NET</generator>
<ttl>5</ttl>
<lastBuildDate>Mon, 7 Oct 2013 19:40:25 +0200</lastBuildDate>
<atom:link href="http://www.faz.net/rss/aktuell/wirtschaft/" rel="self" type="application/rss+xml"/>
<image>
        <title>Wirtschaft - FAZ.NET</title>
        <url>http://www.faz.net/img/fazlogo_ressort.gif</url>
        <link>http://www.faz.net/aktuell/wirtschaft/</link>
    </image>
<item>
    <title>Ökostrom: Schlechtes Wetter bremst Anstieg der EEG-Umlage</title>
    <description>&lt;img width="190" height="107" border="0" title="Windräder in Niedersachsen" alt="Windräder in Niedersachsen" src="http://media1.faz.net/polopoly_fs/1.2607519!/image/2344788716.jpg_gen/derivatives/article_teaser/2344788716.jpg"/&gt;&lt;p&gt;Der Anstieg der EEG-Umlage wird wohl niedriger ausfallen als zuletzt erwartet. Teurer wird es dennoch: Bislang zahlen Verbraucher 5,3 Cent je Kilowattstunde für die Förderung für Ökostrom - bald könnten es bis zu 6,3 Cent sein.&lt;/p&gt;</description>
    <link>http://www.faz.net/aktuell/wirtschaft/oekostrom-schlechtes-wetter-bremst-anstieg-der-eeg-umlage-12607676.html</link>
    <pubDate>Mon, 07 Oct 2013 17:19:00 +0200</pubDate>
    <guid isPermaLink="true">http://www.faz.net/-gqe-7i858</guid>
<ExtractedText>© dpa
Windräder in Niedersachsen
Der Anstieg der EEG-Umlage wird wohl niedriger ausfallen als zuletzt erwartet. In Fachkreisen wird die von den Stromkunden zu zahlende Ökostrom-Umlage für 2014 in einer Spanne von 6,0 bis 6,3 Cent je Kilowattstunde geschätzt. Derzeit beträgt sie 5,27 Cent, womit eine Steigerung von bis zu 19 Prozent möglich ist. Der Umlagebetrag könnte von 20,4 Milliarden Euro in diesem auf bis zu 24 Milliarden Euro im nächsten Jahr wachsen. Die Netzbetreiber Amprion, Tennet, TransnetBW und 50Hertz müssen die neue Umlagehöhe am 15. Oktober bekanntgeben.
Die aktuellen Prognosen stehen auf vergleichbar solidem Grund, denn seit Montag sind die Kosten für die Ökostromförderung bis September bekannt. Demnach ist in den ersten 9 Monaten des Jahres ein Minus von 2,2 Milliarden Euro aufgelaufen. Überraschend ist das Defizit damit gegenüber dem August um knapp 100 Millionen Euro gesunken, im September 2012 war das Defizit um 1 Milliarde Euro gestiegen. Tatsächlich beliefen sich die Einnahmen aus der Umlage und dem Verkauf des Ökostroms an der Börse im September auf 1,96 Milliarden Euro, die Ausgaben schlugen mit 1,87 Milliarden Euro zu Buche. Damit wurden in den ersten neun Monaten 16 Milliarden Euro an Ökostromerzeuger gezahlt und 16,5 Milliarden Euro eingenommen. Allerdings muss noch das Minus von 2,6 Milliarden Euro aus dem Vorjahr abgezahlt werden.
Grauer Sommermonat für Besitzer von Solaranlagen
Grund für die unerwartete Entwicklung der vergangenen Wochen waren die geringeren Auszahlungen an die Betreiber vor allem von Solar-, Wind- und Biogasanlagen. Sie waren damit so niedrig wie seit März nicht mehr, verglichen mit dem Vorjahresmonat wurden 500 Millionen Euro weniger an die Anlagenbetreiber ausgezahlt. Tatsächlich war die Witterung im September gerade für die Besitzer von Solaranlagen, die vergleichsweise üppige Förderung kassieren, nicht optimal. Mit unterdurchschnittlichen 83 Prozent Sonnenschein sei es im letzten Sommermonat „etwas grauer als sonst üblich“ gewesen, bestätigt der Deutsche Wetterdienst in Offenbach.
Auf die Höhe der Umlage für das Jahr 2014 wirkt sich das positiv aus. Denn das Defizit, das die Verbraucher im nächsten Jahr samt Zinsen abzuzahlen haben, ist kleiner als erwartet. Erheblicher Nachholbedarf besteht dagegen bei der Einschätzung der Preise, zu denen der Ökostrom an der Börse verkauft werden kann. Im vorigen Oktober hatte man für dieses Jahr einen durchschnittlichen Erlös von 5,1 Cent die Kilowattstunde kalkuliert, tatsächlich dürften es nur 4 Cent geworden sein. Das muss in der neuen Berechnung berücksichtigt werden und wird der Umlage weiteren Schub geben. Ironischerweise senkt gerade der teils im Überfluss produzierte Ökostrom den Börsenpreis, lässt aber damit die Umlage steigen. Denn sie gleicht die Differenz zwischen dem für zwanzig Jahre garantierten Festpreis der Ökostromerzeuger und dem Verkaufserlös an der Strombörse aus.
Weitere Artikel
</ExtractedText>
</item>
</channel>
</rss>
