<?xml version="1.0" encoding="UTF-8" standalone="no"?>
<rss xmlns:atom="http://www.w3.org/2005/Atom" xmlns:dc="http://purl.org/dc/elements/1.1/" version="2.0">
  <channel>
<title>
      ZEIT ONLINE: Karriere</title>
<description>Für Ein-, Um- und Aufsteiger: Das Karriereportal für Berufsanfänger, Quereinsteiger und die eigene Karriereleiter. Aktuelle Informationen rund um den Beruf.</description>
<pubDate>Sat, 05 Oct 2013 14:36:25 GMT</pubDate>
<lastBuildDate>Sat, 5 Oct 2013 18:47:02 +0200</lastBuildDate>
<language>de-de</language>
<link>http://www.zeit.de/karriere/index</link>
<atom:link href="http://newsfeed.zeit.de/karriere/index" rel="self" type="application/rss+xml"/>
<copyright>Copyright (c) 2013, ZEIT ONLINE GmbH</copyright>
<docs>http://www.zeit.de/hilfe/rss</docs>
<generator>mod_xslt LePenguin</generator>
<managingEditor>wolfgang.blau@zeit.de (Wolfgang Blau)</managingEditor>
<webMaster>webmaster@zeit.de (Internettechnik ZEIT ONLINE)</webMaster>
<image>
      <url>http://images.zeit.de/bilder/elemente_01_06/logos/homepage_top.gif</url>
      <title>
      ZEIT ONLINE: Karriere</title>
      <link>http://www.zeit.de/karriere/index</link>
    </image>
<item>
      <link>http://www.zeit.de/karriere/2013-09/Coaching</link>
      <guid>http://www.zeit.de/karriere/2013-09/Coaching</guid>
      <category>Karriere</category>
      <title>Lebens- und Berufsberatung: Was ein guter Coach können muss</title>
      <description>&lt;a href="http://www.zeit.de/karriere/2013-09/Coaching"&gt;&lt;img style="float:left; margin-right:5px" src="http://images.zeit.de/karriere/beruf/2013-09/stiftung-warentest/stiftung-warentest-148x84.jpg"/&gt;&lt;/a&gt; Die Anzahl der Coaches hierzulande steigt, jeder kann als Berater arbeiten. Einheitliche Ausbildungsstandards fehlen. Stiftung Warentest hat nun Kriterien aufgestellt.</description>
      <dc:creator>ZEIT ONLINE : Karriere - Lea Deuber</dc:creator>
      <pubDate>Fri, 27 Sep 2013 17:35:03 GMT</pubDate>
    <ExtractedText>Stellenmarkt
Lebens- und Berufsberatung: Was ein guter Coach können muss
Die Anzahl der Coaches hierzulande steigt, jeder kann als Berater arbeiten. Einheitliche Ausbildungsstandards fehlen. Stiftung Warentest hat nun Kriterien aufgestellt. Von  Lea Deuber
27. September 2013  19:33 Uhr  3 Kommentare
Ob Karriereberatung oder Lebensplanung: Vor allem im gehobenen und mittleren Management wächst die Nachfrage nach persönlichen Beratern, ebenso das Angebot. Gut 8.000 Coaches arbeiten in Deutschland, Tendenz steigend. Auch die Zahl der Anbieter von Coaching-Ausbildungen steigt. Rund 300 Akademien, Institute und private Ausbilder gibt es hierzulande. Die Berufsbezeichnung Coach ist nicht geschützt, die Ausbildung gilt als Weiterbildung und ist nicht staatlich anerkannt. Inhalte, Dauer, Preis und Qualität der Kurse variieren stark.  
Stiftung Warentest hat jetzt Kriterien erarbeitet, die eine gute Coaching-Ausbildung ausmachen. "Eine einheitliche Ausbildung wäre für die Branche sehr wichtig", sagt Anett Brauner, Projektleiterin bei Stiftung Warentest. "Bisher ist der Markt unübersichtlich und für Auszubildende kaum zu überblicken." Es gibt zwar mehr als 20 Coaching-Verbände in Deutschland, diese konnten sich aber bislang nicht auf  gemeinsame Kriterien einigen. Bei manchen Anbietern dauert die Ausbildung 30 Tage, bei anderen zwei Jahre. Die Kosten liegen zwischen 300 und 17.000 Euro. 
Anzeige
Stiftung Warentest empfiehlt eine Ausbildungsdauer von mindestens zwölf Monaten und 250  Stunden Präsenzunterricht. Inhaltlich sollten vor allem  Rollenkonzepte, Psychologie und persönliche Kompetenz im Fokus stehen. Auch raten die Verbraucherschützer zu Anbietern, die ein Hochschulstudium in Psychologie, Sozial- oder Wirtschaftswissenschaften als Voraussetzung vorschreiben. Die Coaching-Ausbildung solle zudem nur eine erste Qualifizierung sein, sie könne keine Berufsausbildung ersetzen, so die Experten. Denn für die Arbeit als Coach sei viel Praxiserfahrung nötig, die in  Kursen nicht vermittelt werden könne. 
"Wir hoffen, mit dem Leitfaden nicht nur die angehenden Coaches zu erreichen, sondern auch die Anbieter der Ausbildungen", erklärt Brauner. "In der Weiterbildung gibt es immer noch zu viele schwarze Schafe ."
Entstanden ist der Leitfaden in Kooperation mit Coaching-Verbänden, Ausbildungsanbietern und Experten aus der Wissenschaft. "
 
</ExtractedText>
</item>
</channel>
</rss>
