<?xml version="1.0" encoding="UTF-8" standalone="no"?>
<rss xmlns:content="http://purl.org/rss/1.0/modules/content/" version="2.0">
<channel>
<title>SPIEGEL ONLINE - Wirtschaft</title>
<link>http://www.spiegel.de</link>
<description>Nachrichten über Wirtschaft, Unternehmen, Börse, Verbraucherthemen. Aktueller Service, Analysen, Interviews.</description>
<language>de</language>
<pubDate>Sat, 05 Oct 2013 18:38:51 +0200</pubDate>
<lastBuildDate>Sat, 05 Oct 2013 18:38:51 +0200</lastBuildDate>
<image>
<title>SPIEGEL ONLINE</title>
<link>http://www.spiegel.de</link>
<url>http://www.spiegel.de/static/sys/logo_120x61.gif</url>
</image>
<item>
<title>Kurznachrichtendienst: Twitter will mit Börsengang eine Milliarde Dollar einnehmen</title>
<link>http://www.spiegel.de/wirtschaft/unternehmen/twitter-peilt-milliarden-boersengang-an-a-926012.html#ref=rss</link>
<description>Es könnte der spektakulärste Börsenstart eines Internetunternehmens seit Facebook werden. Twitter soll der Schritt aufs Parkett mehr als eine Milliarde Dollar bringen. Zudem veröffentlichte das Unternehmen erstmals Geschäftszahlen. </description>
<pubDate>Thu, 03 Oct 2013 23:51:00 +0200</pubDate>
<guid>http://www.spiegel.de/wirtschaft/unternehmen/twitter-peilt-milliarden-boersengang-an-a-926012.html</guid>
<content:encoded><![CDATA[<img src="http://www.spiegel.de/images/image-546864-thumbsmall-lnhm.jpg" hspace="5" align="left" >Es könnte der spektakulärste Börsenstart eines Internetunternehmens seit Facebook werden. Twitter soll der Schritt aufs Parkett mehr als eine Milliarde Dollar bringen. Zudem veröffentlichte das Unternehmen erstmals Geschäftszahlen. ]]></content:encoded>
<enclosure type="image/jpeg" url="http://www.spiegel.de/images/image-546864-thumbsmall-lnhm.jpg"/>
<ExtractedText>Kurznachrichtendienst: Twitter will mit Börsengang eine Milliarde Dollar einnehmen
AFP
Twitter-Logo: Eine Milliarde Dollar durch Börsengang
Es könnte der spektakulärste Börsenstart eines Internetunternehmens seit Facebook werden. Twitter soll der Schritt aufs Parkett mehr als eine Milliarde Dollar bringen. Zudem veröffentlichte das Unternehmen erstmals Geschäftszahlen.
New York - Eine Milliarde Dollar will der Kurznachrichtendienst Twitter bei seinem geplanten Börsengang einnehmen. Das erklärte das Unternehmen in einer Mitteilung an die Aufsichtsbehörde SEC . Es wäre damit der prominenteste Börsengang eines Internetunternehmens seit dem IPO von Facebook im vergangenen Jahr . Twitter will seine Aktien unter dem Symbol TWTR notieren.
Zugleich gab das acht Jahre alte Unternehmen Einblick in seine Geschäftszahlen. Der Umsatz lag demnach im ersten Halbjahr 2013 bei 253,6 Millionen Dollar. Unter dem Strich fiel ein Verlust von 69,3 Millionen Dollar an. Was die Investoren anlocken soll, ist die große Reichweite: Laut Börsenprospekt hat Twitter mehr als 215 Millionen aktive Nutzer pro Monat, 100 Millionen nutzten den Dienst sogar täglich, "und das annähernd weltumspannend". Sie alle schrieben rund 500 Millionen Tweets pro Tag.
Einen genauen Termin für den Börsengang nennt die Vorlage an die SEC nicht. Gerechnet wird mit November. Zunächst muss Twitter die Investoren auf einer sogenannten Roadshow überzeugen, ins Unternehmen zu investieren. Der Kurznachrichtendienst hatte neben den Wall-Street-Häusern Goldman Sachs und Morgan Stanley unter anderem auch die Deutsche Bank verpflichtet, beim Schritt aufs Parkett zu helfen.
Die Anleger werden sich nun die Geschäftszahlen ganz genau anschauen: Während Twitter im Jahr 2010 erst 28 Millionen Dollar an Einnahmen hatte, waren es 2011 schon 106 Millionen und im vergangenen Jahr dann 317 Millionen. Und Twitter wächst weiter: Im ersten Halbjahr diesen Jahres hat das Unternehmen bereits 254 Millionen Dollar Umsatz gemacht.
Allerdings verliert Twitter - wenig überraschend für Experten - bislang Geld. Alleine im ersten Halbjahr lag der Verlust bei unterm Strich 69 Millionen Dollar und war damit fast eineinhalb Mal so hoch wie im Vorjahreszeitraum. Insgesamt sammelte sich in den Jahren ein Minus von über 400 Millionen Dollar an.
Haupteinnahmequelle des Unternehmens ist Werbung, eingestreut in den Nachrichtenstrom. Fast zwei Drittel der Anzeigen-Erlöse kommen von mobilen Geräten. Dem stehen jedoch hohe Ausgaben für Rechenzentren, neue Produkte und die Vermarktung gegenüber.
Der Börsengang dürfte zumindest einen neuen Milliardär schaffen: Mitgründer Evan Williams ist größter Anteilseigner mit 12,0 Prozent. Sein Kompagnon Jack Dorsey, der als letzter des Gründertrios noch bei Twitter aktiv ist, kommt auf 4,9 Prozent. Der aktuelle Chef Dick Costolo hält 1,6 Prozent der Anteile.
vks/ssu/dpa/Reuters
</ExtractedText>
</item>
</channel>
</rss>
