<?xml version="1.0" encoding="UTF-8" standalone="no"?>
<rss xmlns:atom="http://www.w3.org/2005/Atom" xmlns:dc="http://purl.org/dc/elements/1.1/" version="2.0">
  <channel>
<title>
      ZEIT ONLINE: Lebensart</title>
<description>Die Lust am Leben: Aktuelle Berichte, Ratgeber und Kolumnen rund um die Themen Mode, Essen, Trinken und Partnerschaft.</description>
<pubDate>Tue, 15 Oct 2013 11:01:52 GMT</pubDate>
<lastBuildDate>Wed, 16 Oct 2013 09:03:11 +0200</lastBuildDate>
<language>de-de</language>
<link>http://www.zeit.de/lebensart/index</link>
<atom:link href="http://newsfeed.zeit.de/lebensart/index" rel="self" type="application/rss+xml"/>
<copyright>Copyright (c) 2013, ZEIT ONLINE GmbH</copyright>
<docs>http://www.zeit.de/hilfe/rss</docs>
<generator>mod_xslt LePenguin</generator>
<managingEditor>wolfgang.blau@zeit.de (Wolfgang Blau)</managingEditor>
<webMaster>webmaster@zeit.de (Internettechnik ZEIT ONLINE)</webMaster>
<image>
      <url>http://images.zeit.de/bilder/elemente_01_06/logos/homepage_top.gif</url>
      <title>
      ZEIT ONLINE: Lebensart</title>
      <link>http://www.zeit.de/lebensart/index</link>
    </image>
<item>
      <link>http://www.zeit.de/lebensart/2013-09/fs-luxus-der-einfachheit-2</link>
      <guid>http://www.zeit.de/lebensart/2013-09/fs-luxus-der-einfachheit-2</guid>
      <category>Lebensart</category>
      <title>Fotograf Fritz von der Schulenburg: Ein Rhythmus aus Licht und Raum</title>
      <description>&lt;a href="http://www.zeit.de/lebensart/2013-09/fs-luxus-der-einfachheit-2"&gt;&lt;img style="float:left; margin-right:5px" src="http://images.zeit.de/lebensart/2013-09/fs-luxus-der-einfachheit-teaser/fs-luxus-der-einfachheit-teaser-148x84.jpg"/&gt;&lt;/a&gt; Minimalismus und Opulenz sind für Fritz von der Schulenburg kein Gegensatz. Auf seinen Fotos zeigt er, wie sich luxuriöse und purististische Interieurs ergänzen.</description>
      <dc:creator>ZEIT ONLINE : Lebensart</dc:creator>
      <pubDate>Thu, 10 Oct 2013 14:59:29 GMT</pubDate>
    <ExtractedText>1 von 11 Zurück Vorwärts
Fotograf Fritz von Schulenburg:
Ein Rhythmus aus Licht und Raum
Die Wendeltreppe im Hotel Amigo auf der Grand Place in Brüssel stammt aus dem Jahr 1957.  |           © Fritz von der Schulenburg
Architektur sollte Rhythmus haben, findet Fritz von der Schulenburg. Auf seinen Fotografien entwickelt das Interieur eine eigene Dynamik. Von der Schulenberg hat Orte gefunden, in denen Altes und Neues, Tradition und Innovation, verschiedene Materialien und Stile zu neuer Eleganz finden. Sein Bildband Luxus der Einfachheit ist im Brandstätter-Verlag erschienen.
Die neuesten Fotostrecken:
</ExtractedText>
</item>
</channel>
</rss>
