<?xml version="1.0" encoding="UTF-8" standalone="no"?>
<rss xmlns:atom="http://www.w3.org/2005/Atom" version="2.0">
<channel>
<title>Beruf &amp; Chance - FAZ.NET</title>
<link>http://www.faz.net/aktuell/beruf-chance/</link>
<description>Informationen für Arbeitgeber und Arbeitnehmer. Themen wie Beruf, Job,  Karriere und Altersvorsorge. Tipps zu Bewerbung und Weiterbildung.</description>
<copyright>Copyright 2001-2013 Frankfurter Allgemeine Zeitung GmbH. Alle Rechte vorbehalten.</copyright>
<category>Beruf &amp; Chance - FAZ.NET</category>
<language>de-de</language>
<docs>http://www.faz.net/hilfe/services-newsletter-widgets-rss-feeds-mehr/</docs>
<generator>FAZ.NET</generator>
<ttl>5</ttl>
<lastBuildDate>Sat, 5 Oct 2013 07:58:01 +0200</lastBuildDate>
<atom:link href="http://www.faz.net/rss/aktuell/beruf-chance/" rel="self" type="application/rss+xml"/>
<image>
        <title>Beruf &amp; Chance - FAZ.NET</title>
        <url>http://www.faz.net/img/fazlogo_ressort.gif</url>
        <link>http://www.faz.net/aktuell/beruf-chance/</link>
    </image>
<item>
    <title>Spezial Ingenieure: Von Tüftlern und Technikern</title>
    <description>&lt;img width="190" height="107" border="0" title="23868530" alt="23868530" src="http://media0.faz.net/polopoly_fs/1.2137752!/image/1656237107.jpg_gen/derivatives/article_teaser/1656237107.jpg"/&gt;&lt;p&gt;&lt;/p&gt;</description>
    <link>http://www.faz.net/aktuell/beruf-chance/arbeitswelt/ingenieure/</link>
    <pubDate>Tue, 09 Apr 2013 15:23:42 +0200</pubDate>
    <guid isPermaLink="true">http://www.faz.net/aktuell/beruf-chance/arbeitswelt/ingenieure/#1.2142768</guid>
<ExtractedText>Bei dem bundesweiten Wettbewerb „SolarMobil Deutschland sollen schon Jugendliche für technische Berufe begeistert werden. Denn Nachwuchs wird händeringend gesucht. Mehr Von Marion Ziegler 5
Mehr Ingenieure
</ExtractedText>
</item>
</channel>
</rss>
