<?xml version="1.0" encoding="UTF-8" standalone="no"?>
<rss xmlns:atom="http://www.w3.org/2005/Atom" version="2.0">
<channel>
<title>Beruf &amp; Chance - FAZ.NET</title>
<link>http://www.faz.net/aktuell/beruf-chance/</link>
<description>Informationen für Arbeitgeber und Arbeitnehmer. Themen wie Beruf, Job,  Karriere und Altersvorsorge. Tipps zu Bewerbung und Weiterbildung.</description>
<copyright>Copyright 2001-2013 Frankfurter Allgemeine Zeitung GmbH. Alle Rechte vorbehalten.</copyright>
<category>Beruf &amp; Chance - FAZ.NET</category>
<language>de-de</language>
<docs>http://www.faz.net/hilfe/services-newsletter-widgets-rss-feeds-mehr/</docs>
<generator>FAZ.NET</generator>
<ttl>5</ttl>
<lastBuildDate>Sat, 5 Oct 2013 07:58:01 +0200</lastBuildDate>
<atom:link href="http://www.faz.net/rss/aktuell/beruf-chance/" rel="self" type="application/rss+xml"/>
<image>
        <title>Beruf &amp; Chance - FAZ.NET</title>
        <url>http://www.faz.net/img/fazlogo_ressort.gif</url>
        <link>http://www.faz.net/aktuell/beruf-chance/</link>
    </image>
<item>
    <title>Studentenrekord: Akademisierung alarmiert Arbeitsmarktforscher</title>
    <description>&lt;img width="190" height="107" border="0" title="Die Hörsaale platzen schon jetzt aus allen Nähten" alt="Die Hörsaale platzen schon jetzt aus allen Nähten" src="http://media1.faz.net/polopoly_fs/1.2568289!/image/199107166.jpg_gen/derivatives/article_teaser/199107166.jpg"/&gt;&lt;p&gt;Zum Wintersemester wird es in Deutschland mehr Studierende geben als je zuvor. Ökonomen sehen darin eine Gefahr für das duale Ausbildungssystem.&lt;/p&gt;</description>
    <link>http://www.faz.net/aktuell/beruf-chance/studentenrekord-akademisierung-alarmiert-arbeitsmarktforscher-12568186.html</link>
    <pubDate>Wed, 11 Sep 2013 09:47:00 +0200</pubDate>
    <guid isPermaLink="true">http://www.faz.net/-gyl-7hdoa</guid>
<ExtractedText>Die Hörsaale platzen schon jetzt aus allen Nähten
© dpa
Die Hörsaale platzen schon jetzt aus allen Nähten
Der Rekord ist absehbar. Wenn demnächst an den Universitäten und Fachhochschulen das Wintersemester beginnt, wird es in Deutschland mehr Studierende geben als je zuvor. 2,5 Millionen Studierende waren schon vor einem Jahr eingeschrieben, für 2013 rechnet die Kultusministerkonferenz (KMK) auch wegen der doppelten Abiturjahrgänge in einigen Bundesländern mit 490.000 Studienanfängern.
Die meisten Bildungspolitiker halten den Höchststand für einen Erfolg. Ökonomen jedoch sehen in dem Ansturm auf die Hochschulen eine Gefahr für das duale Ausbildungssystem. „Ich halte den Anstieg für bedenklich. Lange galt die akademische Ausbildung als Nonplusultra, doch die Realität hat uns etwas anderes gelehrt“, sagt Hilmar Schneider, Generaldirektor des luxemburgischen Forschungsinstituts Ceps/Instead. Und Stefan Sell, Arbeitsmarktforscher an der Hochschule Koblenz, prognostiziert „schwere Schäden an der Ausbildungsqualität“, sollte der Anteil der Studienanfänger an einem Jahrgang weiter wachsen.
Akademisierungswahn
Nach Angaben der Industriestaatenorganisation OECD ist der Studentenanteil von 2005 bis 2011 von 36 auf 46 Prozent gestiegen. Arbeitsmarktforscher Schneider hält den häufig behaupteten Zusammenhang zwischen einer hohen Akademikerquote und hohem gesamtwirtschaftlichen Wachstum für nicht erwiesen. Im Gegenteil: „Wenn man sieht, dass mit Deutschland ausgerechnet ein Land mit vergleichsweise wenigen Akademikern und einem starken dualen Ausbildungssystem gut durch die Krise kommt, muss man sich schon einmal Fragen stellen, ob diese Behauptung nicht schlicht falsch ist.“
Schwung bekommen hatte die Debatte über die steigenden Studentenzahlen durch Äußerungen des Philosophie-Professors und früheren Kulturstaatsministers der SPD, Julian Nida-Rümelin. In der Frankfurter Allgemeine Sonntagszeitung hatte er gefordert, den „Akademisierungswahn“ zu stoppen. Die „besondere Stärke“ des deutschen Bildungssystems sei gefährdet, wenn Studenten Auszubildenden den Rang ablaufen. Ähnlich hatte sich der Ausbildungsexperte des Deutschen Industrie- und Handelstages (DIHK), Markus Kiss, geäußert: „Die Hörsäle an den Hochschulen platzen aus allen Nähten, während Betriebe händeringend Bewerber für Ausbildungsplätze suchen.“
„Sandwich-Position“ für das duale Ausbildungssystem
Ökonom Schneider sieht ein großes Problem darin, dass nach der Bologna-Reform private Hochschulen „wie Pilze aus dem Boden“ geschossen seien. Im vergangenen Jahrzehnt ist die Zahl der staatlichen und staatlich anerkannten Hochschulen um 62 auf 392 gestiegen. „Längst nicht jeder Studiengang ist auch sinnvoll für den Arbeitsmarkt“, sagte Schneider. Während Betriebe immer dort Ausbildungsplätze anböten, wo es auch eine entsprechende Nachfrage gebe, bestehe diese Koppelung bei Studiengängen nicht. „Wir dürfen einem hoch verschulten akademischen System nicht den Vorzug vor der beruflichen Ausbildung geben“, warnte Schneider.
Forscher Sell sieht das duale Ausbildungssystem in einer „Sandwich-Position“. Von oben werde Druck ausgeübt, da gute Schulabgänger, die früher eine Lehre gemacht hätten, heute ein Studium vorziehen. Von unten herrsche Druck, da die Anforderungen in der Ausbildung höher werden und die Leistungschwächeren nicht mehr mitkommen. „Auch wenn das ein heißes Eisen ist, aber manche Studenten wären in der dualen Ausbildung besser aufgehoben.“
Weitere Artikel
</ExtractedText>
</item>
</channel>
</rss>
