<?xml version="1.0" encoding="UTF-8" standalone="no"?>
<rss xmlns:atom="http://www.w3.org/2005/Atom" xmlns:dc="http://purl.org/dc/elements/1.1/" version="2.0">
  <channel>
<title>
      ZEIT ONLINE: Mehr Kultur</title>
<description>Aktuelle Kultur-Nachrichten, Informationen und Interviews rund um die Themen Kultur, Feuilleton, Literatur, Kunst, Film und Musik. Dazu Reportagen und Kritiken.</description>
<pubDate>Wed, 16 Oct 2013 06:44:13 GMT</pubDate>
<lastBuildDate>Wed, 16 Oct 2013 09:07:39 +0200</lastBuildDate>
<language>de-de</language>
<link>http://www.zeit.de/kultur/index</link>
<atom:link href="http://newsfeed.zeit.de/kultur/index" rel="self" type="application/rss+xml"/>
<copyright>Copyright (c) 2013, ZEIT ONLINE GmbH</copyright>
<docs>http://www.zeit.de/hilfe/rss</docs>
<generator>mod_xslt LePenguin</generator>
<managingEditor>wolfgang.blau@zeit.de (Wolfgang Blau)</managingEditor>
<webMaster>webmaster@zeit.de (Internettechnik ZEIT ONLINE)</webMaster>
<image>
      <url>http://images.zeit.de/bilder/elemente_01_06/logos/homepage_top.gif</url>
      <title>
      ZEIT ONLINE: Mehr Kultur</title>
      <link>http://www.zeit.de/kultur/index</link>
    </image>
<item>
      <link>http://www.zeit.de/kultur/literatur/2013-10/ian-mcewan-honig-interview-livestream</link>
      <guid>http://www.zeit.de/kultur/literatur/2013-10/ian-mcewan-honig-interview-livestream</guid>
      <category>Kultur</category>
      <title>Livestream: Ian McEwan im Gespräch</title>
      <description>&lt;a href="http://www.zeit.de/kultur/literatur/2013-10/ian-mcewan-honig-interview-livestream"&gt;&lt;img style="float:left; margin-right:5px" src="http://images.zeit.de/kultur/literatur/2013-10/ian-mcewan/ian-mcewan-148x84.jpg"/&gt;&lt;/a&gt; Christoph Amend spricht mit dem Bestsellerautor Ian McEwan über dessen neues Buch "Honig". Verfolgen Sie das Gespräch hier ab 20 Uhr im Livestream.</description>
      <dc:creator>ZEIT ONLINE : Kultur</dc:creator>
      <pubDate>Mon, 14 Oct 2013 14:22:01 GMT</pubDate>
    <ExtractedText>Livestream: Ian McEwan im Gespräch
Livestream: Ian McEwan im Gespräch
Christoph Amend spricht mit dem Bestsellerautor Ian McEwan über dessen neues Buch "Honig". Verfolgen Sie das Gespräch ab 20 Uhr hier im Livestream.
14. Oktober 2013  16:20 Uhr 
Ian McEwan, geboren 1948, ist einer der berühmtesten britischen Schriftsteller. Zu seinen Welterfolgen         zählen die Romane Abbitte und Der Zementgarten, die beide auch verfilmt wurden.
In seinem neuen Roman Honig erzählt McEwan von Serena Frome, die 1972 nach einem Studium in Cambridge vom MI5,         dem Inlandsgeheimdienst, engagiert wird. Sie ist eine leidenschaftliche Leserin und soll         sich gegenüber dem jungen Schriftsteller Tom Haley als Vertreterin einer Stiftung ausgeben         und ihn durch Geldmittel fördern: Es ist der Versuch des MI5, den kulturellen Kalten Krieg         zu gewinnen.
Anzeige
</ExtractedText>
</item>
</channel>
</rss>
