<?xml version="1.0" encoding="UTF-8" standalone="no"?>
<rss xmlns:atom="http://www.w3.org/2005/Atom" xmlns:dc="http://purl.org/dc/elements/1.1/" version="2.0">
  <channel>
<title>
      ZEIT ONLINE: Mehr Kultur</title>
<description>Aktuelle Kultur-Nachrichten, Informationen und Interviews rund um die Themen Kultur, Feuilleton, Literatur, Kunst, Film und Musik. Dazu Reportagen und Kritiken.</description>
<pubDate>Mon, 07 Oct 2013 17:34:30 GMT</pubDate>
<lastBuildDate>Mon, 7 Oct 2013 21:19:51 +0200</lastBuildDate>
<language>de-de</language>
<link>http://www.zeit.de/kultur/index</link>
<atom:link href="http://newsfeed.zeit.de/kultur/index" rel="self" type="application/rss+xml"/>
<copyright>Copyright (c) 2013, ZEIT ONLINE GmbH</copyright>
<docs>http://www.zeit.de/hilfe/rss</docs>
<generator>mod_xslt LePenguin</generator>
<managingEditor>wolfgang.blau@zeit.de (Wolfgang Blau)</managingEditor>
<webMaster>webmaster@zeit.de (Internettechnik ZEIT ONLINE)</webMaster>
<image>
      <url>http://images.zeit.de/bilder/elemente_01_06/logos/homepage_top.gif</url>
      <title>
      ZEIT ONLINE: Mehr Kultur</title>
      <link>http://www.zeit.de/kultur/index</link>
    </image>
<item>
      <link>http://blog.zeit.de/tontraeger/2013/10/07/glasser-interiors_16839</link>
      <guid>http://blog.zeit.de/tontraeger/2013/10/07/glasser-interiors_16839</guid>
      <category>Kultur</category>
      <title>Tonträger-Blog: Raus aus der Synthieburg</title>
      <description>&lt;a href="http://www.zeit.de/kultur/musik/2013-10/tontraeger-glasser-interiors"&gt;&lt;img style="float:left; margin-right:5px" src="http://images.zeit.de/kultur/musik/2013-10/glasser/glasser-148x84.jpg"/&gt;&lt;/a&gt; Im alltäglichen Leben stößt Cameron Merisow immer wieder an Grenzen. Auf "Interiors", dem neuen Album ihres Elektropop-Projekts Glasser, lässt sie keine mehr gelten.</description>
      <dc:creator>ZEIT ONLINE : Kultur</dc:creator>
    <ExtractedText>Raus aus der Synthieburg
Von Daniel Gerhardt 7. Oktober 2013 um 11:26 Uhr
Im alltäglichen Leben stößt Cameron Merisow immer wieder an Grenzen. Auf “Interiors”, dem neuen Album ihres Elektropop-Projekts Glasser, lässt sie keine mehr gelten.
© Jonathan Turner
Cameron Merisow leidet an einer leichten Form der Agoraphobie. Sie fühlt sich unwohl auf großen Plätzen und fürchtet den Kontrollverlust. Nicht zuletzt deshalb ist sie nach der Fertigstellung von Ring, ihrem Debütalbum unter dem Namen Glasser, vor drei Jahren aus dem flachen, weitläufigen Los Angeles ins Herz von Manhattan gezogen. Die Häuser dort sind hoch und die Straßenzüge eng, manche Menschen entwickeln inmitten dieser Architektur eine Klaustrophobie. Die zweite Platte von Glasser heißt nun Interiors und wurde in einem kleinen, fensterlosen Studio aufgenommen.
Merisow aber verkriecht sich nicht in einer Synthieburg oder hinter dem Bildschirm des größten Computers. Interiors strebt nach draußen, will aus der räumlichen und gedanklichen Enge ausbrechen, gegebene Formen auflösen. Das gilt musikalisch wie thematisch: In den zwölf Songs des Albums, die auf kaum absehbaren Wegen zerfließen, singt Merisow über die Grenzen einer künstlerischen und romantischen Beziehung – ihrer Beziehung zu Van Rivers, dem Koproduzenten von Interiors.
Design von Glasser | dooloop.tv
Rivers war vor vier Jahren an den Aufnahmen von Fever Ray beteiligt, dem bisher einzigen Album des gleichnamigen Projekts von Karin Dreijer Andersson . Dass er aus dieser Kollaboration mit Ideen zurückkam, die auf Interiors weiterverfolgt werden, ist eine naheliegende Vermutung: Ähnlich wie Fever Ray und Anderssons Hauptband The Knife bauen Merisow und Rivers ihre Tracks aus den bekannten Einzelteilen elektronischer Popmusik. Aber sie sortieren Beats, Loops, Synthies und Gesang zu Songs, die sich das Recht auf Abbruch, Neubeginn und abermaligen Abbruch bewahren. Allein das zentrale, mit perkussivem Vorwärtsdrang versehene Keam Theme geht zweimal zu Ende, bevor es seinen tatsächlichen Schluss erreicht.
An diesem Vor und Zurück lässt sich ablesen, wie es Merisow und Rivers während der Arbeit an Interiors zwischen den Wänden ihres Studios hin- und hergeschleudert haben muss. So wie die Songs des Albums in ihrer Form variieren, verändert sich auch das Verhältnis der Songwriterin zu ihrem Koproduzenten von Stück zu Stück. Mal ist es letzter Rückhalt vor dem drohenden Wahnsinn, mal Machtkampf, einmal sogar traute Zweisamkeit, wenn auch “on a trash pile“, wie Merisow traumwandelnd singt. Die Belastung durch die Zusammenarbeit muss dabei immer bedacht werden: Interiors fragt auch, ob es sich lohnt, das persönliche Glück für die Kunst aufs Spiel zu setzen.
Das Album gibt darauf keine explizite Antwort, zumindest der Hörer aber ist dankbar für das Opfer der beiden. Glasser gelingt eine seltene Gratwanderung zwischen Theorie und Praxis. Die Gedanken zum Ausbruch aus öffentlichen und privaten, realen und gedanklichen Räumen, die hinter Interiors stecken, bereichern die Platte, ohne ihre Zugänglichkeit zu mindern. Den Auflösungserscheinungen des körperlosen, sterilen Sounds steht die Geschichte von Merisow und Rivers als schwitzendes, kämpfendes Künstlerpaar gegenüber. Mit etwas Übung kann man zu dieser Architektur sogar tanzen.
“Interiors” von Glasser ist erschienen bei True Panther/Matador/Beggars.
</ExtractedText>
</item>
</channel>
</rss>
