<?xml version="1.0" encoding="UTF-8" standalone="no"?>
<rss xmlns:atom="http://www.w3.org/2005/Atom" xmlns:dc="http://purl.org/dc/elements/1.1/" version="2.0">
  <channel>
<title>
      ZEIT ONLINE: Mehr Kultur</title>
<description>Aktuelle Kultur-Nachrichten, Informationen und Interviews rund um die Themen Kultur, Feuilleton, Literatur, Kunst, Film und Musik. Dazu Reportagen und Kritiken.</description>
<pubDate>Mon, 07 Oct 2013 17:34:30 GMT</pubDate>
<lastBuildDate>Mon, 7 Oct 2013 21:19:51 +0200</lastBuildDate>
<language>de-de</language>
<link>http://www.zeit.de/kultur/index</link>
<atom:link href="http://newsfeed.zeit.de/kultur/index" rel="self" type="application/rss+xml"/>
<copyright>Copyright (c) 2013, ZEIT ONLINE GmbH</copyright>
<docs>http://www.zeit.de/hilfe/rss</docs>
<generator>mod_xslt LePenguin</generator>
<managingEditor>wolfgang.blau@zeit.de (Wolfgang Blau)</managingEditor>
<webMaster>webmaster@zeit.de (Internettechnik ZEIT ONLINE)</webMaster>
<image>
      <url>http://images.zeit.de/bilder/elemente_01_06/logos/homepage_top.gif</url>
      <title>
      ZEIT ONLINE: Mehr Kultur</title>
      <link>http://www.zeit.de/kultur/index</link>
    </image>
<item>
      <link>http://www.zeit.de/kultur/literatur/2013-10/christiane-f-kinder-vom-bahnhof-zoo</link>
      <guid>http://www.zeit.de/kultur/literatur/2013-10/christiane-f-kinder-vom-bahnhof-zoo</guid>
      <category>Kultur</category>
      <title>Biografie "Mein zweites Leben": Sie heißt jetzt Christiane Felscherinow</title>
      <description>&lt;a href="http://www.zeit.de/kultur/literatur/2013-10/christiane-f-kinder-vom-bahnhof-zoo"&gt;&lt;img style="float:left; margin-right:5px" src="http://images.zeit.de/kultur/literatur/2013-10/christiane-felscherinow/christiane-felscherinow-148x84.jpg"/&gt;&lt;/a&gt; Christiane F. schrieb "Wir Kinder vom Bahnhof Zoo" und wurde als Junkie weltberühmt. Mit 51 Jahren will sie keine Drogen-Ikone mehr sein. Eine Begegnung in Kreuzberg</description>
      <dc:creator>ZEIT ONLINE : Kultur - Sven Goldmann</dc:creator>
      <pubDate>Mon, 07 Oct 2013 14:02:18 GMT</pubDate>
    <ExtractedText>Kunst
Biografie "Mein zweites Leben": Sie heißt jetzt Christiane Felscherinow
Christiane F. schrieb "Wir Kinder vom Bahnhof Zoo" und wurde als Junkie weltberühmt. Mit 51 Jahren will sie keine Drogen-Ikone mehr sein. Eine Begegnung in Kreuzberg Von Sven Goldmann
7. Oktober 2013  15:44 Uhr  9 Kommentare
Christiane Felscherinow, bekannt geworden als Christiane F.  |  © Marcel Mettelsiefen/Deutscher Levante Verlag
Der Abend ist noch früh und sie ein bisschen spät dran. Kurzer Blick durch den Raum, ah, da hinten seid ihr! Christiane fegt durch die Tür und deutet einen Gruß an, alles nicht so einfach mit dem Hund an der rechten Hand und einer riesigen Plastiktüte in der linken. Hat mal wieder länger gedauert bei der Methadonabgabe am Hermannplatz. Und dann sei sie auch noch an diesem Billigshop vorbeigekommen, "Wahnsinn, alles für einen Euro, guckt mal, was ich gekauft habe!"
Der erste Eindruck dieser ersten Begegnung mit Christiane F.: Wow! Was für eine Powerfrau! Angeblich macht der Konsum von Heroin und der Ersatzdroge Methadon müde und antriebslos. Christiane F. hält sich nicht an diese Regel, sie hat sich noch nie an Regeln gehalten und ihr Körper erst recht nicht. Sonst wäre sie schon lange tot und würde nicht hyperaktiv durch diese Kneipe im Kreuzberger Graefekiez wirbeln.
Anzeige
Aus der riesigen Plastiktüte tauchen nacheinander auf: ein Kerzenlicht, ein Zuckerstreuer und drei Dominos, "kann man immer gebrauchen", auch wenn es später ein bisschen komplizierter wird mit dem Gepäck in der S-Bahn. Überhaupt die S-Bahn, "da hab’ ich vorhin was erlebt!" Christiane will sich immer noch nicht setzen und erst recht nicht aufhören zu reden. Also, die Geschichte aus der S-Bahn: "Komm ich doch vorhin aus dem Zug und da steht auf dem Bahnsteig so ein kleines Mädchen, vielleicht neun Jahre alt, und die hat ihre Monatskarte einfach so um den Hals, ich meine: Die kann ihr doch einer vom Hals reißen, na, da hab’ ich ihr gesagt: Kleene, pass bloß auf, die Welt ist voll von schlechten Menschen."
An ihrem Buch kam niemand vorbei
Christiane F. kennt sich aus. Sie hat ihre Jugend mit schlechten Menschen auf Bahnhöfen verbracht, es ging dabei weniger um geklaute Monatskarten. Christiane F. war das Mädchen vom Bahnhof Zoo . Die 14-Jährige, die sich an Männer verkaufte, Dealern hinterherhetzte und sich das Heroin in die Venen jagte. Ihr Buch, verfasst mit zwei Journalisten vom Stern, stürzte die Elterngeneration in ungeahnte Angst vor dem, was sich da im Schattenreich ihrer Kinder abspielte. Niemand, der in den späten Siebzigern und frühen Achtzigern groß wurde, kam an diesem Buch vorbei und an den Predigten der Eltern. Wir Kinder vom Bahnhof Zoo wurde drei Millionen Mal verkauft, der gleichnamige Kinofilm zog fünf Millionen Zuschauer an. Seit dieser Zeit ist Christiane F. ihr eigenes Label, sie nennt es "dieses Christiane-F.-Ding".
35 Jahre später. Aus Christiane F. ist Christiane Felscherinow geworden. Die hat ein neues Buch geschrieben, zusammen mit der Journalistin Sonja Vukovic, aber wieder heißt es: Christiane F. – mein zweites Leben. Am kommenden Freitag wird es auf der Frankfurter Buchmesse vorgestellt. Nervös? "Nee!", sagt Christiane. "Ich weiß, was auf mich zukommt. Das war damals ein bisschen anders."
Damals war 1978 und Christiane 16. Sie stieg aus der U-Bahn und das Erste, was sie sah, war ihr Foto auf der Titelseite des Stern. Am ersten Kiosk und am nächsten und am übernächsten, "das war schon ein Schock, keiner hat mich vorgewarnt, gab ja noch keine Handys und keine Anrufbeantworter und so". Also ist sie erst mal nach Hause und hat die Decke über den Kopf gezogen und gewartet, bis es vorbei ist.
Es ist bis heute nicht vorbei.
Übersicht zu diesem Artikel
</ExtractedText>
</item>
</channel>
</rss>
