<?xml version="1.0" encoding="UTF-8" standalone="no"?>
<rss xmlns:atom="http://www.w3.org/2005/Atom" version="2.0">
<channel>
<title>Beruf &amp; Chance - FAZ.NET</title>
<link>http://www.faz.net/aktuell/beruf-chance/</link>
<description>Informationen für Arbeitgeber und Arbeitnehmer. Themen wie Beruf, Job,  Karriere und Altersvorsorge. Tipps zu Bewerbung und Weiterbildung.</description>
<copyright>Copyright 2001-2013 Frankfurter Allgemeine Zeitung GmbH. Alle Rechte vorbehalten.</copyright>
<category>Beruf &amp; Chance - FAZ.NET</category>
<language>de-de</language>
<docs>http://www.faz.net/hilfe/services-newsletter-widgets-rss-feeds-mehr/</docs>
<generator>FAZ.NET</generator>
<ttl>5</ttl>
<lastBuildDate>Sat, 5 Oct 2013 07:58:01 +0200</lastBuildDate>
<atom:link href="http://www.faz.net/rss/aktuell/beruf-chance/" rel="self" type="application/rss+xml"/>
<image>
        <title>Beruf &amp; Chance - FAZ.NET</title>
        <url>http://www.faz.net/img/fazlogo_ressort.gif</url>
        <link>http://www.faz.net/aktuell/beruf-chance/</link>
    </image>
<item>
    <title>Ich über mich: Frank Göring</title>
    <description>&lt;img width="190" height="107" border="0" title="Villeroy &amp;amp; Boch AG" alt="Villeroy &amp;amp; Boch AG" src="http://media0.faz.net/polopoly_fs/1.2593152!/image/331788288.jpg_gen/derivatives/article_teaser/331788288.jpg"/&gt;&lt;p&gt;Erst Zigaretten, dann Konfitüre, jetzt Porzellan - Frank Göring hat schon viele Produkte vermarktet. Als Vorstandschef von Villeroy &amp; Boch ist sein neuestes Projekt, das in Japan verbreitete Dusch-WC hierzulande populär zu machen. Und sonst, Herr Göring?&lt;/p&gt;</description>
    <link>http://www.faz.net/aktuell/beruf-chance/ich-ueber-mich/ich-ueber-mich-frank-goering-und-sonst-herr-goering-12593046.html</link>
    <pubDate>Mon, 30 Sep 2013 08:04:00 +0200</pubDate>
    <guid isPermaLink="true">http://www.faz.net/-hpa-7hwuu</guid>
<ExtractedText>Ich über mich
Ich über mich: Frank Göring Und sonst, Herr Göring?
30.09.2013 ·  Erst Zigaretten, dann Konfitüre, jetzt Porzellan - Frank Göring hat schon viele Produkte vermarktet. Als Vorstandschef von Villeroy &amp; Boch ist sein neuestes Projekt, das in Japan verbreitete Dusch-WC hierzulande populär zu machen. Und sonst, Herr Göring?
  1/14  
© obs
Und sonst, Herr Göring?
Erst Zigaretten, dann Konfitüre, jetzt Porzellan - Frank Göring hat schon viele Produkte vermarktet. Als Vorstandschef von Villeroy &amp; Boch ist sein neuestes Projekt, das in Japan verbreitete Dusch-WC hierzulande populär zu machen. Und sonst, Herr Göring?
  1/14  
© obs
Und sonst, Herr Göring?
Erst Zigaretten, dann Konfitüre, jetzt Porzellan - Frank Göring hat schon viele Produkte vermarktet. Als Vorstandschef von Villeroy &amp; Boch ist sein neuestes Projekt, das in Japan verbreitete Dusch-WC hierzulande populär zu machen. Und sonst, Herr Göring?
</ExtractedText>
</item>
</channel>
</rss>
