<?xml version="1.0" encoding="UTF-8" standalone="no"?>
<rss xmlns:atom="http://www.w3.org/2005/Atom" version="2.0">
<channel>
<title>Feuilleton - FAZ.NET</title>
<link>http://www.faz.net/aktuell/feuilleton/</link>
<description>F.A.Z. Feuilleton: Meldungen aus den Bereichen Kunst, Kultur und Musik. Kritiken und Rezensionen. Veranstaltungen, Kino, Oper und Theater.</description>
<copyright>Copyright 2001-2013 Frankfurter Allgemeine Zeitung GmbH. Alle Rechte vorbehalten.</copyright>
<category>Feuilleton - FAZ.NET</category>
<language>de-de</language>
<docs>http://www.faz.net/hilfe/services-newsletter-widgets-rss-feeds-mehr/</docs>
<generator>FAZ.NET</generator>
<ttl>5</ttl>
<lastBuildDate>Sat, 5 Oct 2013 17:03:50 +0200</lastBuildDate>
<atom:link href="http://www.faz.net/rss/aktuell/feuilleton/" rel="self" type="application/rss+xml"/>
<image>
        <title>Feuilleton - FAZ.NET</title>
        <url>http://www.faz.net/img/fazlogo_ressort.gif</url>
        <link>http://www.faz.net/aktuell/feuilleton/</link>
    </image>
<item>
    <title>Rede des Bundespräsidenten: Vom digitalen Zwilling</title>
    <description>&lt;img width="190" height="107" border="0" title="26163584" alt="26163584" src="http://media0.faz.net/polopoly_fs/1.2602348!/image/769122798.jpg_gen/derivatives/article_teaser/769122798.jpg"/&gt;&lt;p&gt;Erstmals stellt ein Bundespräsident das Ringen um das digitale Ich in den Mittelpunkt einer Rede. Gaucks Ansprache ist ein Appell an die deutsche Politik, die Neudefinition von Freiheitsrechten nicht allein den Konzernen zu überlassen.&lt;/p&gt;</description>
    <link>http://www.faz.net/aktuell/feuilleton/debatten/rede-des-bundespraesidenten-vom-digitalen-zwilling-12602600.html</link>
    <pubDate>Thu, 03 Oct 2013 18:43:00 +0200</pubDate>
    <guid isPermaLink="true">http://www.faz.net/-gsf-7i488</guid>
<ExtractedText>Rede des Bundespräsidenten: Vom digitalen Zwilling
Rede des Bundespräsidenten
Vom digitalen Zwilling
Von Frank Schirrmacher
Erstmals stellt ein Bundespräsident das Ringen um das digitale Ich in den Mittelpunkt einer Rede. Gaucks Ansprache ist ein Appell an die deutsche Politik, die Neudefinition von Freiheitsrechten nicht allein den Konzernen zu überlassen.
Ein Fehler ist aufgetreten. Bitte überprüfen Sie Ihre Eingaben.
E-Mail-Adresse des Empfängers
(Mehrere Adressen durch Kommas trennen)
Ihre E-Mail Adresse
Ihre Nachricht (optional)
Sicherheitscode
Um einen neuen Sicherheitscode zu erzeugen, klicken Sie bitte auf das Bild. Bitte geben Sie hier den oben gezeigten Sicherheitscode ein.
03.10.2013
Tag der deutschen Einheit Feier in Stuttgart
In der Landeshauptstadt von Baden-Württemberg haben die offiziellen Feierlichkeiten zum Tag der Deutschen Einheit stattgefunden. Nicht allen jedoch ist in Stuttgart zum feiern zumute 5
Tag der deutschen Einheit: Feier in Stuttgart
Feier in Stuttgart
© AFP
Tag der deutschen Einheit: Feier in Stuttgart
Allein schon wegen des Ausdrucks „digitaler Zwilling“ wäre die Rede von Bundespräsident Gauck beachtenswert. Erstmals anerkennt ein Verfassungsorgan, dass wir im Begriff sind die Souveränität über das eigene Leben zu verlieren.
Natürlich ist er behutsam, er beklagt mehr die Preisgabe eigener Persönlichkeitsmerkmale im digitalen Zeitalter als ihre geheimdienstliche und kommerzielle Ausbeutung – aber man ist im Augenblick überhaupt schon froh, dass ein Repräsentant des Staates die Dimension des Bruchs, den die Snowden-Affäre ansatzweise enthüllte, in den Mittelpunkt einer Rede stellt.
Weitere Artikel
„Datenschutz muss so wichtig werden wie Umweltschutz“ 
Die Verdoppelung des Menschen in ein maschinenlesbares Format, das das „wirkliche“ Ich mehr und mehr zu definieren beginnt und fast vollständig außerhalb unserer Einflussmöglichkeiten liegt, nennt Gauck nunmehr eine Tatsache; „Datenschutz“ – ein leider höchst unattraktives Wort – ist in der neuen Digitalökologie ein Menschenrecht, mindestens so bedeutsam wie die bürgerlichen Freiheitsrechte, die die erste Aufklärung erkämpfte.
Wer auch nur eine blasse Vorstellung von der Bedeutung hat, die Individualität und unverwechselbare Identität für unsere europäische Gesellschaftsvorstellung spielen, wird feststellen, dass Gauck mit seinem Hinweis auf den verdoppelten Menschen kaum weiter hat gehen können.
Eine massive Veränderung des Menschenbilds
Mit dem Doppelgänger, der von uns allen erschaffen wird, liefern wir uns Systemen aus, die aus Effizienz-, Optimierungs- oder, wie bei Geheimdiensten, Risikoeinpreisungsstrategien eine massive Veränderung – auch hier hat Gauck die richtigen Worte getroffen – des „Menschenbilds“ zur Folgen haben können. In den Worten von Hugh Kenner: der Automat simuliert einen Menschen, wenn der Menschen selbst zum Automaten geworden ist.
Die Snowden-Affäre hat gezeigt, dass der Prozess viel fortgeschrittener ist als gedacht. Und sie hat vor aller Augen belegt, dass es sich bei dem Verlust an Autonomie und Souveränität nicht um philosophische Probleme handelt sondern um einen systematischen Vorgang, der die Souveränität des Staates ebenso betrifft wie des Einzelnen, von der Entwertung des Rechts ganz zu schweigen.
Das Schweigen sollte nicht allzu lange dauern
Vielleicht ist Gaucks Rede endlich Grund dafür, die lächerliche Debatte wer „modern“ ist und wer von gestern zu beenden. Die Systeme sind längst implementiert, sie helfen uns und gefährden uns, wie jede Technologie es tat – nur dass sie mit einem „Zwilling“ von uns herumspielen, einem rein „empirischen“ Menschen, der keinen Schmerz kennt und nicht an uns zurückmeldet, was man mit ihm veranstaltet und der überdies, in den Worten Michel Foucaults, „eminent regierbar“ ist.
Warum mit Wählern aus Fleisch und Blut sich herumschlagen, wenn man bald mit dem optimierten Zwillingen und seinen Präferenzen rechnen kann? Das Schweigen der Bundesregierung zu den ethischen und sozialen Folgen der neuen Überwachungssysteme und zum Schutz des Bürgers sollte nach dieser Rede nicht mehr all zulange dauern. Gaucks Beharren auf Europa zeigt auch hier einen Weg. Die moderne Gesellschaft verhandelt gerade den Begriff der Freiheit neu – Gaucks Rede ist ein Appell an die deutsche Politik, dass sie aber auch mitverhandeln muss.
Quelle: FAZ.NET
</ExtractedText>
</item>
</channel>
</rss>
