<?xml version="1.0" encoding="UTF-8" standalone="no"?>
<rss xmlns:atom="http://www.w3.org/2005/Atom" xmlns:dc="http://purl.org/dc/elements/1.1/" version="2.0">
  <channel>
<title>
      ZEIT ONLINE: Alles digital</title>
<description>Nachrichten, Analysen und Reportagen zu den Themen Internet, Datenschutz, Netzkultur, Mobil und Games. Sie finden hier die Trends, Features und Entwicklungen sowie aktuelle Tests aus dem Ressort Digital.</description>
<pubDate>Tue, 15 Oct 2013 19:32:28 GMT</pubDate>
<lastBuildDate>Wed, 16 Oct 2013 09:01:11 +0200</lastBuildDate>
<language>de-de</language>
<link>http://www.zeit.de/digital/index</link>
<atom:link href="http://newsfeed.zeit.de/digital/index" rel="self" type="application/rss+xml"/>
<copyright>Copyright (c) 2013, ZEIT ONLINE GmbH</copyright>
<docs>http://www.zeit.de/hilfe/rss</docs>
<generator>mod_xslt LePenguin</generator>
<managingEditor>wolfgang.blau@zeit.de (Wolfgang Blau)</managingEditor>
<webMaster>webmaster@zeit.de (Internettechnik ZEIT ONLINE)</webMaster>
<image>
      <url>http://images.zeit.de/bilder/elemente_01_06/logos/homepage_top.gif</url>
      <title>
      ZEIT ONLINE: Alles digital</title>
      <link>http://www.zeit.de/digital/index</link>
    </image>
<item>
      <link>http://www.zeit.de/2013/42/datenschutzrecht-europa-buergerrechte</link>
      <guid>http://www.zeit.de/2013/42/datenschutzrecht-europa-buergerrechte</guid>
      <category>Digital</category>
      <title>Überwachung: Stärkt den Schutz der Bürger vor dem Staat!</title>
      <description>&lt;a href="http://www.zeit.de/2013/42/datenschutzrecht-europa-buergerrechte"&gt;&lt;img style="float:left; margin-right:5px" src="http://images.zeit.de/digital/datenschutz/2013-10/fsa2013/fsa2013-148x84.jpg"/&gt;&lt;/a&gt; Europa überarbeitet derzeit sein Datenschutzrecht. Das ist eine Chance, die Bürgerrechte zu stärken und staatliche Überwachung unter unabhängige Kontrolle zu stellen.</description>
      <dc:creator>ZEIT ONLINE : Digital - Sarah Spiekermann</dc:creator>
      <pubDate>Thu, 10 Oct 2013 06:00:00 GMT</pubDate>
    <ExtractedText>Überwachung: Wehren wir uns! Jetzt!
Überwachung: Wehren wir uns! Jetzt!
Europa überarbeitet gegenwärtig sein Datenschutzrecht. Das ist eine Chance, die Bürgerrechte zu stärken. Ein Gastbeitrag von Sarah Spiekermann
11. Oktober 2013  09:43 Uhr  3 Kommentare
In Deutschland haben Sicherheitsbehörden letztes Jahr rund sieben Millionen Mal die Bundesnetzagentur um Hilfe für die Identifizierung von Bürgern gebeten; damit wurden die Aktivitäten von bis zu neun Prozent der deutschen Bevölkerung überwacht. Das ist aus drei Gründen problematisch: Erstens zeigen Untersuchungen, dass in 1.000 Zeilen Computercode durchschnittlich 15 bis 50 Fehler stecken. Was, wenn jemand wegen eines solchen Softwarefehlers zu Unrecht ins Visier der Fahnder gerät? Zweites wird Überwachung oft mit "staatlichen Sicherheitsinteressen" gerechtfertigt. Allerdings ist nicht genau geregelt, was das eigentlich sein soll. Und drittens existiert keine neutrale Berufungsstelle, an die sich ein unschuldiger Bürger wenden könnte. Doch weil das europäische Datenschutzrecht derzeit ohnehin überarbeitet wird, besteht die Chance auf Verbesserungen. Die Schutzrechte des Bürgers gegenüber dem Staat könnten klarer als bisher geregelt werden. Ganz sicher gehören sie nicht – wie derzeit geplant – aus dem Datenschutzgesetz gestrichen.
Zunächst müsste festgelegt werden, wann "staatliche Sicherheit" überhaupt betroffen ist und vermeintlich "legitime Interessen" über der Privatsphäre stehen sollen. Rechtlich zulässige Überwachungsvorgänge sollten dokumentiert und jedes Jahr im Nachhinein veröffentlicht werden: Warum wurde überwacht? Wer hat wann Überwachungsanweisungen gegeben? Wer wurde überprüft? Eine unabhängige Institution könnte beauftragt werden, die Vorgänge zu prüfen und rechtlich zu bewerten.
Anzeige
Keinesfalls sollte man sich bei der Reform des Datenschutzes von all jenen abspeisen lassen, die informationelle Selbstbestimmung für eine Idylle aus vergangenen Zeiten halten. Im Gegenteil: Die Bedeutung der informationellen Selbstbestimmung wächst; nicht nur angesichts der staatlichen Neugier, sondern auch, weil viele Unternehmen die Daten ihrer Kunden kommerzialisieren. Märkte für personenbezogene Daten haben ein gigantisches Volumen erreicht. Auf diesen Märkten handeln Firmen Informationen, die wir ihnen täglich zur Verfügung stellen und deren Weiterverkauf wir oft unwissentlich durch die Zustimmung zu AGBs erlauben. Unsere Daten sind unterschiedlich viel wert. Ein Datensatz aus Postleitzahl, Haushaltseinkommen und Familienstand kostet nicht viel: bei der US-Firma RapLeaf bloß einen Cent. Die Krankenakten, die österreichische Kliniken in den vergangenen Jahren an die US-Firma IMS Health verkauften, brachten immerhin 432 Euro pro Stück und Jahr. Und wer in Deutschland eine Spende tätigt, findet sich womöglich im Datensatz von Arvato wieder (je 1.000 Spendernamen für 135 Euro).
Wenn Internetsurfer ihren Browser öffnen, werden sie beobachtet . Einer meiner Studenten stellte fest, dass eine von ihm installierte Schutzsoftware in nur zehn Wochen 175.000 Verfolgungsanfragen abgewehrt hat. Wenn informationelle Selbstbestimmung angeblich unwichtig geworden ist, warum haben Lobbyisten dann über 4.000 Vorschläge in Brüssel eingereicht, um das neue Datenschutzgesetz zu beeinflussen? Allein europäische Unternehmen versprechen sich bis 2020 etwa 330 Milliarden Euro Gewinn von sogenannten Identitätsdaten. Vorausgesetzt, wir Bürger liefern sie ihnen weiterhin sorglos.
Sarah Spiekermann
lehrt an der Wirtschaftsuniversität Wien und engagiert sich in der Stiftung Datenschutz der         Bundesregierung.
Das müssen wir aber nicht. Junge Unternehmen arbeiten daran, Menschen die Kontrolle über ihre Daten zurückzugeben. "Datenbrieftaschen" könnten helfen, alle Daten, die Rechner oder Smartphones verlassen, mit Nutzungsbedingungen zu versehen. Diese könnten festlegen, für welche Zwecke eine Firma bei ihr ankommende Daten weiterverwenden darf und für wie lange. Daneben gibt es Programme für anonymes Surfen , Handys die verschlüsseltes Telefonieren erlauben oder Werbeblocker-Software. Wenn wir solche Technologien nutzen, können wir unsere Selbstbestimmung zurückgewinnen.
 
</ExtractedText>
</item>
</channel>
</rss>
