<?xml version="1.0" encoding="UTF-8" standalone="no"?>
<rss xmlns:atom="http://www.w3.org/2005/Atom" xmlns:dc="http://purl.org/dc/elements/1.1/" version="2.0">
  <channel>
<title>
      ZEIT ONLINE: Alles digital</title>
<description>Nachrichten, Analysen und Reportagen zu den Themen Internet, Datenschutz, Netzkultur, Mobil und Games. Sie finden hier die Trends, Features und Entwicklungen sowie aktuelle Tests aus dem Ressort Digital.</description>
<pubDate>Tue, 15 Oct 2013 19:32:28 GMT</pubDate>
<lastBuildDate>Wed, 16 Oct 2013 09:01:11 +0200</lastBuildDate>
<language>de-de</language>
<link>http://www.zeit.de/digital/index</link>
<atom:link href="http://newsfeed.zeit.de/digital/index" rel="self" type="application/rss+xml"/>
<copyright>Copyright (c) 2013, ZEIT ONLINE GmbH</copyright>
<docs>http://www.zeit.de/hilfe/rss</docs>
<generator>mod_xslt LePenguin</generator>
<managingEditor>wolfgang.blau@zeit.de (Wolfgang Blau)</managingEditor>
<webMaster>webmaster@zeit.de (Internettechnik ZEIT ONLINE)</webMaster>
<image>
      <url>http://images.zeit.de/bilder/elemente_01_06/logos/homepage_top.gif</url>
      <title>
      ZEIT ONLINE: Alles digital</title>
      <link>http://www.zeit.de/digital/index</link>
    </image>
<item>
      <link>http://www.zeit.de/2013/42/jugendliche-generation-youtube-medien</link>
      <guid>http://www.zeit.de/2013/42/jugendliche-generation-youtube-medien</guid>
      <category>Digital</category>
      <title>YouTube: Eine Generation wendet sich vom Fernsehen ab</title>
      <description>&lt;a href="http://www.zeit.de/2013/42/jugendliche-generation-youtube-medien"&gt;&lt;img style="float:left; margin-right:5px" src="http://images.zeit.de/digital/internet/2013-10/ytitty/ytitty-148x84.jpg"/&gt;&lt;/a&gt; RTL war gestern, die ARD vorgestern. YouTube ist das meistunterschätzte TV-Phänomen dieser Zeit. Stars wie Y-Titty finden ein Millionenpublikum und leben gut davon.</description>
      <dc:creator>ZEIT ONLINE : Digital - Alina Fichter</dc:creator>
      <pubDate>Thu, 10 Oct 2013 06:00:00 GMT</pubDate>
    <ExtractedText>YouTube: Da guckst du!
YouTube: Da guckst du!
RTL war gestern, die ARD – vorgestern: Eine Generation wendet sich vom Fernsehen ab. Sie findet ihre neuen Bildschirmhelden im Netz; und die verbreiten ihre Clips für Millionen von  Alina Fichter
12. Oktober 2013  08:19 Uhr  103 Kommentare
Monatelang haben die drei Jungs keine Zeit. Sie sagen Termin um Termin ab, und als es so weit ist, fällt gleich nach der Begrüßung dieser Satz: "Wäre gut, wenn wir es möglichst kurz halten könnten." Die drei sind Anfang 20 und sitzen auf ihrer braunen WG-Couch in Köln, gucken abwechselnd auf ihre Smartphones und gähnen. Die Nacht war kurz, die Tage sind voll; drei Uhr nachmittags, sie haben schon ein paar Interviews hinter sich und noch zwei Videodrehs vor sich, und sie müssen eine große Show vorbereiten.
Zwei Wochen später werden sie vor zehntausend Jugendlichen in der Lanxess Arena in Köln auftreten.
Anzeige
Es ist so etwas wie Alltag geworden für Philipp Laude, Oğuz Yılmaz und Matthias Roll, drei Schulfreunde aus dem fränkischen Hiltpoltstein. 15 Jahre waren sie alt, als sie aus Langeweile erste Videos von Jungs-Streichen ins Internet stellten; lautes Singen in der Fußgängerzone, Sprünge aus rollenden Einkaufswagen, solche Sachen. Später begannen sie, Songs von Rihanna und Gotye zu parodieren, Sketche und eigene Musikvideos zu veröffentlichen. Unter dem Namen Y-Titty entwickelten sie sich zu den ersten echten YouTube-Stars in Deutschland. 570 Millionen Mal wurden ihre Clips bisher angesehen.
YouTube, das ist doch diese Internetseite mit den Wackelbildern? Dieser Wust unsortierter Videoschnipsel von sabbernden Babys, herumtollenden Kätzchen, niesenden Pandas? Das Angebot eines jungen Comedy-Trios läuft Europas größter Unterhaltungsshow den Rang ab: Markus Lanz erreicht mit Wetten, dass..? pro Sendung rund acht Millionen Zuschauer zur besten Sendezeit im ZDF.
Es ist die stille Ankündigung eines grundlegenden Umbruchs für die Fernsehindustrie.
Kaum jemand, der älter als 25 Jahre ist, vermutet auf YouTube ernst zu nehmende, durchdachte und vor allem: professionell produzierte Unterhaltungs- oder gar Informationsangebote. Ideen, die den Moment überdauern. Und genau das macht YouTube zum meistunterschätzten Fernsehphänomen dieser Zeit. Hinter der unübersichtlichen Fassade hat sich ein riesiges, buntes Angebot entwickelt, das etablierte Sender in naher Zukunft nicht vollends überflüssig werden lässt, aber doch: für weite Teile der Bevölkerung gänzlich irrelevant.
Nie zuvor fielen die Mediennutzungsgewohnheiten verschiedener Generationen so weit auseinander wie heute. Die unter 25-Jährigen sind durchgehend online, an eine Zeit ohne Smartphones können sie sich nicht erinnern. Ihr bisheriges Leben ist in den sozialen Medien mit Fotos, Videos und Kommentaren bestens dokumentiert. Trends, Neues, Bewegendes erfahren sie nicht als Erstes aus der Zeitung, sondern über die Facebook-Kommentare oder Twitter-Meldungen ihrer Freunde. Gefällt ihnen ein Film oder Videoclip, weisen sie gut sichtbar darauf hin – und machen die sozialen Medien so zur neuen Fernsehzeitschrift.
"Wir gucken alle kein Fernsehen mehr", sagt YouTube-Star Philipp Laude
Auf diese Weise sind Y-Titty zu echten Teenie-Stars geworden. Der stets gut gelaunte und schlagfertige Phil, wie der Kopf der Gruppe unter Eingeweihten heißt; OG (gesprochen "Ou-Dschi"), der gut aussehende Türke, der keinen Alkohol, aber gerne Milch trinkt; und der blonde TC (bitte: "Ti-Si"), der in den Clips gerne Perücken trägt, weil er oft die Frau spielt.
Während Millionen ihre Abende noch vor dem Fernseher verbringen und dem starren Senderschema folgen, bestimmen Jugendliche und junge Erwachsene im Internet ihr Programm selbst.
"Wir gucken alle kein Fernsehen mehr", sagt Phil. "Es ist absurd, sich eine Zeit zu merken, zu der man einschalten muss, weil man sonst die Sendung verpasst. Das ist absolut nicht mehr mit dem heutigen Lebensrhythmus vereinbar", ergänzt OG. "Der Drang, eine deutsche Sendung unbedingt sehen zu wollen, ist nie so groß wie die Bequemlichkeit, es dann doch einfach sein zu lassen", sagt TC. Wieder Phil: "Dokumentationen der öffentlich-rechtlichen Sender würde ich mir schon gerne öfter ansehen. Aber die Mediatheken sind schrecklich unübersichtlich." Hinter den dreien stehen in einem Regal der Web Award des Kinderkanals, zwei goldene Ottos der Zeitschrift Bravo und der Ehrenpreis der European Web Video Academy. Sie sind die Idole einer Generation, und sie sprechen auch für Leute, die denken und leben wie sie.
Übersicht zu diesem Artikel
</ExtractedText>
</item>
</channel>
</rss>
