<?xml version="1.0" encoding="UTF-8" standalone="no"?>
<rss xmlns:atom="http://www.w3.org/2005/Atom" xmlns:dc="http://purl.org/dc/elements/1.1/" version="2.0">
  <channel>
<title>
      ZEIT ONLINE: Mehr Kultur</title>
<description>Aktuelle Kultur-Nachrichten, Informationen und Interviews rund um die Themen Kultur, Feuilleton, Literatur, Kunst, Film und Musik. Dazu Reportagen und Kritiken.</description>
<pubDate>Sat, 05 Oct 2013 16:11:40 GMT</pubDate>
<lastBuildDate>Sat, 5 Oct 2013 18:45:30 +0200</lastBuildDate>
<language>de-de</language>
<link>http://www.zeit.de/kultur/index</link>
<atom:link href="http://newsfeed.zeit.de/kultur/index" rel="self" type="application/rss+xml"/>
<copyright>Copyright (c) 2013, ZEIT ONLINE GmbH</copyright>
<docs>http://www.zeit.de/hilfe/rss</docs>
<generator>mod_xslt LePenguin</generator>
<managingEditor>wolfgang.blau@zeit.de (Wolfgang Blau)</managingEditor>
<webMaster>webmaster@zeit.de (Internettechnik ZEIT ONLINE)</webMaster>
<image>
      <url>http://images.zeit.de/bilder/elemente_01_06/logos/homepage_top.gif</url>
      <title>
      ZEIT ONLINE: Mehr Kultur</title>
      <link>http://www.zeit.de/kultur/index</link>
    </image>
<item>
      <link>http://www.zeit.de/kultur/film/2013-10/tv-krimi-kommissarin-rosa-roth</link>
      <guid>http://www.zeit.de/kultur/film/2013-10/tv-krimi-kommissarin-rosa-roth</guid>
      <category>Kultur</category>
      <title>Krimi-Reihe "Rosa Roth": Adieu, Frau Kommissar</title>
      <description>&lt;a href="http://www.zeit.de/kultur/film/2013-10/tv-krimi-kommissarin-rosa-roth"&gt;&lt;img style="float:left; margin-right:5px" src="http://images.zeit.de/kultur/film/2013-10/rosa-roth/rosa-roth-148x84.jpg"/&gt;&lt;/a&gt; Iris Berben war eine Pionierin im deutschen TV-Krimi. Nun spielt sie die "Rosa Roth" zum letzten Mal. Was hat die Gleichstellung der Frau im Ermittlungsgewerbe gebracht?</description>
      <dc:creator>ZEIT ONLINE : Kultur - Nikolaus von Festenberg</dc:creator>
      <pubDate>Sat, 05 Oct 2013 07:32:21 GMT</pubDate>
    <ExtractedText>Kunst
Krimi-Reihe "Rosa Roth": Adieu, Frau Kommissar
Iris Berben war eine Pionierin im deutschen TV-Krimi. Nun spielt sie die "Rosa Roth" zum letzten Mal. Was hat die Gleichstellung der Frau im Ermittlungsgewerbe gebracht? Von Nikolaus von Festenberg
4. Oktober 2013  21:21 Uhr  11 Kommentare
Iris Berben als Rosa Roth und Thomas Thieme als ihr Kollege Markus Körber in einer Szene des ZDF-Krimis "Rosa Roth"  |  © Jens Kalaene/dpa
Da geht sie hin und ermittelt. Da schießt sie versehentlich auf ein Kind. Da ist dann wirklich Schluss.
Der Schuss, so heißt nach 20 Jahren die letzte Folge der ZDF-Krimiserie Rosa Roth . Abgang Iris Berben. Ein kühles Lebewohl noch im ZDF-Morgenmagazin . Und ein selbstbewusstes: Sie habe sich selbst für das Ende entschieden. Ja, ein paar Tränchen habe es im Team gegeben, erzählt sie. Aber man bleibe doch immer Schauspielerprofi. Und sie signalisiert: Mission erfüllt. Die Frauen können Krimi.
Anzeige
Aufhören, der Zuschauer, auch der männliche, schlägt die Augen auf. Hey, ihr großen alten Mädchen, ihr herben Schwestern, lasst uns nicht allein. Nicht nur Berben, eine ganze Generation weiblicher Ermittlerinnen steht vor dem Abgang. Es ist, als sei es erst gestern gewesen, als sich die Anstalten bequemten, den Männerserail von Derrick bis Schimi zu öffnen. Doch die Jahre sind unerbittlich, sie bleiben nicht wegen ausgleichender Geschlechtergerechtigkeit stehen.
Nun sind die Pionierinnen von einst  an der Ruhestandsgrenze. Man sieht’s. Hannelore Hoger , 71, als Bella Block ist nur noch a.D. tätig, Senta Berger, 72, spielt die Beamtenkontrolleurin Prohacek (Unter Verdacht) sichtbar zerbrechlich, Ulrike Kriener (Kommissarin Lucas), erst 59,  führt ihr Regensburger Polizeirudel mit alkoholgefährdetem Exgeliebten grimmig und illusionslos wie eine Wolfsmutter.
Eva Matthes , 58, die Bodensee-Tatort-Kommissarin , strengt sich nicht mehr sonderlich an, den Anschein einer Dauermelancholie zu vermeiden. Warum auch, bloß weil sie der Frühpensionierungsgrenze näher gekommen  ist?
Ulrike Folkerts , mit 52 ein Küken an Jahren, aber mit Krimieinsätzen (ununterbrochen seit 1989) eine Seniorin, hat es fertig gebracht, vom Sturm und Drang jugendfrischen Engagements wie selbstverständlich in das Zeigen einer inneren Vereinsamung  überzugehen, ohne ihren Charakter zu verändern. Sabine Postel, 59, als Bremer Kommissarin bringt nichts davon ab, kiebig und hoch emotional zu bleiben, wenn sich das Böse vor ihr auftürmt.
Unfassbar von heute aus gesehen, dass vor  Jahren das Wort "Süßstoff" ausgerechnet mit "Verweiblichung" des Programms zusammengebracht wurde. Als wären Frauen an den Protagonisten-Hebeln  Einfallstor für tränig-tranige und mädchenhaft verspielte  Verflachung.
Übersicht zu diesem Artikel
</ExtractedText>
</item>
</channel>
</rss>
