<?xml version="1.0" encoding="UTF-8" standalone="no"?>
<rss xmlns:atom="http://www.w3.org/2005/Atom" version="2.0">
<channel>
<title>Beruf &amp; Chance - FAZ.NET</title>
<link>http://www.faz.net/aktuell/beruf-chance/</link>
<description>Informationen für Arbeitgeber und Arbeitnehmer. Themen wie Beruf, Job,  Karriere und Altersvorsorge. Tipps zu Bewerbung und Weiterbildung.</description>
<copyright>Copyright 2001-2013 Frankfurter Allgemeine Zeitung GmbH. Alle Rechte vorbehalten.</copyright>
<category>Beruf &amp; Chance - FAZ.NET</category>
<language>de-de</language>
<docs>http://www.faz.net/hilfe/services-newsletter-widgets-rss-feeds-mehr/</docs>
<generator>FAZ.NET</generator>
<ttl>5</ttl>
<lastBuildDate>Sat, 5 Oct 2013 07:58:01 +0200</lastBuildDate>
<atom:link href="http://www.faz.net/rss/aktuell/beruf-chance/" rel="self" type="application/rss+xml"/>
<image>
        <title>Beruf &amp; Chance - FAZ.NET</title>
        <url>http://www.faz.net/img/fazlogo_ressort.gif</url>
        <link>http://www.faz.net/aktuell/beruf-chance/</link>
    </image>
<item>
    <title>Spitzensport: Der schwierige Weg zur zweiten Karriere</title>
    <description>&lt;img width="190" height="107" border="0" title="Der ehemalige Surf-Profi Jonas-Jessyn Schmidt hat auch ohne Spitzensport seinen Weg gemacht. Dabei kam sein Karriereende besonders plötzlich." alt="Der ehemalige Surf-Profi Jonas-Jessyn Schmidt hat auch ohne Spitzensport seinen Weg gemacht. Dabei kam sein Karriereende besonders plötzlich." src="http://media1.faz.net/polopoly_fs/1.2599309!/image/2202368999.jpg_gen/derivatives/article_teaser/2202368999.jpg"/&gt;&lt;p&gt;Karrieren von Spitzensportlern sind oft kurz und intensiv.
Doch was kommt danach? Viele tun sich schwer, ihren Weg zu finden. Der Surfer Jonas-Jessyn Schmidt hat es geschafft. Und das, obwohl er mittlerweile im Rollstuhl sitzt.&lt;/p&gt;</description>
    <link>http://www.faz.net/aktuell/beruf-chance/arbeitswelt/spitzensport-und-dann-der-schwierige-weg-zur-zweiten-karriere-12599298.html</link>
    <pubDate>Tue, 01 Oct 2013 14:00:00 +0200</pubDate>
    <guid isPermaLink="true">http://www.faz.net/-gym-7i1oi</guid>
<ExtractedText>Arbeitswelt
Spitzensport - und dann? Der schwierige Weg zur zweiten Karriere
01.10.2013 ·  Karrieren von Spitzensportlern sind oft kurz und intensiv. Doch was kommt danach? Viele tun sich schwer, ihren Weg zu finden. Der Surfer Jonas-Jessyn Schmidt hat es geschafft. Und das, obwohl er mittlerweile im Rollstuhl sitzt.
Artikel Bilder (1) Lesermeinungen (3)
© dpa
Der ehemalige Surf-Profi Jonas-Jessyn Schmidt hat auch ohne Spitzensport seinen Weg gemacht. Dabei kam sein Karriereende besonders plötzlich.
© dpa
Der ehemalige Surf-Profi Jonas-Jessyn Schmidt hat auch ohne Spitzensport seinen Weg gemacht. Dabei kam sein Karriereende besonders plötzlich.
Die Bilder, die Jonas-Jessyn Schmidt gerade auf seinem Computer anklickt, könnten zwei Geschichten erzählen. Die eine handelt davon, wie verdammt lässig Surfen aussehen kann. Schmidt ist zu sehen, wie er mit seinem Brett über den Wellen schwebt und sich um die eigene Achse dreht. Und die andere Geschichte: handelt davon, wie schnell sich ein Leben verändern kann. Aufgenommen wurden die Bilder, als der 32-Jährige noch vom Sport lebte. Heute sitzt Schmidt in einem Rollstuhl, hat die Fotos gespeichert und vermisst davon: nichts. Obwohl ein Unfall seine Sportkarriere schlagartig beendete. „Ich hab das superschnell für mich angenommen“, sagt er. Schmidt vollzog eine Kehrtwende in seiner beruflichen Laufbahn. Sozusagen eine 180-Grad-Drehung mitten im Leben.
Wenn sich wie zurzeit beim Weltcup auf Sylt die weltbesten Surfer vor rund 200.000 Zuschauern messen, ist auch Schmidt zur Zuschauerrolle verdammt. Genug zu tun hat er dennoch. Mittlerweile betreibt er eine Agentur, die junge Musiker betreut. Und er verwaltet ein Haus in der Lüneburger Altstadt, das er gekauft und saniert hat. Seit Juni ist es voll vermietet. Schmidts Leben besteht jetzt aus Mietrecht, Denkmalschutz, Steuerfragen. Der Wechsel kam plötzlich, weil er während seines parallel laufenden Sportstudiums in Kiel vom Reck rutschte, mit dem Hinterkopf aufschlug und gelähmt war. Aber er wirft ein Schlaglicht auf die Frage, die viele Spitzensportler umtreibt: Was kommt eigentlich nach der Sportkarriere?
Wenig Platz für andere Interessen
Immer wieder ist von ehemaligen Top-Athleten zu hören, die nach dem Sportlerleben ins Trudeln geraten. Unter anderem der frühere Fußball-Nationaltorhüter Eike Immel, der 2008 Insolvenz anmeldete. Oder Finnlands Skisprung-Legende Matti Nykänen, der mit Alkoholexzessen in die Schlagzeilen geriet und mehrmals in Haft musste.
„Für nahezu alle Sportler bedeutet das Karriereende einen biografischen Bruch“, sagt der Sportwissenschaftler und Soziologe Robert Gugutzer von der Universität Frankfurt. Meist seien sie so stark auf ihren Sport fixiert, dass wenig Platz für andere Interessen oder gar alternative Karrierepläne bliebe. „Ich glaube, dass mehr Sportler von solchen Krisen betroffen sind, als man denkt. Das könnte ein unterschätztes Problemfeld sein“, meint Gugutzer.
„Der Drang ist nicht mehr so groß“
Jonas-Jessyn Schmidts neuer Lebensabschnitt begann im April 2007 mit seinem Absturz vom Reck. „Ich bin gelandet und habe sofort gemerkt, dass das Gefühl so rausgeht. Wie es in einer Sekunde aus dem Körper heraus fließt“, beschreibt er den Moment. Vorher war der gebürtige Niedersachse ein aufstrebender Freestyle-Surfer gewesen. 2004 hatte er zum ersten Mal an einer kompletten europäischen Tour der Sportart teilgenommen und war direkt Siebter geworden. Es ging immer weiter. Für Trainingslager flog Schmidt auf die Isla Margarita in der Karibik oder nach Kapstadt. Vermisst er nicht das Abenteuer?
„Gerade weil ich in jungen Jahren mehr gesehen habe, als viele in ihrem ganzen Leben, ist der Drang vielleicht nicht mehr so groß“, antwortet Schmidt auf die Frage, wie er mit dem Karriereende seinen Frieden machen konnte. Vor allem das Haus in Lüneburg ist seine neue Aufgabe. Er stürzte sich in sie hinein wie einst in die Wellen. Die Kompromisslosigkeit ist geblieben, nur in andere Bahnen gelenkt. Vielleicht ist das sein Geheimnis.
„Wenn das mit dem Unfall nicht passiert wäre, wäre die Wahrscheinlichkeit aber groß, dass ich noch surfen würde. Dafür hätte ich vermutlich alles geopfert, auch meine Freundin. Wenn Wind war, dann musste ich los“, erzählt Schmidt. Wind und Wellen sind für ihn heute vor allem Kulissen für die Bilder im Fotoalbum. Und mit seiner Freundin lebt er nun zusammen in einem Haus nahe Kiel.
Weitere Artikel
</ExtractedText>
</item>
</channel>
</rss>
