<?xml version="1.0" encoding="UTF-8" standalone="no"?>
<rss xmlns:atom="http://www.w3.org/2005/Atom" xmlns:dc="http://purl.org/dc/elements/1.1/" version="2.0">
  <channel>
<title>
      ZEIT ONLINE: Lebensart</title>
<description>Die Lust am Leben: Aktuelle Berichte, Ratgeber und Kolumnen rund um die Themen Mode, Essen, Trinken und Partnerschaft.</description>
<pubDate>Sat, 05 Oct 2013 16:12:57 GMT</pubDate>
<lastBuildDate>Sat, 5 Oct 2013 18:40:21 +0200</lastBuildDate>
<language>de-de</language>
<link>http://www.zeit.de/lebensart/index</link>
<atom:link href="http://newsfeed.zeit.de/lebensart/index" rel="self" type="application/rss+xml"/>
<copyright>Copyright (c) 2013, ZEIT ONLINE GmbH</copyright>
<docs>http://www.zeit.de/hilfe/rss</docs>
<generator>mod_xslt LePenguin</generator>
<managingEditor>wolfgang.blau@zeit.de (Wolfgang Blau)</managingEditor>
<webMaster>webmaster@zeit.de (Internettechnik ZEIT ONLINE)</webMaster>
<image>
      <url>http://images.zeit.de/bilder/elemente_01_06/logos/homepage_top.gif</url>
      <title>
      ZEIT ONLINE: Lebensart</title>
      <link>http://www.zeit.de/lebensart/index</link>
    </image>
<item>
      <link>http://www.zeit.de/2013/41/stilkolumne-statement-schmuck</link>
      <guid>http://www.zeit.de/2013/41/stilkolumne-statement-schmuck</guid>
      <category>Lebensart</category>
      <title>Stilkolumne: Sag's mit Schmuck</title>
      <description>&lt;a href="http://www.zeit.de/2013/41/stilkolumne-statement-schmuck"&gt;&lt;img style="float:left; margin-right:5px" src="http://images.zeit.de/2013/41/stilkolumne-statement-schmuck-2/stilkolumne-statement-schmuck-2-148x84.jpg"/&gt;&lt;/a&gt; Es müssen nicht immer Diamanten sein. Für Menschen, die sich gern Rosen oder "Help!" um den Hals hängen, macht die Mode dicken Schmuck mit klaren Ansagen.</description>
      <dc:creator>ZEIT ONLINE : Lebensart - Tillmann Prüfer</dc:creator>
      <pubDate>Wed, 02 Oct 2013 06:00:00 GMT</pubDate>
    <ExtractedText>Eine Stilkritik Von  Tillmann Prüfer
2. Oktober 2013  08:00 Uhr 
Was will uns diese Halskette sagen? Statement-Schmuck von Gucci, 1850 Euro  |  © Peter Langer
Auf Theaterbühnen trägt man keine echten Juwelen, sondern Bühnenschmuck. Maria Callas etwa benutzte für ihre Auftritte gern blitzende Kristalle von Swarovski. Die haben den Vorteil, dass sie wie Diamanten funkeln und trotzdem nicht von einem Sicherheitsteam bewacht werden müssen. Allerdings beschränkt sich Bühnenschmuck nicht auf den Showbetrieb. Sobald man Schmuck aus Glas herstellen konnte, wurde das eifrig getan. Schließlich gibt es seit je mehr Menschen, die auf sich aufmerksam machen wollen, als solche, die sich teures Geschmeide tatsächlich leisten können.
In der Mode nennt man dieses Phänomen "Statement-Schmuck": Schmuck, der nicht wertvoll sein muss, modisch aber eine starke Aussage macht. Ob bei Dries van Noten, Bottega Veneta, Vera Wang, Lanvin oder Dolce &amp; Gabbana – überall werden auf den Laufstegen Hälse mit Ketten umschlungen, die dick sind wie eine Boa constrictor, und Ringe an Finger gesteckt, die so schwer sind, dass man die Hände kaum heben kann.
Anzeige
Mit solchen "Statement-Ringen" hat einst alles begonnen, etwa dem arty ring von Yves Saint Laurent. Der erinnerte auf den ersten Blick mehr an ein abstraktes Kunstwerk als an einen Ring. Kurz darauf kamen Ringe mit Tiermotiven in Mode: schwere Adler-, Hunde- und Löwenköpfe. In diesem Herbst sind Ringe zwar wieder unauffälliger, die Statements jedoch teilweise sehr explizit. So hat Lanvin Ketten im Programm, die die Worte "HAPPY" oder "HELP!" buchstabieren. Bei Dolce &amp; Gabbana wurden die Hälse der Models mit klerikalen Motiven geschmückt.
Stilkolumne
Alle Kolumnen von Tillmann Prüfer im Überblick   |  © Peter Langer
Auch an den Ohren ist einiges zu sehen. Phillip Lim und Balmain beispielsweise präsentierten Riesen-Ohrgehänge, die an Kronleuchter erinnern. Bei Chanel und Rodarte trägt man Ohrmanschetten, die der indischen Kultur entlehnt sind und ear cuffs genannt werden. Das alles hat natürlich Vorteile. Je auffälliger der Schmuck, desto dezenter darf der Rest des Outfits ausfallen.
Maria Callas hatte zu ihrem Bühnenschmuck übrigens ein enges Verhältnis. Stücke, die sie bei besonders gelungenen Auftritten getragen hatte, erklärte sie zu ihrem Talisman. So kann unechter Schmuck dennoch einen ungeheuren Wert haben.
 
</ExtractedText>
</item>
</channel>
</rss>
