<?xml version="1.0" encoding="UTF-8" standalone="no"?>
<rss xmlns:atom="http://www.w3.org/2005/Atom" xmlns:dc="http://purl.org/dc/elements/1.1/" version="2.0">
  <channel>
<title>
      ZEIT ONLINE: Mehr Kultur</title>
<description>Aktuelle Kultur-Nachrichten, Informationen und Interviews rund um die Themen Kultur, Feuilleton, Literatur, Kunst, Film und Musik. Dazu Reportagen und Kritiken.</description>
<pubDate>Sat, 05 Oct 2013 16:11:40 GMT</pubDate>
<lastBuildDate>Sat, 5 Oct 2013 18:45:30 +0200</lastBuildDate>
<language>de-de</language>
<link>http://www.zeit.de/kultur/index</link>
<atom:link href="http://newsfeed.zeit.de/kultur/index" rel="self" type="application/rss+xml"/>
<copyright>Copyright (c) 2013, ZEIT ONLINE GmbH</copyright>
<docs>http://www.zeit.de/hilfe/rss</docs>
<generator>mod_xslt LePenguin</generator>
<managingEditor>wolfgang.blau@zeit.de (Wolfgang Blau)</managingEditor>
<webMaster>webmaster@zeit.de (Internettechnik ZEIT ONLINE)</webMaster>
<image>
      <url>http://images.zeit.de/bilder/elemente_01_06/logos/homepage_top.gif</url>
      <title>
      ZEIT ONLINE: Mehr Kultur</title>
      <link>http://www.zeit.de/kultur/index</link>
    </image>
<item>
      <link>http://www.zeit.de/kultur/film/2013-10/film-gravity-alfonso-cuaron</link>
      <guid>http://www.zeit.de/kultur/film/2013-10/film-gravity-alfonso-cuaron</guid>
      <category>Kultur</category>
      <title>Film "Gravity": Wiedergeboren im All</title>
      <description>&lt;a href="http://www.zeit.de/kultur/film/2013-10/film-gravity-alfonso-cuaron"&gt;&lt;img style="float:left; margin-right:5px" src="http://images.zeit.de/kultur/film/2013-10/gravity-sandra-bullock/gravity-sandra-bullock-148x84.jpg"/&gt;&lt;/a&gt; Sandra Bullock und George Clooney erleben in "Gravity" eine spektakuläre Orbit-Odyssee. Selten hat ein Regisseur die 3-D-Technik so überzeugend eingesetzt.</description>
      <dc:creator>ZEIT ONLINE : Kultur - Nadine Lange</dc:creator>
      <pubDate>Mon, 30 Sep 2013 22:00:00 GMT</pubDate>
    <ExtractedText>Kunst
Film "Gravity": Wiedergeboren im All
Sandra Bullock und George Clooney erleben in "Gravity" eine spektakuläre Orbit-Odyssee. Selten hat ein Regisseur die 3-D-Technik so überzeugend eingesetzt. Von Nadine Lange
3. Oktober 2013  19:45 Uhr  3 Kommentare
Sandra Bullock als Ryan Stone in "Gravity"  |  © Warner Bros. Pictures
Matt Kowalski ( George Clooney ) liebt seinen Arbeitsplatz. "Die Aussicht ist unschlagbar", sagt der Astronaut mit Blick auf die Erde, die sich einige hundert Kilometer unter ihm befindet. Er hat recht: Der blaue Planet sieht wunderschön und majestätisch aus, wie er sich da vom Rand ins Bild schiebt. Unschlagbar gut anzusehen ist Alfonso Cuaróns Weltraumabenteuer Gravity aber insgesamt. Seit Avatar und Life of Pi wurde die 3-D-Technik kaum je so überzeugend eingesetzt. Von den Space Shuttles über die Astronautenanzüge bis hin zum frei flottierenden Weltraumschrott wirkt alles ungemein plastisch und glaubhaft im Raum verteilt. Einer der größten Wow-Momente des Kinojahrs: Im Hintergrund explodiert eine Raumstation – völlig ohne Ton.
Schon die Eröffnungsszene, die aus einer einzigen eleganten Gleitbewegung zu bestehen scheint, vermittelt ein Gefühl von Schwerelosigkeit. Die Kamera begleitet Kowalski, der mit einem Raketenrucksack rund um das US-Raumschiff düst. Die Medizintechnik-Ingenieurin Ryan Stone (Sandra Bullock) und ein weiterer Astronaut befinden sich ebenfalls außerhalb des Schiffs. Sie führen eine Reparatur durch. Während sie werkeln, scherzt Kowalski über Funk mit der Bodenkontrolle in Houston und lässt dazu Countrymusik dudeln.
Anzeige
Die Idylle endet abrupt, als Teile eines zerfetzten russischen Satelliten heranrasen. Sie zerstören das Shuttle, töten den dritten Astronauten und katapultieren Doctor Stone in die Weiten des Alls. Sie trudelt und trudelt – absolut allein. Bis irgendwann Kowalskis Stimme zurückkehrt. Er beruhigt die unerfahrene Kollegin über Funk und schwebt wenig später zu ihr. Gemeinsam erreichen sie eine schwer beschädigte russische Raumstation. Doch dann versagt der Raketenrucksack seinen Dienst, und Kowalski driftet nach einer dramatischen Abnabelungsszene in die Unendlichkeit.
Stone ist nun tatsächlich vollends auf sich gestellt. Eine Orbit-Odyssee beginnt, deren Dramaturgie weniger mit der genreüblichen Sternenkriegs- und Alien-Spannung zu tun hat als mit SurvivalThrillern wie So weit die Füße tragen, Open Water oder 127 Hours. Diesmal in der Version: Eine Frau kämpft sich durchs Weltall. Improvisierend, hyperventilierend, aber im entscheidenden Moment mit einer an Sigourney Weavers Ripley erinnernden coolen Rationalität – und einmal sogar, wie die Alien-Kollegin damals, in Unterwäsche. Packend, wie Sandra Bullock das alles auf schnörkellos ernsthafte Weise spielt.
Der mexikanische Regisseur Alfonso Cuarón – zusammen mit seinem Sohn Jonás schrieb er auch das Drehbuch – gibt Gravity noch eine über die Überlebensstory hinausgehende Dimension. So zeigt er Stone einmal in einer fötusgleichen Haltung vor einer runden Raumkapseltür. Das zitiert das Baby-Motiv aus Stanley Kubricks 2001 – und deutet zum anderen darauf hin, dass die Ingenieurin während ihrer Mission auch eine persönliche Wiedergeburt erlebt. Denn seit dem Unfalltod ihrer vierjährigen Tochter hat Stone ihren Lebenswillen verloren. Erst flüchtete sie sich in nicht enden wollende Autofahrten, dann ins All. Nun will sie, nach dem Schwebezustand, zurück zur Schwerkraft.
</ExtractedText>
</item>
</channel>
</rss>
