<?xml version="1.0" encoding="UTF-8" standalone="no"?>
<rss xmlns:atom="http://www.w3.org/2005/Atom" xmlns:dc="http://purl.org/dc/elements/1.1/" version="2.0">
  <channel>
<title>
      ZEIT ONLINE: Lebensart</title>
<description>Die Lust am Leben: Aktuelle Berichte, Ratgeber und Kolumnen rund um die Themen Mode, Essen, Trinken und Partnerschaft.</description>
<pubDate>Sat, 05 Oct 2013 16:12:57 GMT</pubDate>
<lastBuildDate>Sat, 5 Oct 2013 18:40:21 +0200</lastBuildDate>
<language>de-de</language>
<link>http://www.zeit.de/lebensart/index</link>
<atom:link href="http://newsfeed.zeit.de/lebensart/index" rel="self" type="application/rss+xml"/>
<copyright>Copyright (c) 2013, ZEIT ONLINE GmbH</copyright>
<docs>http://www.zeit.de/hilfe/rss</docs>
<generator>mod_xslt LePenguin</generator>
<managingEditor>wolfgang.blau@zeit.de (Wolfgang Blau)</managingEditor>
<webMaster>webmaster@zeit.de (Internettechnik ZEIT ONLINE)</webMaster>
<image>
      <url>http://images.zeit.de/bilder/elemente_01_06/logos/homepage_top.gif</url>
      <title>
      ZEIT ONLINE: Lebensart</title>
      <link>http://www.zeit.de/lebensart/index</link>
    </image>
<item>
      <link>http://www.zeit.de/lebensart/mode/2013-10/fs-fashion-week-paris-chanel-saint-laurent-louis-vuitton</link>
      <guid>http://www.zeit.de/lebensart/mode/2013-10/fs-fashion-week-paris-chanel-saint-laurent-louis-vuitton</guid>
      <category>Lebensart</category>
      <title>Pariser Modewoche: Die Branche dankt Marc Jacobs</title>
      <description>&lt;a href="http://www.zeit.de/lebensart/mode/2013-10/fs-fashion-week-paris-chanel-saint-laurent-louis-vuitton"&gt;&lt;img style="float:left; margin-right:5px" src="http://images.zeit.de/lebensart/mode/2013-10/fs-fashion-week-paris-chanel-saint-laurent-louis-vuitton-teaser/fs-fashion-week-paris-chanel-saint-laurent-louis-vuitton-teaser-148x84.jpg"/&gt;&lt;/a&gt; Bevor er kam, war Louis Vuitton bloß eine Taschenfirma: Bei der Schau in Paris feierte Jacobs nun einen würdevollen Abgang. Saint Laurent und Chanel wagten mal was Neues.</description>
      <dc:creator>ZEIT ONLINE : Lebensart - Jina Khayyer</dc:creator>
      <pubDate>Thu, 03 Oct 2013 07:13:39 GMT</pubDate>
    <ExtractedText>1 von 6 Zurück Vorwärts
Pariser Modewoche:
Die Branche dankt Marc Jacobs
Schon seit vergangener Saison hielt sich das Gerücht: Marc Jacobs wird gehen, Nicolas Ghesquières (ehemaliger Balenciaga-Designer) wird kommen. Es war nun – in der Mode nicht unbedingt üblich – ein würdevoller Abgang. Jacobs bekam die Gelegenheit, seine Verdienste für Louis Vuitton noch ein letztes Mal ins Rampenlicht zu rücken. Bevor er die Linie übernommen hatte, war LV schließlich nur eine Taschenfirma. Die Branche trennt sich ungern von Showmaster Jacobs und feierte ihn mit stehendem Applaus.  |           © Pascal Le Segretain/Getty Images
Mit Applaus und Tränen haben am vergangenen Dienstag die Schauen in Paris begonnen . Nun gingen sie mit Applaus und Tränen zu Ende: Am Vormittag zeigte Marc Jacobs seine letzte Show als Designer von Louis Vuitton. Die Jacobs-Ära in Paris ist nun Vergangenheit, und Hedi Slimane zeigt die Zukunft von Saint Laurent. Karl Lagerfeld überraschte das Publikum mit frischer Kunst. Jina Khayyer kommentiert Bilder vom Abschluss der Pariser Modewoche.
 
</ExtractedText>
</item>
</channel>
</rss>
