<?xml version="1.0" encoding="UTF-8" standalone="no"?>
<rss xmlns:atom="http://www.w3.org/2005/Atom" version="2.0">
<channel>
<title>Finanzen - FAZ.NET</title>
<link>http://www.faz.net/aktuell/finanzen/</link>
<description>Finanzen, Börse, Aktien:  Aktuelle Nachrichten über Märkte und deren Entwicklung. News über Fonds, Anleihen und Zinsen aus der Finanzwelt.</description>
<copyright>Copyright 2001-2013 Frankfurter Allgemeine Zeitung GmbH. Alle Rechte vorbehalten.</copyright>
<category>Finanzen - FAZ.NET</category>
<language>de-de</language>
<docs>http://www.faz.net/hilfe/services-newsletter-widgets-rss-feeds-mehr/</docs>
<generator>FAZ.NET</generator>
<ttl>5</ttl>
<lastBuildDate>Sat, 5 Oct 2013 17:58:08 +0200</lastBuildDate>
<atom:link href="http://www.faz.net/rss/aktuell/finanzen/" rel="self" type="application/rss+xml"/>
<image>
        <title>Finanzen - FAZ.NET</title>
        <url>http://www.faz.net/img/fazlogo_ressort.gif</url>
        <link>http://www.faz.net/aktuell/finanzen/</link>
    </image>
<item>
    <title>Deutschland lernt sparen: Fonds, aber bitte günstig!</title>
    <description>&lt;img width="190" height="107" border="0" title="Hackethal" alt="Hackethal" src="http://media0.faz.net/polopoly_fs/1.2580946!/image/849237566.jpg_gen/derivatives/article_teaser/849237566.jpg"/&gt;&lt;p&gt;Wie soll man sein Geld in Unternehmen investieren? Am besten durch einen Fonds. Wichtig bei der Fondsauswahl: Er sollte möglichst breit streuen und möglichst günstig sein.&lt;/p&gt;</description>
    <link>http://www.faz.net/aktuell/finanzen/meine-finanzen/sparen-und-geld-anlegen/deutschland-lernt-sparen/deutschland-lernt-sparen-fonds-aber-bitte-guenstig-12580945.html</link>
    <pubDate>Thu, 19 Sep 2013 00:00:00 +0200</pubDate>
    <guid isPermaLink="true">http://www.faz.net/-hvj-7hnip</guid>
<ExtractedText>Deutschland lernt sparen: Fonds, aber bitte günstig!
Deutschland lernt sparen
Fonds, aber bitte günstig!
Von
Wie soll man sein Geld in Unternehmen investieren? Am besten durch einen Fonds. Wichtig bei der Fondsauswahl: Er sollte möglichst breit streuen und möglichst günstig sein.
Ein Fehler ist aufgetreten. Bitte überprüfen Sie Ihre Eingaben.
E-Mail-Adresse des Empfängers
(Mehrere Adressen durch Kommas trennen)
Ihre E-Mail Adresse
Ihre Nachricht (optional)
Sicherheitscode
Um einen neuen Sicherheitscode zu erzeugen, klicken Sie bitte auf das Bild. Bitte geben Sie hier den oben gezeigten Sicherheitscode ein.
</ExtractedText>
</item>
</channel>
</rss>
