<?xml version="1.0" encoding="UTF-8" standalone="no"?>
<rss xmlns:content="http://purl.org/rss/1.0/modules/content/" version="2.0">
<channel>
<title>SPIEGEL ONLINE - Kultur</title>
<link>http://www.spiegel.de</link>
<description>Nachrichten zu Kultur und Kunst, Fernsehen und Kino, Pop und Theater. Reportagen, Service, Rezensionen, Interviews - und der Zwiebelfisch.</description>
<language>de</language>
<pubDate>Mon, 07 Oct 2013 21:12:45 +0200</pubDate>
<lastBuildDate>Mon, 07 Oct 2013 21:12:45 +0200</lastBuildDate>
<image>
<title>SPIEGEL ONLINE</title>
<link>http://www.spiegel.de</link>
<url>http://www.spiegel.de/static/sys/logo_120x61.gif</url>
</image>
<item>
<title>S.P.O.N. - Helden der Gegenwart: Der deutsche Rentner schlägt zurück</title>
<link>http://www.spiegel.de/kultur/gesellschaft/silke-burmester-ueber-altersstarrsinn-und-renitente-rentner-a-926077.html#ref=rss</link>
<description>Deutschland, sei wachsam! In hiesigen Städten treiben vermehrt renitente Rentner ihr Unwesen. Sie besetzen Begegnungsstätten und leerstehende Büroräume, fordern gar Parkbänke. Sicherheitsexperten warnen bereits vor einer neuen RAF.</description>
<pubDate>Sun, 06 Oct 2013 13:51:00 +0200</pubDate>
<guid>http://www.spiegel.de/kultur/gesellschaft/silke-burmester-ueber-altersstarrsinn-und-renitente-rentner-a-926077.html</guid>
<content:encoded><![CDATA[<img src="http://www.spiegel.de/images/image-552869-thumbsmall-jxid.jpg" hspace="5" align="left" >Deutschland, sei wachsam! In hiesigen Städten treiben vermehrt renitente Rentner ihr Unwesen. Sie besetzen Begegnungsstätten und leerstehende Büroräume, fordern gar Parkbänke. Sicherheitsexperten warnen bereits vor einer neuen RAF.]]></content:encoded>
<enclosure type="image/jpeg" url="http://www.spiegel.de/images/image-552869-thumbsmall-jxid.jpg"/>
<ExtractedText>Silke Burmester über AltersStarrsinn und renitente Rentner
S.P.O.N. - Helden der Gegenwart: Der deutsche Rentner schlägt zurück
Eine Kolumne von Silke Burmester
DPA
Senioren in Hamburg: "AltersStarrsinn" nennen sich die Aufmüpfigen
Deutschland, sei wachsam! In hiesigen Städten treiben vermehrt renitente Rentner ihr Unwesen. Sie besetzen Begegnungsstätten und leerstehende Büroräume, fordern gar Parkbänke. Sicherheitsexperten warnen bereits vor einer neuen RAF.
Schon wieder wurde in Hamburg ein Haus besetzt - durch Senioren. Privatbesitz, die Krönung kapitalistischer Selbstverwirklichung, durch alte Leute besudelt. Kein Respekt, nirgends. Von niemandem. Bislang meinten vor allem junge Menschen, leerstehenden Raum einfach für sich beanspruchen zu können. Nun wollen auch zunehmend Menschen über 60 Jahre nicht länger mit ansehen, wie Büroflächen und Wohnungen über Jahre leer stehen, packen ihren Groll in ihren Hackenporsche und besetzen Leerräume. "AltersStarrsinn" nennt sich die rund 20-köpfige Gruppe aufmüpfiger Grauhaariger, die am Dienstag in Hamburg-Ottensen das Planungsdebakel "Vivo" einnahm.
Als Treff- und Einkaufspunkt einer alternativen Lebenskultur vor rund zehn Jahren eröffnet, fristet das Gebäude - zumindest Teile davon - seit Jahren ein unbelebtes Dasein. Aber ist das eine Rechtfertigung dafür, die Häkelnadeln und die Bastelpläne fürs Buddelschiff niederzulegen und einfach einzumarschieren? Es gebe nicht genug barrierefreien Wohnraum für ältere Menschen in Hamburg, sagen die renitenten Rentner, die auch noch die Idee haben, als Wohnkollektiv zusammenleben zu wollen.
Als hätte Bürgermeister Olaf Scholz nicht durch das Votum der Hamburger, die Energienetze zurückkaufen zu wollen , das die blöden Bürger trotz seines massiven Gegendrucks und teurer Kampagnen von Vattenfall durchgedrückt haben, schon genug am Hals, müssen ihm nun auch noch die Alten das Leben schwer machen. Dabei hatte man im April extra eine Gartenschau eröffnet, um, für 21 Euro Eintritt, Menschen im Ruhestand bei Laune zu halten.
Alles nur Tarnung!
Tatsächlich sind die alten Fischköppe nicht die Einzigen, die stinkig werden. Auch in anderen Städten mehren sich aufständische Rentner, die alles Mögliche fordern. In Berlin besetzten sie eine Begegnungsstätte, um deren Erhalt durchzusetzen, und die "Senioren-Union" forderte, überall Parkplätze für diejenigen im Rollatoralter auszuweisen, die mit dem Auto unterwegs sind. Innen- und Sicherheitsexperten nehmen diese Entwicklung mit Sorge zur Kenntnis, erste Beobachter sehen bereits eine neue RAF-Generation entstehen - Radikale Alte Formation.
Besondere Sorge macht den Sicherheitsexperten das harmlose Auftreten der Senioren. Anders als die jungen Demonstranten, die vor allem in den Großstädten bezahlbaren Wohnraum fordern, können die Alten nicht einfach automatisch der linken Szene zugeordnet und so im Sinne der Staatsmacht radikalisiert werden. Sie weigern sich, ihren Rechtsbruch in Schwarz und vermummt durchzuführen. Und ihre Forderungen wie "Wir wollen hier wohnen!" klingen in den Ohren der Staatswächter so niedlich, dass sie kaum eine Rechtfertigung finden, die Oldie-Querulanten und mögliche Trittbrett-Revoluzzer mit überzogenen Polizeieinsätzen einzuschüchtern.
Dass das knuddelige Auftreten der Falten- und Brillenträger ein geschickter Akt der Tarnung ist, haben die Staatswächter aber längst durchschaut, was sie ihrer jahrzehntelangen Erfahrung im Häuserkampf rund um die Hafenstraße und das Schanzenviertel zu verdanken haben. Die Forderung nach "solidarischem Wohnen" und Wörter wie "Kollektiv" verraten, ebenso wie das Symbol des Sterns auf der Homepage von "AltersStarrsinn", die Gesinnung der Wut-Oldies.
Und dank ihrer Erfahrung können die Staatsdiener auch bekannte Gesichter unter den Besetzern identifizieren. Es sind unter anderem ehemalige Politiker und Politikerinnen der Grünen, der GAL, die hier, kaum, dass sie nicht mehr im aktiven Politikgeschehen nerven, die Bürger aufstacheln. Es ist also zu befürchten, dass die Alt-Achtundsechziger auch in ihren grauen Jahren nix Besseres zu tun haben, als die Beschaulichkeit im Land zu stören und Unruhe zu stiften.
Die Sprinkenhof AG, Verwalterin des Leerstands des Vivo-Komplexes, hat sich mit dem Hinweis, ein entsprechender Umbau sei nicht möglich, der Forderung der Wohnungssuchenden zu erwehren versucht. Doch als wäre so eine Erklärung nicht Anlass genug, von dem Vorhaben Abstand zu nehmen, fordern die Streitsucher jetzt die Begutachtung durch einen Architekten. Man fragt sich, wo das enden soll?
Kein Respekt. Nirgends.
Kennen Sie schon unsere neuen Newsletter?
</ExtractedText>
</item>
</channel>
</rss>
