<?xml version="1.0" encoding="UTF-8" standalone="no"?>
<rss xmlns:content="http://purl.org/rss/1.0/modules/content/" version="2.0">
<channel>
<title>SPIEGEL ONLINE - Kultur</title>
<link>http://www.spiegel.de</link>
<description>Nachrichten zu Kultur und Kunst, Fernsehen und Kino, Pop und Theater. Reportagen, Service, Rezensionen, Interviews - und der Zwiebelfisch.</description>
<language>de</language>
<pubDate>Wed, 16 Oct 2013 09:02:56 +0200</pubDate>
<lastBuildDate>Wed, 16 Oct 2013 09:02:56 +0200</lastBuildDate>
<image>
<title>SPIEGEL ONLINE</title>
<link>http://www.spiegel.de</link>
<url>http://www.spiegel.de/static/sys/logo_120x61.gif</url>
</image>
<item>
<title>Architektur-Biennale in Venedig: Schweizer Architekten entwerfen deutschen Pavillon</title>
<link>http://www.spiegel.de/kultur/gesellschaft/alex-lehnerer-und-savvas-ciriacidis-deutscher-biennale-pavillon-a-927942.html#ref=rss</link>
<description>Eine Prestigefrage ist stets, wer die Länderpavillons bei der Architektur-Biennale in Venedig gestalten darf. Für den deutschen Pavillon 2014 hat das Bundesbauministerium jetzt das Zürcher Büro von Alex Lehnerer und Savvas Ciriacidis benannt.</description>
<pubDate>Tue, 15 Oct 2013 16:18:58 +0200</pubDate>
<guid>http://www.spiegel.de/kultur/gesellschaft/alex-lehnerer-und-savvas-ciriacidis-deutscher-biennale-pavillon-a-927942.html</guid>
<content:encoded><![CDATA[Eine Prestigefrage ist stets, wer die Länderpavillons bei der Architektur-Biennale in Venedig gestalten darf. Für den deutschen Pavillon 2014 hat das Bundesbauministerium jetzt das Zürcher Büro von Alex Lehnerer und Savvas Ciriacidis benannt.]]></content:encoded>
<ExtractedText>Alex Lehnerer und Savvas Ciriacidis: deutscher Biennale-Pavillon
Architektur-Biennale in Venedig: Schweizer Architekten entwerfen deutschen Pavillon
Eine Prestigefrage ist stets, wer die Länderpavillons bei der Architektur-Biennale in Venedig gestalten darf. Für den deutschen Pavillon 2014 hat das Bundesbauministerium jetzt das Zürcher Büro von Alex Lehnerer und Savvas Ciriacidis benannt.
Berlin - Sie wollten ein Loch in Chicago, das von einem eingestürzten Haus geblieben war, mit einer Art riesigem Heißluftballon füllen. Das Schweizer Architekten-Duo Alex Lehnerer und Savvas Ciriacidis, das den deutschen Pavillon der Architektur-Biennale 2014 gestalten soll, zeichnet sich also durchaus durch originelle Ansätze aus.
Wie das Bundesbauministerium nun am Dienstag mitteilte, hat eine unabhängige Jury unter Vorsitz von Werner Durth die beiden Partner aus Zürich als Generalkommissare ausgewählt. Die Projektleitung übernimmt erneut die Kulturmanagerin Sally Below, die schon mehrere deutsche Beiträge in Venedig begleitet hat.
Das Büro von Alex Lehnerer und Savvas Ciriacidis erhielt Auszeichnungen wie den Architekturpreis Chicago, den Urban Design Group Book Award sowie aktuell den DAM Buchpreis 2013. Lehnerer ist Assistenzprofessor für Architektur und Städtebau an der ETH Zürich . Parallel arbeitet er an dem ETH Future Cities Laboratory Projekt in Singapur. 2009 gründete er das Department of Urban Speculation (DeptUS) in Chicago, wo er auch als Professor an der Universität von Illinois lehrte. Savvas Ciriacidis unterrichtet ebenfalls Architektur und Entwurf an der ETH Zürich.
Die Architekturbiennale, die alle zwei Jahre im Wechsel mit der Kunstbiennale stattfindet, wird am 7. Juni 2014 eröffnet und läuft bis zum 23. November 2014. Künstlerischer Leiter ist diesmal der niederländische Architekt Rem Koolhaas. Das übergeordnete Thema der Biennale für die Hauptausstellungen ist Fundamentals, für die Nationenpavillons hat Koolhaas das Thema Absorbing Modernity 1914 - 2014 ausgegeben.
Vor zwei Jahren hatte Muck Petzet im deutschen Pavillon für Recycling-Architektur geworben . 2010 hatte das Büro Die Walverwandtschaften Deutschland vertreten, bei der Architektubiennale 2008 sorgten Friedrich von Borries und Matthias Böttger mit "Updating Germany" für Aufsehen.
feb/dpa
</ExtractedText>
</item>
</channel>
</rss>
