<?xml version="1.0" encoding="UTF-8" standalone="no"?>
<rss xmlns:atom="http://www.w3.org/2005/Atom" version="2.0">
<channel>
<title>Finanzen - FAZ.NET</title>
<link>http://www.faz.net/aktuell/finanzen/</link>
<description>Finanzen, Börse, Aktien:  Aktuelle Nachrichten über Märkte und deren Entwicklung. News über Fonds, Anleihen und Zinsen aus der Finanzwelt.</description>
<copyright>Copyright 2001-2013 Frankfurter Allgemeine Zeitung GmbH. Alle Rechte vorbehalten.</copyright>
<category>Finanzen - FAZ.NET</category>
<language>de-de</language>
<docs>http://www.faz.net/hilfe/services-newsletter-widgets-rss-feeds-mehr/</docs>
<generator>FAZ.NET</generator>
<ttl>5</ttl>
<lastBuildDate>Sun, 13 Oct 2013 17:32:02 +0200</lastBuildDate>
<atom:link href="http://www.faz.net/rss/aktuell/finanzen/" rel="self" type="application/rss+xml"/>
<image>
        <title>Finanzen - FAZ.NET</title>
        <url>http://www.faz.net/img/fazlogo_ressort.gif</url>
        <link>http://www.faz.net/aktuell/finanzen/</link>
    </image>
<item>
    <title>Baufinanzierung: Kreditnehmer bringen mehr Eigenkapital ein</title>
    <description>&lt;img width="190" height="107" border="0" title="Frankfurt braucht Wohnraum: Neubauten auf dem Riedberg" alt="Frankfurt braucht Wohnraum: Neubauten auf dem Riedberg" src="http://media0.faz.net/polopoly_fs/1.2614462!/image/2927609592.jpg_gen/derivatives/article_teaser/2927609592.jpg"/&gt;&lt;p&gt;Aufgrund niedriger Zinsen verlieren klassische Geldanlagen an Attraktivität. Anleger investieren lieber in Immobilien - und nutzen dafür verstärkt ihre Ersparnisse.&lt;/p&gt;</description>
    <link>http://www.faz.net/aktuell/finanzen/meine-finanzen/mieten-und-wohnen/baufinanzierung-kreditnehmer-bringen-mehr-eigenkapital-ein-12614336.html</link>
    <pubDate>Sat, 12 Oct 2013 09:00:00 +0200</pubDate>
    <guid isPermaLink="true">http://www.faz.net/-hst-7ida8</guid>
<ExtractedText>Frankfurt braucht Wohnraum: Neubauten auf dem Riedberg
© Rüchel, Dieter
Frankfurt braucht Wohnraum: Neubauten auf dem Riedberg
So mancher Immobilienkredit steht auf soliderem Fundament. Denn die Kreditnehmer wenden mehr Eigenkapital für ihre Baufinanzierungen auf. Dies hat der Finanzdienstleister Dr. Klein festgestellt. So wurden im August hierzulande durchschnittlich 77,3 Prozent des Kaufpreises durch Darlehen finanziert. Im Juli waren es noch 78,4 Prozent und damit in etwa so viel wie vor einem Jahr. „Im derzeitigen Niedrigzinsumfeld verlieren klassische Geldanlagen an Attraktivität“, sagt Stephan Gawarecki, Vorstandssprecher von Dr. Klein. Anleger investierten nach wie vor in attraktive Immobilien. Zudem würden Sparguthaben bei einem Immobilienkauf stärker eingebracht.
Daher sei zudem die durchschnittliche Darlehenshöhe im August von 163.000 auf 161.000 Euro zurückgegangen. Da aber die Preise für Wohnimmobilien gestiegen seien, liegt die Finanzierungssumme nun um 9000 Euro höher als noch im August vergangenen Jahres, heißt es von Dr. Klein. Damals lag der Durchschnittswert der Kredithöhe bei 152.000 Euro. Nach einem eigenen Hauspreis-Index haben sich Eigentumswohnungen in Deutschland binnen eines Jahres um 7,1 Prozent verteuert, Bestandshäuser um fast 7 Prozent und Neubauten um 4,7 Prozent.
Preise steigen seit 2009
Vor allem in den Großstädten sind Immobilien teurer geworden. Nach Angaben der Deutschen Bundesbank sind die Preise auf dem deutschen Wohnimmobilienmarkt seit dem Jahr 2009 gestiegen, und das vor allem in großen Ballungszentren. Demnach sind die Preise für neue Wohnimmobilien in den sieben größten deutschen Städten – Berlin, Hamburg, München, Köln, Frankfurt, Stuttgart und Düsseldorf – im Jahr 2011 um 9,1 Prozent gestiegen und im Jahr 2010 um 4,9 Prozent. Jahreszahlen für 2012 gibt es von der Bundesbank noch keine, doch die Quartalswerte zeigen weiterhin deutlich aufwärts.
Auffallend ist zudem, dass die durchschnittliche Standardrate für eine Baufinanzierung nach den Berechnungen des Finanzdienstleisters Dr. Klein seit ihrem Tiefststand im Mai dieses Jahres nun im August zum dritten Mal in Folge gestiegen ist. Für ein Darlehen über 150.000 Euro mit zehnjähriger Sollzinsbindung (Darlehen: 80 Prozent, Tilgung: 2 Prozent) fiel für die Kreditnehmer im Durchschnitt zuletzt eine Monatsrate von 604 Euro an. Das entspricht zwar einem Rückgang um 10 Euro im Vergleich zum August 2012. Im Mai 2013 waren es allerdings durchschnittlich nur 555 Euro monatlich. Damit fällt die Belastung für die Kreditnehmer je Monat um 9 Prozent höher aus als noch im Frühjahr.
Weitere Artikel
</ExtractedText>
</item>
</channel>
</rss>
