<?xml version="1.0" encoding="UTF-8" standalone="no"?>
<rss xmlns:atom="http://www.w3.org/2005/Atom" version="2.0">
<channel>
<title>Beruf &amp; Chance - FAZ.NET</title>
<link>http://www.faz.net/aktuell/beruf-chance/</link>
<description>Informationen für Arbeitgeber und Arbeitnehmer. Themen wie Beruf, Job,  Karriere und Altersvorsorge. Tipps zu Bewerbung und Weiterbildung.</description>
<copyright>Copyright 2001-2013 Frankfurter Allgemeine Zeitung GmbH. Alle Rechte vorbehalten.</copyright>
<category>Beruf &amp; Chance - FAZ.NET</category>
<language>de-de</language>
<docs>http://www.faz.net/hilfe/services-newsletter-widgets-rss-feeds-mehr/</docs>
<generator>FAZ.NET</generator>
<ttl>5</ttl>
<lastBuildDate>Wed, 16 Oct 2013 06:09:01 +0200</lastBuildDate>
<atom:link href="http://www.faz.net/rss/aktuell/beruf-chance/" rel="self" type="application/rss+xml"/>
<image>
        <title>Beruf &amp; Chance - FAZ.NET</title>
        <url>http://www.faz.net/img/fazlogo_ressort.gif</url>
        <link>http://www.faz.net/aktuell/beruf-chance/</link>
    </image>
<item>
    <title>Anerkennung von Abschlüssen: Lieber Arzt als Taxifahrer</title>
    <description>&lt;img width="190" height="107" border="0" title="Raus aus der Taxifahrer-Ecke: Viele ausländische Berufsabschlüsse werden mittlerweile anerkannt." alt="Raus aus der Taxifahrer-Ecke: Viele ausländische Berufsabschlüsse werden mittlerweile anerkannt." src="http://media0.faz.net/polopoly_fs/1.2618958!/image/194987463.jpg_gen/derivatives/article_teaser/194987463.jpg"/&gt;&lt;p&gt;Trotz eines Studiums enden Zuwanderer in Deutschland teilweise als Taxifahrer  - weil ihre Abschlüsse hier nichts wert sind. Ein neues Gesetz sollte die Anerkennung verbessern. Jetzt zeigt eine erste Bilanz: Es scheint zu wirken.&lt;/p&gt;</description>
    <link>http://www.faz.net/aktuell/beruf-chance/recht-und-gehalt/anerkennung-von-abschluessen-lieber-arzt-als-taxifahrer-12618843.html</link>
    <pubDate>Tue, 15 Oct 2013 15:28:54 +0200</pubDate>
    <guid isPermaLink="true">http://www.faz.net/-gyo-7igrf</guid>
<ExtractedText>Raus aus der Taxifahrer-Ecke: Viele ausländische Berufsabschlüsse werden mittlerweile anerkannt.
© dpa
Raus aus der Taxifahrer-Ecke: Viele ausländische Berufsabschlüsse werden mittlerweile anerkannt.
Approbierte Ärzte, die Taxi fahren und Ingenieure, die kellnern gehen müssen: Das war in der Vergangenheit in Deutschland oft Realität. Ein Grund dafür: Die Akademiker stammten aus dem Ausland und ihre Berufsabschlüsse wurden nicht anerkannt. Seit April 2012 gilt nun ein neues Anerkennungsgesetz - und jetzt gibt es dazu erste Zahlen: Ein Großteil der eingereichten ausländischen Berufsabschlüsse in Deutschland ist in der jüngeren Vergangenheit tatsächlich anerkannt worden. Das meldet das Statistische Bundesamt.
Demnach wurde zwischen April und Dezember 2012 über insgesamt 7980 entsprechende Anträge entschieden. In 7458 Fällen wurden die im Ausland erworbenen Berufsabschlüsse als vollständig oder eingeschränkt gleichwertig in Deutschland anerkannt, nur 522 Anträge wurden abgelehnt.
Die meisten Anträge kamen aus dem Bereich Medizin
Besonders groß war den Angaben zufolge das Interesse an einer Anerkennung im Bereich der medizinischen Gesundheitsberufe: Aus dieser Berufsgruppe stammten alleine 6837 der 7458 positiv beschiedenen Anträge - 5121 davon hatten Ärzte gestellt. Kein Wunder: Viele Kliniken gerade in ländlichen Lagen jammern darüber, ihre Stellen nicht mehr besetzen zu können.
Bundesbildungsministerin Johanna Wanka (CDU) bezeichnete die hohe Zahl von vollständigen Anerkennungen als „sehr erfreulich“. Die Zahlen verdeutlichten, „dass das Anerkennungsgesetz einen wichtigen Beitrag zur Sicherung des Fachkräftebedarfs leistet“, sagte Wanka.
  
Das Anerkennungsgesetz des Bundes umfasst allerdings nur die bundesrechtlich geregelten Berufe. Für andere wichtige Berufsgruppen wie Lehrer sind die Länder zuständig. Nach Angaben Wankas stehen die Anerkennungsgesetze von acht Bundesländern noch weiterhin aus.
Weitere Artikel
</ExtractedText>
</item>
</channel>
</rss>
