<?xml version="1.0" encoding="UTF-8" standalone="no"?>
<rss xmlns:content="http://purl.org/rss/1.0/modules/content/" version="2.0">
<channel>
<title>SPIEGEL ONLINE - Netzwelt</title>
<link>http://www.spiegel.de</link>
<description>Nachrichten zu Internet und Technik, Handys und Computern. Aktuelle Reportagen, Analysen, Service.</description>
<language>de</language>
<pubDate>Wed, 16 Oct 2013 09:03:42 +0200</pubDate>
<lastBuildDate>Wed, 16 Oct 2013 09:03:42 +0200</lastBuildDate>
<image>
<title>SPIEGEL ONLINE</title>
<link>http://www.spiegel.de</link>
<url>http://www.spiegel.de/static/sys/logo_120x61.gif</url>
</image>
<item>
<title>Bayerischer Rundfunk: US-Haushaltsstreit bremst "Space Night"</title>
<link>http://www.spiegel.de/netzwelt/web/us-haushaltsstreit-bremst-space-night-a-927775.html#ref=rss</link>
<description>Die neuen Folgen der nächtliche Weltraumsendung "Space Night" verzögern sich: Der Bayerische Rundfunk nutzt für die Sendung Bildmaterial der US-Raumfahrtbehörde Nasa. Doch dort wurden viele Mitarbeiter in den Zwangsurlaub geschickt.</description>
<pubDate>Mon, 14 Oct 2013 16:37:00 +0200</pubDate>
<guid>http://www.spiegel.de/netzwelt/web/us-haushaltsstreit-bremst-space-night-a-927775.html</guid>
<content:encoded><![CDATA[<img src="http://www.spiegel.de/images/image-556048-thumbsmall-fgmx.jpg" hspace="5" align="left" >Die neuen Folgen der nächtliche Weltraumsendung "Space Night" verzögern sich: Der Bayerische Rundfunk nutzt für die Sendung Bildmaterial der US-Raumfahrtbehörde Nasa. Doch dort wurden viele Mitarbeiter in den Zwangsurlaub geschickt.]]></content:encoded>
<enclosure type="image/jpeg" url="http://www.spiegel.de/images/image-556048-thumbsmall-fgmx.jpg"/>
<ExtractedText>Bayerischer Rundfunk: US-Haushaltsstreit bremst "Space Night"
REUTERS
Aufnahme des Nasa-Röntgenteleskops "Chandra": In einer weit, weit entfernten Galaxie
Die neuen Folgen der nächtliche Weltraumsendung "Space Night" verzögern sich: Der Bayerische Rundfunk nutzt für die Sendung Bildmaterial der US-Raumfahrtbehörde Nasa. Doch dort wurden viele Mitarbeiter in den Zwangsurlaub geschickt.
München - Fans der "Space Night" im Bayerischen Fernsehen müssen auf eine Neuauflage der Sendung noch etwas länger warten - Grund ist der US-Haushaltsstreit. Der Sender braucht die Unterstützung der US-Weltraumbehörde Nasa, die aktuelles Filmmaterial aus dem All zur Verfügung stellt. Die Archivmitarbeiter der Nasa seien aber wegen der Haushaltskrise in den unbezahlten Urlaub geschickt worden, teilte der BR am Montag in München mit.
Möglicher neuer Starttermin soll der 15. November sein. Ursprünglich war der 1. November geplant. "Das Bayerische Fernsehen hofft, dass in den nächsten Wochen die eingeplanten Weltraumaufnahmen in München eintreffen", heißt es in der Mitteilung. Künftig solle neues HD-Filmmaterial ausgestrahlt werden, das Aufnahmen der Erde aus dem All zeigt. Im Rahmen der "Space Night" werden nachts Bilder aus dem Weltall, untermalt von sphärischer Musik, gezeigt.
Im Januar hatte der BR angekündigt, die Sendung nach 20 Jahren abzusetzen. Ein Grund waren angeblich gestiegene Kosten aufgrund einer Gebührenreform der Gema. Außerdem sah der BR Modernisierungsbedarf. Nach heftigen Protesten von Fans beschloss der Sender, die "Space Night" wieder aufzunehmen und künftig Gema-freie Musik zu verwenden , die die Zuschauer auf der Internetseite nun selbst hochladen können.
ore/dpa
</ExtractedText>
</item>
</channel>
</rss>
