<?xml version="1.0" encoding="UTF-8" standalone="no"?>
<rss xmlns:atom="http://www.w3.org/2005/Atom" xmlns:dc="http://purl.org/dc/elements/1.1/" version="2.0">
  <channel>
<title>
      ZEIT ONLINE: Mehr Kultur</title>
<description>Aktuelle Kultur-Nachrichten, Informationen und Interviews rund um die Themen Kultur, Feuilleton, Literatur, Kunst, Film und Musik. Dazu Reportagen und Kritiken.</description>
<pubDate>Mon, 07 Oct 2013 17:34:30 GMT</pubDate>
<lastBuildDate>Mon, 7 Oct 2013 21:19:51 +0200</lastBuildDate>
<language>de-de</language>
<link>http://www.zeit.de/kultur/index</link>
<atom:link href="http://newsfeed.zeit.de/kultur/index" rel="self" type="application/rss+xml"/>
<copyright>Copyright (c) 2013, ZEIT ONLINE GmbH</copyright>
<docs>http://www.zeit.de/hilfe/rss</docs>
<generator>mod_xslt LePenguin</generator>
<managingEditor>wolfgang.blau@zeit.de (Wolfgang Blau)</managingEditor>
<webMaster>webmaster@zeit.de (Internettechnik ZEIT ONLINE)</webMaster>
<image>
      <url>http://images.zeit.de/bilder/elemente_01_06/logos/homepage_top.gif</url>
      <title>
      ZEIT ONLINE: Mehr Kultur</title>
      <link>http://www.zeit.de/kultur/index</link>
    </image>
<item>
      <link>http://www.zeit.de/kultur/film/2013-10/filmfoerderung-verfassungsklage-uci</link>
      <guid>http://www.zeit.de/kultur/film/2013-10/filmfoerderung-verfassungsklage-uci</guid>
      <category>Kultur</category>
      <title>Klage eines Kinobetreibers: Ist die deutsche Filmförderung verfassungswidrig?</title>
      <description>&lt;a href="http://www.zeit.de/kultur/film/2013-10/filmfoerderung-verfassungsklage-uci"&gt;&lt;img style="float:left; margin-right:5px" src="http://images.zeit.de/kultur/film/2013-10/programmkino-kinosaal-mainz/programmkino-kinosaal-mainz-148x84.jpg"/&gt;&lt;/a&gt; Der Bund regelt die Filmförderung, obwohl die Länder die Kulturhoheit haben. Dagegen klagt ein Großkinobetreiber. Bekommt er Recht, könnte das gesamte System kippen.</description>
      <dc:creator>ZEIT ONLINE : Kultur - Christiane Peitz</dc:creator>
      <pubDate>Sat, 05 Oct 2013 22:00:00 GMT</pubDate>
    <ExtractedText>Kunst
Klage eines Kinobetreibers: Ist die deutsche Filmförderung verfassungswidrig?
Der Bund regelt die Filmförderung, obwohl die Länder die Kulturhoheit haben. Dagegen klagt nun ein Großkinobetreiber. Bekommt er Recht, könnte das gesamte System kippen. Von Christiane Peitz
7. Oktober 2013  10:37 Uhr  26 Kommentare
Wer hätte das gedacht, damals in den Sechzigern, als die neue Konkurrenz des Fernsehens und eine Generation engagierter Regisseure ("Papas Kino ist tot!") dafür sorgten, dass die Bundesrepublik ein Gesetz zum Wohl der Filmbranche auf den Weg brachte. Wer hätte gedacht, dass dieses Gesetz nun vor den höchsten Richtern der Nation landet: um zu klären, ob der Bund Filmförderung regeln darf, trotz Kulturhoheit der Länder. Und ob es gerecht zugeht zwischen denen, die in den Fördertopf einzahlen. Am 8. Oktober um 10 Uhr ist es soweit, dann wird das Bundesverfassungsgericht in Karlsruhe die Beschwerdeträger und ihre Gegner anhören.
Die Branche ist nervös wie lange nicht. "Ohne diese Förderung gäbe es praktisch keine deutschen Filme", warnt Alexander Thies , Vorsitzender der Produzentenallianz. "Es geht ums Ganze", betont Iris Berben , Präsidentin der Deutschen Filmakademie. Um die Solidargemeinschaft. Um die Grundlage des Filmschaffens in Deutschland. Um die Zukunft. "Wer dieses System zum Einsturz bringt, zerschlägt unser gesamtes Filmfördersystem", sagt selbst Kulturstaatminister Bernd Neumann.
Anzeige
Angestrengt hat die Verfassungsbeschwerde die Odeon &amp; UCI Cinemas Group. Das Unternehmen betreibt in Deutschland an 23 Standorten gut 200 Kinosäle, es gehört dem britischen Investmentunternehmen Terrafirma. Wie alle Filmtheater mit einem Jahres-Nettoumsatz ab 75.000 Euro zahlt auch die UCI Abgaben pro Kinoticket an die Filmförderanstalt , kurz: FFA, die damit kommerziell oder kulturell erfolgreiche Produktionen subventioniert. Die Details dieser staatlich verordneten Branchen-Selbsthilfe regelt das Filmfördergesetz: Rund 78 Millionen Euro befinden sich jährlich im FFA-Topf, etwa ein Viertel der gesamten deutschen Filmsubventionen, die sich ansonsten überwiegend aus Steuergeldern speist – im Deutschen Filmförderfonds wie in den Ländertöpfen.
Die Kinos waren zur Filmförder-Abgabe verpflichtet, das Fernsehen nicht
Schon lange wird über die Gerechtigkeit bei den Abgaben gestritten. Alle, die von einem Film profitieren, sollen ihren Beitrag zur FFA leisten, so will es das Gesetz, vor allem die Kino- und die Video- Wirtschaft sowie die TV-Anstalten. Ungerecht war das von Anfang an. Das Fernsehen, auch das mit jährlich 7,5 Milliarden Euro Gebührengeldern fürstlich ausgestattete Öffentlich-Rechtliche , zahlte bloß freiwillig. Erst seit das Bundesverwaltungsgericht den klagenden Kinos Recht gab, sind auch die Sender in der Pflicht – rückwirkend ab 2004.
Die meisten Kinobetreiber sind damit zufrieden, zumal auch Kinos von der FFA unterstützt werden, allein 2012 mit über 10 Millionen Euro. Bloß der UCI genügte die neue Fairness nicht. Gerechtigkeit ist etwas anderes, findet UCI-Geschäftsführer Ralf Schilling. Und weist darauf hin, dass die TV-Sender, seit sie zahlen müssen, noch weniger beisteuern als vorher, lächerliche 8,3 Millionen Euro pro Jahr.
Deutsche Filme, sagt die UCI, bringen uns zu wenig.
Außerdem, so Schilling: Wieso soll die UCI Abgaben für etwas entrichten, wovon die Firma gar nicht profitiert? Deutsche Kassenschlager gebe es kaum, Bully Herbig, Til Schweiger , Matthias Schweighöfer bleiben die Ausnahme. "Wir würden gern mehr deutsche Filme zeigen, wenn sie nur annähernd Aussicht auf Erfolg hätten," versichert Schilling. Obendrein würden viel zu viele Filme FFA-gefördert. 2006 waren es 60, 2012 schon 90. "Zu einer solch verfehlten Förderung mit der Gießkanne wollen wir keinen Beitrag leisten." Auch um die die Zusammensetzung der FFA-Gremien soll deshalb in Karlsruhe auf den Prüfstand.
Produzent Uli Aselmann hält solche Argumente für den puren Hohn. Wenn etwas den Markt verstopft, dann Hollywoodfilme, sagt er. Von wegen erfolglos. Ein deutscher Marktanteil von 20 bis 25 Prozent ist nicht nichts. "Alle deutschen Top Ten 2012 waren FFA-gefördert." Dass es weniger an Geld als an Zuschauern fehlt, gibt jedoch selbst Iris Berben zu. Zu viel Masse, zu wenig Klasse, zu viel TV-Konfektion – ein notorisches Dilemma der saturierten Branche.
Übersicht zu diesem Artikel
</ExtractedText>
</item>
</channel>
</rss>
