<?xml version="1.0" encoding="UTF-8" standalone="no"?>
<rss xmlns:content="http://purl.org/rss/1.0/modules/content/" version="2.0">
<channel>
<title>SPIEGEL ONLINE - Wirtschaft</title>
<link>http://www.spiegel.de</link>
<description>Nachrichten über Wirtschaft, Unternehmen, Börse, Verbraucherthemen. Aktueller Service, Analysen, Interviews.</description>
<language>de</language>
<pubDate>Wed, 16 Oct 2013 08:58:44 +0200</pubDate>
<lastBuildDate>Wed, 16 Oct 2013 08:58:44 +0200</lastBuildDate>
<image>
<title>SPIEGEL ONLINE</title>
<link>http://www.spiegel.de</link>
<url>http://www.spiegel.de/static/sys/logo_120x61.gif</url>
</image>
<item>
<title>Augenblick: Ums Garn geschlängelt</title>
<link>http://www.spiegel.de/wirtschaft/soziales/bild-des-tages-vom-15-oktober-2013-a-928046.html#ref=rss</link>
<pubDate>Tue, 15 Oct 2013 19:44:00 +0200</pubDate>
<guid>http://www.spiegel.de/wirtschaft/soziales/bild-des-tages-vom-15-oktober-2013-a-928046.html</guid>
<content:encoded><![CDATA[<img src="http://www.spiegel.de/images/image-556512-thumbsmall-eofe.jpg" hspace="5" align="left" >]]></content:encoded>
<enclosure type="image/jpeg" url="http://www.spiegel.de/images/image-556512-thumbsmall-eofe.jpg"/>
<ExtractedText>Bild des Tages vom 15. Oktober 2013
15.10.2013 – 19:44 Uhr
Augenblick: Ums Garn geschlängelt
DPA
Eine Schlange wickelt sich in einer Färberei in Fulia nördlich von Kalkutta um rotes Garn. In der Region gibt es mehr als 125.000 Webereien, in denen Materialien wie Baumwolle und Seide zu Saris verarbeitet werden. Viele Weber müssen ihren Beruf jedoch aufgeben, weil er nicht genug Geld zum täglichen Leben einbringt. Durchschnittlich verdienen sie umgerechnet nur knapp 200 Euro im Monat.
</ExtractedText>
</item>
</channel>
</rss>
