<?xml version="1.0" encoding="UTF-8" standalone="no"?>
<rss xmlns:content="http://purl.org/rss/1.0/modules/content/" version="2.0">
<channel>
<title>SPIEGEL ONLINE - Wirtschaft</title>
<link>http://www.spiegel.de</link>
<description>Nachrichten über Wirtschaft, Unternehmen, Börse, Verbraucherthemen. Aktueller Service, Analysen, Interviews.</description>
<language>de</language>
<pubDate>Wed, 16 Oct 2013 08:58:44 +0200</pubDate>
<lastBuildDate>Wed, 16 Oct 2013 08:58:44 +0200</lastBuildDate>
<image>
<title>SPIEGEL ONLINE</title>
<link>http://www.spiegel.de</link>
<url>http://www.spiegel.de/static/sys/logo_120x61.gif</url>
</image>
<item>
<title>Euro-Krise: Europäische Bankenaufsicht startet im November 2014</title>
<link>http://www.spiegel.de/wirtschaft/soziales/europaeische-bankenaufsicht-startet-im-november-2014-a-927957.html#ref=rss</link>
<description>Das Ziel ist, neue Schieflagen von Banken zu verhindern: Von November 2014 an sollen 130 Geldhäuser in der Euro-Zone direkt von der EZB kontrolliert werden. Das haben die EU-Finanzminister nun beschlossen.</description>
<pubDate>Tue, 15 Oct 2013 14:01:00 +0200</pubDate>
<guid>http://www.spiegel.de/wirtschaft/soziales/europaeische-bankenaufsicht-startet-im-november-2014-a-927957.html</guid>
<content:encoded><![CDATA[<img src="http://www.spiegel.de/images/image-556396-thumbsmall-djmw.jpg" hspace="5" align="left" >Das Ziel ist, neue Schieflagen von Banken zu verhindern: Von November 2014 an sollen 130 Geldhäuser in der Euro-Zone direkt von der EZB kontrolliert werden. Das haben die EU-Finanzminister nun beschlossen.]]></content:encoded>
<enclosure type="image/jpeg" url="http://www.spiegel.de/images/image-556396-thumbsmall-djmw.jpg"/>
<ExtractedText>Europäische Bankenaufsicht startet im November 2014
Euro-Krise: Europäische Bankenaufsicht startet im November 2014
AFP
Dijsselbloem, Sadzius: Wichtiger Bestandteil der Bankenunion verabschiedet
Das Ziel ist, neue Schieflagen von Banken zu verhindern: Von November 2014 an sollen 130 Geldhäuser in der Euro-Zone direkt von der EZB kontrolliert werden. Das haben die EU-Finanzminister nun beschlossen.
Luxemburg - Die neue europäische Bankenaufsicht soll in einem Jahr die Arbeit aufnehmen. "Ich bin sehr froh, dass wir bereit sind, den gemeinsamen Aufsichtsmechanismus heute endgültig zu beschließen", sagte Litauens Finanzminister Rimantas Sadzius beim EU-Finanzministertreffen in Luxemburg. Bei anderen Bauteilen der Bankenunion steht der EU jedoch noch viel Arbeit bevor.
Die bei der Europäischen Zentralbank (EZB) angesiedelte Aufsicht soll mit mehreren hundert Mitarbeitern die rund 130 größten Banken der Euro-Zone direkt überwachen und ist ein wichtiger Bestandteil der europäischen Bankenunion. Der Arbeitsbeginn ist für November 2014 geplant.
Mit dem Aufbau der Bankenunion zieht die EU die Lehren aus der Finanzkrise. Künftig soll es nicht mehr möglich sein, dass in einer Bank faule Kredite vor sich hingären und Finanzinstitute auch in anderen Ländern ins Wanken bringen. Zudem sollen Steuerzahler nach Möglichkeit nicht mehr mit Milliardenbeträgen Bankenpleiten abwenden müssen.
"Das ist ein wichtiger Tag, ein guter Tag", sagte das deutsche EZB-Direktoriumsmitglied Jörg Asmussen. "Dann können wir richtig anfangen zu arbeiten, Leute anstellen, Gebäude mieten. Also ganz praktische Dinge, damit wir in einem Jahr die Arbeit aufnehmen können."
Streit über Abwicklungsmechanismus
"Die EZB hat jetzt die Rechtsgrundlage, um bei den Arbeiten für den Aufbau der Bankenaufsicht bei der EZB zügig voranzugehen", sagte Bundesfinanzminister Wolfgang Schäuble (CDU). Nun müssten auch die weiteren rechtlichen Regelungen für den Aufbau der weiteren Teile der Bankenunion "so rasch wie möglich" entschieden werden.
Große Meinungsunterschiede gibt es etwa noch beim geplanten gemeinsamen Abwicklungsmechanismus für angeschlagene Banken. Deutschland fordert dafür eine Änderung der EU-Verträge. Neben einer Behörde zur Bankenabwicklung ist auch ein Krisenfonds aus Beiträgen der Finanzbranche geplant. Die Einzahlungen werden sich hinziehen, die volle Einsatzfähigkeit könnte erst in einigen Jahren erreicht werden.
Umstritten ist, wie ein finanzielles Sicherungsnetz aussehen soll, falls der Fonds schon eher gebraucht wird. Eine Idee ist, dafür den Euro-Rettungsfonds ESM zu nutzen. Offen ist auch, wie mögliche Finanzlücken gestopft werden, falls ein Stresstest im kommenden Jahr Kapitalprobleme von Banken offenbart . Diesen Test will die EZB im Frühjahr durchführen, um den Zustand der Banken zu kennen, bevor sie die Aufsicht übernimmt.
cte/AFP
Aus Datenschutzgründen wird Ihre IP-Adresse nur dann gespeichert, wenn Sie angemeldeter und eingeloggter Facebook-Nutzer sind. Wenn Sie mehr zum Thema Datenschutz wissen wollen, klicken Sie auf das i.
Auf anderen Social Networks teilen
1. Und wie geheim wird die Nummer hernach gehandhabt?
Dr.pol.Emik gestern, 14:31 Uhr
Das ganze Gewese darum, den Oberbock auch noch zum Obergärtner zu machen, schafft nach meiner Meinung kein besonderes Vertrauen. Die derzeitige EZB Politik ist ohnehin mehr oder minder eine Banken-Philosophie, weiß man doch auch [...]
Das ganze Gewese darum, den Oberbock auch noch zum Obergärtner zu machen, schafft nach meiner Meinung kein besonderes Vertrauen. Die derzeitige EZB Politik ist ohnehin mehr oder minder eine Banken-Philosophie, weiß man doch auch woher die meisten unserer &#132;Retter&#148; sich rekrutieren. Da ist nirgends einer, der nicht einem der größten Geldhäuser entstammt und noch heute entsprechend &#132;gute Beziehungen&#148; dorthin unterhält.  ESM - die neue EU-Heilslehre kindgerecht erklärt (http://qpress.de/2011/09/02/esm-die-neue-eu-heilslehre-kindgerecht-erklart/) &#133; wer erinnert sich noch an den ESM? Zwar gab es ein wenig Gerangel zu Beginn, die ganze Diskussion darum ist inzwischen abgestorben, aber entschärft wurde dieses Enteignungsinstrument keinesfalls. Nur der kleine Mann durchblickt die ganzen Spielchen nicht mehr und die &#132;Rechtsfreiheit&#148; die inzwischen im Bankensektor herrscht, macht die Sache nicht angenehmer. Diese ganzen Institutionen lösen keine Probleme, sie verwalten die nur und sorgen am Ende für die Durchsetzung der Interessen der Banken.  Und die europäische Bankenaufsicht ist auch nichts weiter als eine Nebelbombenattacke. Mal sehen, ob die Ende 2014 überhaupt noch gebraucht wird, oder ob wir bis dahin schon den Schutthaufen haben.
2. da haben wirs
roland.vanhelven gestern, 14:47 Uhr
aha, kontrolle direkt von der EZB. das wars dann ja endgueltig. aber Sie koennen hier gern weiter ueber parteien diskutieren...
Zitat von sysop Das Ziel ist, neue Schieflagen von Banken zu verhindern: Von November 2014 an sollen 130 Geldhäuser in der Euro-Zone direkt von der EZB kontrolliert werden. Das haben die EU-Finanzminister nun beschlossen.  Europäische Bankenaufsicht startet im November 2014 - SPIEGEL ONLINE (http://www.spiegel.de/wirtschaft/soziales/europaeische-bankenaufsicht-startet-im-november-2014-a-927957.html)
aha, kontrolle direkt von der EZB. das wars dann ja endgueltig. aber Sie koennen hier gern weiter ueber parteien diskutieren...
3. Dr.
braintainment gestern, 14:52 Uhr
"zudem sollen Steuerzahler NACH MÖGLICHKEIT nicht mehr mit Milliardenbeträgen Bankenpleiten abwenden müssen." "nach Möglichkeit" heißt im Juristensprech: unverbindlich hoch 10. Ist so ähnlich wie [...]
"zudem sollen Steuerzahler NACH MÖGLICHKEIT nicht mehr mit Milliardenbeträgen Bankenpleiten abwenden müssen." "nach Möglichkeit" heißt im Juristensprech: unverbindlich hoch 10. Ist so ähnlich wie Wahlversprechen "unter Finanzierungsvorbehalt" ! Aber wenigstens wieder 100 Eurokraten mehr in Lohn und Brot...
4. ------------
brux gestern, 14:53 Uhr
Natürlich ist eine europäische Bankaufsicht sinnvoll, aber die faulen Kredite sind wohl eher die vielen Staatsanleihen Italiens, Griechenlands, Frankreichs oder Spaniens, die bei den Banken liegen und die diese mit frischem [...]
Natürlich ist eine europäische Bankaufsicht sinnvoll, aber die faulen Kredite sind wohl eher die vielen Staatsanleihen Italiens, Griechenlands, Frankreichs oder Spaniens, die bei den Banken liegen und die diese mit frischem billigem EZB-Geld gekauft haben.  Das war der Wille der Euro-Pleitestaaten, die nur die Staatsfinanzierung über die Notenpresse der Zentralbank kennen. Und niemand wird ernsthaft überprüfen wollen, ob diese Kredite wirklich am Ende zurückgezahlt werden. Diese schmutzige Wahrheit wird niemals ans Licht gelangen, denn das wäre das Ende des Euro und der EU, so wie sie heute existiert.
5. Wie ja schon berichtet,
einwerfer gestern, 14:53 Uhr
wird die BRD Großbrittanien für deren Beihilfe -anders kann ich es nicht nennen- bei der Verhinderung schärferer Abgasnormen, nun bei der Bankenregulierung entgegenkommen. Es ist also abzusehen, wie das Ganze ausgeht.
wird die BRD Großbrittanien für deren Beihilfe -anders kann ich es nicht nennen- bei der Verhinderung schärferer Abgasnormen, nun bei der Bankenregulierung entgegenkommen. Es ist also abzusehen, wie das Ganze ausgeht.
</ExtractedText>
</item>
</channel>
</rss>
