<?xml version="1.0" encoding="UTF-8" standalone="no"?>
<rss xmlns:content="http://purl.org/rss/1.0/modules/content/" version="2.0">
<channel>
<title>SPIEGEL ONLINE - Wirtschaft</title>
<link>http://www.spiegel.de</link>
<description>Nachrichten über Wirtschaft, Unternehmen, Börse, Verbraucherthemen. Aktueller Service, Analysen, Interviews.</description>
<language>de</language>
<pubDate>Mon, 07 Oct 2013 21:18:57 +0200</pubDate>
<lastBuildDate>Mon, 07 Oct 2013 21:18:57 +0200</lastBuildDate>
<image>
<title>SPIEGEL ONLINE</title>
<link>http://www.spiegel.de</link>
<url>http://www.spiegel.de/static/sys/logo_120x61.gif</url>
</image>
<item>
<title>Konjunkturprognosen: Der deutsche Boom bleibt aus</title>
<link>http://www.spiegel.de/wirtschaft/soziales/konjunkturprognosen-imk-und-iw-2013-und-2014-aufschwung-bleibt-aus-a-926448.html#ref=rss</link>
<description>Die deutsche Wirtschaft wird nach einem schwachen ersten Halbjahr 2013 im Herbst wieder stärker wachsen. 2014 hellen sich die Aussichten für die Unternehmen nach fast übereinstimmenden Prognosen der Wirtschaftsforscher von IMK und IW sogar deutlich auf - ein echter Aufschwung bleibt aber aus.</description>
<pubDate>Mon, 07 Oct 2013 13:00:00 +0200</pubDate>
<guid>http://www.spiegel.de/wirtschaft/soziales/konjunkturprognosen-imk-und-iw-2013-und-2014-aufschwung-bleibt-aus-a-926448.html</guid>
<content:encoded><![CDATA[<img src="http://www.spiegel.de/images/image-553427-thumbsmall-kzmt.jpg" hspace="5" align="left" >Die deutsche Wirtschaft wird nach einem schwachen ersten Halbjahr 2013 im Herbst wieder stärker wachsen. 2014 hellen sich die Aussichten für die Unternehmen nach fast übereinstimmenden Prognosen der Wirtschaftsforscher von IMK und IW sogar deutlich auf - ein echter Aufschwung bleibt aber aus.]]></content:encoded>
<enclosure type="image/jpeg" url="http://www.spiegel.de/images/image-553427-thumbsmall-kzmt.jpg"/>
<ExtractedText>Konjunkturprognosen IMK und IW 2013 und 2014: Aufschwung bleibt aus
Konjunkturprognosen: Der deutsche Boom bleibt aus
DPA
Einkaufen in Dresden: Privater Konsum stützt deutsche Konjunktur
Die deutsche Wirtschaft wird nach einem schwachen ersten Halbjahr 2013 im Herbst wieder stärker wachsen. 2014 hellen sich die Aussichten für die Unternehmen nach fast übereinstimmenden Prognosen der Wirtschaftsforscher von IMK und IW sogar deutlich auf - ein echter Aufschwung bleibt aber aus.
Berlin - Fast zeitgleich legten das gewerkschaftsnahe Institut für Makroökonomie und Konjunkturforschung (IMK) und das arbeitgebernahe Institut der deutschen Wirtschaft (IW) ihre Konjunkturprognose für 2013 und 2014 vor. So unterschiedlich die Ausrichtung der Institute auch sein mag, so nah liegen ihre Prognosen beieinander. Das IMK rechnet damit, dass die deutsche Wirtschaft 2013 nur um 0,4 Prozent wachsen wird, das IW geht von 0,5 Prozent Wachstum aus. Für das kommende Jahr erhöhte das IMK seine Wachstumsprognose von 0,8 auf 1,2 Prozent, das IW erwartet sogar 1,5 Prozent.
Die gewerkschaftsnahen Forscher vom IMK nennen den privaten Konsum als zentrale Stütze der Konjunktur in Deutschland. "Vom Außenhandel kommen dagegen vor allem in diesem Jahr keine positiven Impulse, weil die Nachfrage aus Übersee die fortdauernde Schwäche wichtiger Handelspartner in Europa nicht mehr kompensiert", schrieben die Wirtschaftsforscher. Ohne die Überwindung der Wirtschaftskrise in der Euro -Zone werde ein echter Aufschwung in Deutschland ausbleiben, hieß es beim IMK. Weil die Sparanstrengungen in Europa langsam gelockert würden, sei in vielen Euro-Ländern die Talsohle zwar erreicht. Insgesamt bleibe die Lage aber schwach.
Das IMK geht davon aus, dass die Wirtschaft der Euro-Zone in diesem Jahr um 0,5 Prozent schrumpft. Ohne Deutschland beliefe sich das Minus sogar auf 0,9 Prozent. Im kommenden Jahr sei wieder mit einem Wachstum von durchschnittlich 0,7 Prozent zu rechnen, ohne Deutschland betrage es lediglich 0,5 Prozent.
Das arbeitgebernahe IW erwartet wegen der schwächelnden Weltkonjunktur nur einen moderaten Aufschwung in Deutschland. "Wir sind verhalten optimistisch und erwarten für 2014 eine Zunahme des realen Bruttoinlandsprodukts um 1,5 Prozent", sagte IW-Direktor Michael Hüther in Berlin. Neben der Rezession in vielen europäischen Ländern dämpften auch "markante Bremswirkungen" in wichtigen Schwellenländern wie China, Russland, Indien und Brasilien. In diesem Jahr dürfte es nur zu einem Wachstum von gut einem halben Prozent reichen.
Den öffentlichen Kassen sagt das IW im kommenden Jahr ein Einnahmeplus von mehr als drei Prozent voraus. "Für den Staatshaushalt wäre das ein Überschuss von 15 Milliarden Euro", hieß es. Um die Weichen für mehr Wachstum zu stellen, müsse die künftige Bundesregierung ein überzeugendes Konzept für die Energiewende vorlegen. "Gleichzeitig müssen die Steuer- und Abgabenlasten sinken, ohne dabei die Haushaltskonsolidierung aus den Augen zu verlieren", mahnte das Institut.
nck/dpa/Reuters
</ExtractedText>
</item>
</channel>
</rss>
