<?xml version="1.0" encoding="UTF-8" standalone="no"?>
<rss xmlns:content="http://purl.org/rss/1.0/modules/content/" version="2.0">
<channel>
<title>SPIEGEL ONLINE - Wirtschaft</title>
<link>http://www.spiegel.de</link>
<description>Nachrichten über Wirtschaft, Unternehmen, Börse, Verbraucherthemen. Aktueller Service, Analysen, Interviews.</description>
<language>de</language>
<pubDate>Mon, 07 Oct 2013 21:18:57 +0200</pubDate>
<lastBuildDate>Mon, 07 Oct 2013 21:18:57 +0200</lastBuildDate>
<image>
<title>SPIEGEL ONLINE</title>
<link>http://www.spiegel.de</link>
<url>http://www.spiegel.de/static/sys/logo_120x61.gif</url>
</image>
<item>
<title>Top-500-Liste: Deutschlands Reiche sind so reich wie nie</title>
<link>http://www.spiegel.de/wirtschaft/deutschlands-reiche-aldi-chef-und-quandt-clan-fuehren-ranking-an-a-926459.html#ref=rss</link>
<description>Nie zuvor waren Deutschlands Superreiche reicher, nie gab es so viele Milliardenvermögen. Dies geht aus der Rangliste "Die 500 reichsten Deutschen 2013" vom manager magazin hervor. Gewinner 2013 sind unter anderem BMW-Aktionärin Susanne Klatten und Lidl-Eigner Dieter Schwarz.</description>
<pubDate>Mon, 07 Oct 2013 12:41:00 +0200</pubDate>
<guid>http://www.spiegel.de/wirtschaft/deutschlands-reiche-aldi-chef-und-quandt-clan-fuehren-ranking-an-a-926459.html</guid>
<content:encoded><![CDATA[Nie zuvor waren Deutschlands Superreiche reicher, nie gab es so viele Milliardenvermögen. Dies geht aus der Rangliste "Die 500 reichsten Deutschen 2013" vom manager magazin hervor. Gewinner 2013 sind unter anderem BMW-Aktionärin Susanne Klatten und Lidl-Eigner Dieter Schwarz.]]></content:encoded>
<ExtractedText>Deutschlands Reiche: Aldi-Chef und Quandt-Clan führen Ranking an
Top-500-Liste: Deutschlands Reiche sind so reich wie nie
Von manager-magazin-Redakteur Klaus Boldt
manager magazin
Nie zuvor waren Deutschlands Superreiche reicher, nie gab es so viele Milliardenvermögen. Dies geht aus der Rangliste "Die 500 reichsten Deutschen 2013" vom manager magazin hervor. Gewinner 2013 sind unter anderem BMW-Aktionärin Susanne Klatten und Lidl-Eigner Dieter Schwarz.
Hamburg - Karl Albrecht (93) sowie die Familien von Theo Albrecht jr. (63) und dem Sohn seines im vergangenen Jahr verstorbenen Bruders Theo behaupten 2013 die Plätze eins und zwei unter den reichsten Deutschen: Die beiden Aldi-Familien verfügen über ein Vermögen von 17,8 beziehungsweise 16 Milliarden Euro. Dies geht aus der Rangliste "Die 500 reichsten Deutschen" hervor, die das manager magazin in einer Spezialausgabe veröffentlicht.
Die Verfolger sind jedoch aufgerückt: Dieter Schwarz (Lidl/Kaufland) sowie die Familie Reimann (Reckitt Benckiser/Coty) erhöhten ihre Vermögen um je eine Milliarde Euro auf jetzt 13 beziehungsweise zwölf Milliarden Euro.
Deutschlands Superreiche sind reicher denn je: Nie zuvor wurden so viele Milliardenvermögen gezählt, nie zuvor besaß der hiesige Geldadel größere Reichtümer als heute. Das Vermögen der Top 100 stieg in den vergangenen zwölf Monaten um 5,2 Prozent auf den Rekordwert von 336,6 (Vorjahr: 319,85) Milliarden Euro. Es hat damit die Bestmarke des Jahres 2008 übertroffen, als sie 324,6 Milliarden Euro auf sich vereinigt hatten.
Anzahl der Milliardenvermögen in Deutschland auf Höchststand
Insgesamt vermehrte sich der Wohlstand der 500 reichsten Deutschen 2013 um 5,5 Prozent auf 528,45 (500,8) Milliarden Euro. Die Staatsschulden- und Euro-Krise hat die Vermögen damit nicht berührt. Auch die Anzahl der Milliardenvermögen in Deutschland hat mit 135 (Vorjahr: 115) einen neuen Höchststand erreicht.
Begünstigt unter anderem von dem Aufschwung der Kapitalmärkte, einer klugen Anlagepolitik, Sonderkonjunkturen einzelner Branchen und steigenden Immobilienpreise konnten Susanne Klatten (BMW/plus eine Milliarde) und Ralph Dommermuth , Hauptaktionär von United Internet (plus 900 Millionen), zulegen.
Zu den großen Gewinnern gehörten auch Stefan Quandt (BMW), Alexandra Schörghuber (Schörghuber) und Günther Fielmann (Fielmann Optik).
Familien Voith und Bosch müssen Rückgänge hinnehmen
Verlierer der diesjährigen Rangliste war die Familie Voith, Besitzer des gleichnamigen Maschinenbauers aus Heidenheim, deren Vermögen aufgrund von Problemen im Markt für Papiermaschinen und im Lokomotivbau um eine auf 2,2 Milliarden Euro geschrumpft ist. Rückgänge um 300 beziehungsweise 200 Millionen Euro hinnehmen mussten der Klinikbetreiber Bernard Broermann (Asklepios), dem nach der Übernahme der Rhön-Kliniken durch die Fresenius-Gruppe starke Konkurrenz erwächst, und die Familie Bosch, Anteilseigner des Autozulieferers Bosch, dessen Geschäfte sich zurzeit nur unbefriedigend entwickeln. Das Ranking der reichsten Großfamilien in Deutschland wird unterdessen von der Familie Brenninkmeijer angeführt.
Die 20 reichsten Deutschen (Vermögen in Mrd. Euro)
2013
</ExtractedText>
</item>
</channel>
</rss>
