<?xml version="1.0" encoding="UTF-8" standalone="no"?>
<rss xmlns:atom="http://www.w3.org/2005/Atom" xmlns:dc="http://purl.org/dc/elements/1.1/" version="2.0">
  <channel>
<title>
      ZEIT ONLINE: Mehr Kultur</title>
<description>Aktuelle Kultur-Nachrichten, Informationen und Interviews rund um die Themen Kultur, Feuilleton, Literatur, Kunst, Film und Musik. Dazu Reportagen und Kritiken.</description>
<pubDate>Sat, 05 Oct 2013 16:11:40 GMT</pubDate>
<lastBuildDate>Sat, 5 Oct 2013 18:45:30 +0200</lastBuildDate>
<language>de-de</language>
<link>http://www.zeit.de/kultur/index</link>
<atom:link href="http://newsfeed.zeit.de/kultur/index" rel="self" type="application/rss+xml"/>
<copyright>Copyright (c) 2013, ZEIT ONLINE GmbH</copyright>
<docs>http://www.zeit.de/hilfe/rss</docs>
<generator>mod_xslt LePenguin</generator>
<managingEditor>wolfgang.blau@zeit.de (Wolfgang Blau)</managingEditor>
<webMaster>webmaster@zeit.de (Internettechnik ZEIT ONLINE)</webMaster>
<image>
      <url>http://images.zeit.de/bilder/elemente_01_06/logos/homepage_top.gif</url>
      <title>
      ZEIT ONLINE: Mehr Kultur</title>
      <link>http://www.zeit.de/kultur/index</link>
    </image>
<item>
      <link>http://www.zeit.de/video/2013-10/2718065661001</link>
      <guid>http://www.zeit.de/video/2013-10/2718065661001</guid>
      <category>Kultur</category>
      <title>Videolesung: Friedrich von Borries liest aus "RLF"</title>
      <description>Jede Woche stellen Autoren auf ZEIT ONLINE ihre Werke vor. Diese Woche liest Friedrich von Borries aus seinem Roman "RLF".</description>
      <dc:creator>ZEIT ONLINE : Kultur</dc:creator>
      <pubDate>Fri, 04 Oct 2013 06:33:22 GMT</pubDate>
    <ExtractedText>Jede Woche stellen Autoren auf ZEIT ONLINE ihre Werke vor. Diese Woche liest Svealena Kutschke aus ihrem Roman "Gefährliche Arten".
 
Schreiben Sie den ersten Kommentar!
Bitte melden Sie sich an, um zu kommentieren
</ExtractedText>
</item>
</channel>
</rss>
