<?xml version="1.0" encoding="UTF-8" standalone="no"?>
<rss xmlns:content="http://purl.org/rss/1.0/modules/content/" version="2.0">
<channel>
<title>SPIEGEL ONLINE - Kultur</title>
<link>http://www.spiegel.de</link>
<description>Nachrichten zu Kultur und Kunst, Fernsehen und Kino, Pop und Theater. Reportagen, Service, Rezensionen, Interviews - und der Zwiebelfisch.</description>
<language>de</language>
<pubDate>Sat, 05 Oct 2013 18:42:35 +0200</pubDate>
<lastBuildDate>Sat, 05 Oct 2013 18:42:35 +0200</lastBuildDate>
<image>
<title>SPIEGEL ONLINE</title>
<link>http://www.spiegel.de</link>
<url>http://www.spiegel.de/static/sys/logo_120x61.gif</url>
</image>
<item>
<title>Hamburg: "Rote Flora" soll künftig Konzerthalle und Kita beherbergen</title>
<link>http://www.spiegel.de/kultur/gesellschaft/rote-flora-in-hamburg-soll-kulturzentrum-werden-a-926265.html#ref=rss</link>
<description>Hamburgs wohl berühmtestes besetztes Haus soll sich in ein Kulturzentrum verwandeln. Auf sechs Etagen könnten ein Konzertraum für 2500 Besucher, eine Kita, ein Jugendtreff und eine Tiefgarage entstehen. Die Bewohner der "Roten Flora" kündigten bereits Widerstand an.</description>
<pubDate>Sat, 05 Oct 2013 17:16:00 +0200</pubDate>
<guid>http://www.spiegel.de/kultur/gesellschaft/rote-flora-in-hamburg-soll-kulturzentrum-werden-a-926265.html</guid>
<content:encoded><![CDATA[<img src="http://www.spiegel.de/images/image-553020-thumbsmall-bmcx.jpg" hspace="5" align="left" >Hamburgs wohl berühmtestes besetztes Haus soll sich in ein Kulturzentrum verwandeln. Auf sechs Etagen könnten ein Konzertraum für 2500 Besucher, eine Kita, ein Jugendtreff und eine Tiefgarage entstehen. Die Bewohner der "Roten Flora" kündigten bereits Widerstand an.]]></content:encoded>
<enclosure type="image/jpeg" url="http://www.spiegel.de/images/image-553020-thumbsmall-bmcx.jpg"/>
<ExtractedText>"Rote Flora" in Hamburg soll Kulturzentrum werden
Hamburg: "Rote Flora" soll künftig Konzerthalle und Kita beherbergen
Hamburgs wohl berühmtestes besetztes Haus soll sich in ein Kulturzentrum verwandeln. Auf sechs Etagen könnten ein Konzertraum für 2500 Besucher, eine Kita, ein Jugendtreff und eine Tiefgarage entstehen. Die Bewohner der "Roten Flora" kündigten bereits Widerstand an.
DPA
"Rote Flora" im Schanzenviertel: Konzertraum für 2500 Besucher geplant
Hamburg - Seit mehr als 20 Jahren ist sie von Linksautonomen besetzt, doch damit soll nun Schluss sein. Die "Rote Flora" im Hamburger Schanzenviertel soll nach dem Willen des Besitzers Klausmartin Kretschmer zu einem sechsstöckigen Kulturzentrum mit Konzerthalle ausgebaut werden. Pläne, das Haus an die Stadt zurückzuverkaufen, seien vom Tisch, sagte Kretschmers Immobilienberater Gert Baer am Samstag.
Die Besetzung solle damit enden, erklärte Baer. Er habe am Freitag beim zuständigen Bezirksamt Hamburg-Altona einen Antrag gestellt, um zu erfragen, unter welchen Bedingungen der Ausbau realisiert werden könne. Die Pläne sehen Baer zufolge eine Aufstockung und Verbreiterung des Gebäudes vor. In dem ehemaligen Theater sollten ein Konzertraum für bis zu 2500 Besucher, ein Bürgerhaus, eine Kita, einen Jugendtreff und eine Tiefgarage entstehen.
Zuvor hatte das "Hamburger Abendblatt" über den sogenannten Vorbescheidsantrag berichtet. Weder das Bezirksamt noch die Aktivisten waren am Samstag zunächst für eine Stellungnahme zu erreichen. Die Linksautonomen hatten jedoch immer wieder betont, das Haus als besetztes kulturelles Zentrum mit allen Mitteln verteidigen zu wollen. Die "Rote Flora" stand immer wieder im Zentrum von Ausschreitungen.
jus/dpa
Aus Datenschutzgründen wird Ihre IP-Adresse nur dann gespeichert, wenn Sie angemeldeter und eingeloggter Facebook-Nutzer sind. Wenn Sie mehr zum Thema Datenschutz wissen wollen, klicken Sie auf das i.
Auf anderen Social Networks teilen
1. Klausmartin Kretschmer scheint sehr mutig zu sein
bko heute, 17:42 Uhr
Die Schanze in HH ist seit Jahren ein rechtsfreier Raum von linksautonomen Chaoten, die in einer Parallelwelt leben. Wäre die Schanze von Rechtsradikalen bevölkert, hätten die SPD-Senatoren der Hansestadt HH dem Treiben längst ein [...]
Die Schanze in HH ist seit Jahren ein rechtsfreier Raum von linksautonomen Chaoten, die in einer Parallelwelt leben. Wäre die Schanze von Rechtsradikalen bevölkert, hätten die SPD-Senatoren der Hansestadt HH dem Treiben längst ein Ende gesetzt. So wird das ein heißer Herbst in Hamburg werden.
u.loose heute, 17:48 Uhr
wer bezahlt eigentlich Heizung, Wasser, Abwasser, Strom, Grundsteuer, Reparaturen usw usw... Die linken Chaoten ja wohl nicht?
wer bezahlt eigentlich Heizung, Wasser, Abwasser, Strom, Grundsteuer, Reparaturen usw usw... Die linken Chaoten ja wohl nicht?
3. Das erledigt sich von selbst
g3cd heute, 18:00 Uhr
Wartet nochmal 10 Jahre, dann haben diese planlosen Idealisten die Rote Flore soweit verkommen lassen, dass sie in sich zusammenfällt. Genau wie das Gängeviertel. Solche Themen erledigen sich von selbst, wenn man nur mal ein [...]
Wartet nochmal 10 Jahre, dann haben diese planlosen Idealisten die Rote Flore soweit verkommen lassen, dass sie in sich zusammenfällt. Genau wie das Gängeviertel. Solche Themen erledigen sich von selbst, wenn man nur mal ein Kollektiv jahrelang nichts entscheiden und voranbringen lässt, weil es niemals einen gemeinsamen Konsens, sondern nur ganz viel Blödsinngelabere gibt.
4. Klingt doch gut
peter.stein heute, 18:00 Uhr
Da sollte eigentlich jedem Linken das Herzchen im Leib hüpfen: Ein Konzertraum für die kulturellen Bedürfnisse und ein Jugendtreff und eine Kita für die sozialen Belange. Wo ist jetzt nochmal der Unterschied zwischen diesen [...]
Zitat von sysop Hamburgs wohl berühmtestes besetztes Haus soll sich in ein Kulturzentrum verwandeln. Auf sechs Etagen könnten ein Konzertraum für 2500 Besucher, eine Kita, ein Jugendtreff und eine Tiefgarage entstehen. Die Bewohner der "Roten Flora" kündigten bereits Widerstand an. "Rote Flora" in Hamburg soll Kulturzentrum werden - SPIEGEL ONLINE (http://www.spiegel.de/kultur/gesellschaft/rote-flora-in-hamburg-soll-kulturzentrum-werden-a-926265.html)
Da sollte eigentlich jedem Linken das Herzchen im Leib hüpfen: Ein Konzertraum für die kulturellen Bedürfnisse und ein Jugendtreff und eine Kita für die sozialen Belange. Wo ist jetzt nochmal der Unterschied zwischen diesen "Bewohnern" und dem Typen der sagt: Asylbewerberheim, von mir aus, aber nicht in meiner Nähe?
5.
blabla1211212 heute, 18:04 Uhr
Waren sie irgendwann mal in der sternschanze oder kennen sie das viertel nur aus medien berichten? die rote flora ist eine institution und mit das letzte überbleibsel von viertel charme in diesem sehr gewöhnlich gewordenen [...]
Zitat von bko Die Schanze in HH ist seit Jahren ein rechtsfreier Raum von linksautonomen Chaoten, die in einer Parallelwelt leben. Wäre die Schanze von Rechtsradikalen bevölkert, hätten die SPD-Senatoren der Hansestadt HH dem Treiben längst ein Ende gesetzt. So wird das ein heißer Herbst in Hamburg werden.
Waren sie irgendwann mal in der sternschanze oder kennen sie das viertel nur aus medien berichten? die rote flora ist eine institution und mit das letzte überbleibsel von viertel charme in diesem sehr gewöhnlich gewordenen stadtteil. ich sehe da eigentlich kaum linke autonome mehr, sondern hauptsächlich Fress- und saufläden...
</ExtractedText>
</item>
</channel>
</rss>
