<?xml version="1.0" encoding="UTF-8" standalone="no"?>
<rss xmlns:content="http://purl.org/rss/1.0/modules/content/" version="2.0">
<channel>
<title>SPIEGEL ONLINE - Kultur</title>
<link>http://www.spiegel.de</link>
<description>Nachrichten zu Kultur und Kunst, Fernsehen und Kino, Pop und Theater. Reportagen, Service, Rezensionen, Interviews - und der Zwiebelfisch.</description>
<language>de</language>
<pubDate>Mon, 07 Oct 2013 21:12:45 +0200</pubDate>
<lastBuildDate>Mon, 07 Oct 2013 21:12:45 +0200</lastBuildDate>
<image>
<title>SPIEGEL ONLINE</title>
<link>http://www.spiegel.de</link>
<url>http://www.spiegel.de/static/sys/logo_120x61.gif</url>
</image>
<item>
<title>S.P.O.N. - Fragen Sie Frau Sibylle: Die Muttisierung der mächtigsten Frau der Welt</title>
<link>http://www.spiegel.de/kultur/gesellschaft/sibylle-berg-ueber-angela-merkel-als-mutti-a-925827.html#ref=rss</link>
<description>Warum ist der Abendkleid-Busen von Angela Merkel ein Thema? Was ist politisch relevant an ihren Hosenanzügen? Und wieso wird die Kanzlerin allüberall zur Mutti verniedlicht? Ganz einfach: Weil's lustig ist! Nur Frauen haben bekanntlich keinen Humor und regen sich darüber auf.</description>
<pubDate>Sat, 05 Oct 2013 12:21:00 +0200</pubDate>
<guid>http://www.spiegel.de/kultur/gesellschaft/sibylle-berg-ueber-angela-merkel-als-mutti-a-925827.html</guid>
<content:encoded><![CDATA[<img src="http://www.spiegel.de/images/image-27560-thumbsmall-isgj.jpg" hspace="5" align="left" >Warum ist der Abendkleid-Busen von Angela Merkel ein Thema? Was ist politisch relevant an ihren Hosenanzügen? Und wieso wird die Kanzlerin allüberall zur Mutti verniedlicht? Ganz einfach: Weil's lustig ist! Nur Frauen haben bekanntlich keinen Humor und regen sich darüber auf.]]></content:encoded>
<enclosure type="image/jpeg" url="http://www.spiegel.de/images/image-27560-thumbsmall-isgj.jpg"/>
<ExtractedText>Sibylle Berg über Angela Merkel als Mutti
S.P.O.N. - Fragen Sie Frau Sibylle: Die Muttisierung der mächtigsten Frau der Welt
Eine Kolumne von  Sibylle Berg
DPA
Warum ist der Abendkleid-Busen von Angela Merkel ein Thema? Was ist politisch relevant an ihren Hosenanzügen? Und wieso wird die Kanzlerin allüberall zur Mutti verniedlicht? Ganz einfach: Weil's lustig ist! Nur Frauen haben bekanntlich keinen Humor und regen sich darüber auf.
Dies ist ein politischer Text, mit dem ich eine immens politische Aussage mache, was völlig ohne Wirkung bleiben wird. Wirkungsbefreit sozusagen, weil von einer Frau geschrieben und damit wenig relevant, weil vermutlich, wahrscheinlich sogar, selbstmitleidig oder jammernd. Das ist die Regel.
Lustige Frauen, die humorvoll kritische Bemerkungen schreiben, gäbe es vermutlich. Die muss man aber sehen wollen, zum Beispiel in Büchern über dicke Frauen, die, wie lustig, auf einmal dünne Frauen sind.
Gibt es in Buchhandlungen eigentlich noch die Sparte "Freche Frauen"? Und gab es jemals Vergleichbares für männliche Autoren? "Freche Männer"? Gab es das? Warum nicht? Und was ist eine freche Frau? Ich bin es mal nicht, ich bin eine jammernde Frau. Per se.
Ach, mir geht es doch auch auf die Nerven. Da will ich gerade einen wirklich lustigen Text über Tiere schreiben oder martensteinesk Witze über das generische Maskulinum machen. Stattdessen muss ich wieder die Welt retten. Dieser verdammte Feminismus , den man gar nicht so nennen müsste, wenn es ihn nicht mehr bräuchte. Dann könnten wir uns einfach völlig geschlechtsneutral die Fakten um die Ohren hauen, aber so weit sind wir noch nicht.
Frauen haben keinen Humor!
Solange es vollkommen normal ist, die Bundeskanzlerin, die erste, die wir haben in der Geschichte Deutschlands und über deren Politik hier nicht verhandelt wird, zur Mutti zu machen. Das abzuschwächen, was in der Welt als mächtigste Person nach dem amerikanischen Präsidenten gehandelt wird, sie kleinzumachen. Und keiner findet etwas dabei.
Ein greiser Mann (sorry, ein bisschen Altersrassismus im Vorübergehen) urteilt über die von der Mehrheit der Deutschen gewählten Kanzlerin . So wie er es vielleicht von seinem Vater, der vielleicht bei den Berittenen gedient hat, gelernt hat. Frauen sind Mütter oder, nun ja, das andere. Dieses andere schien ihm vielleicht zu abwegig, also muss Variante eins herhalten.
Fiel eigentlich einem Journalisten beim Skandal um Merkels Abendkleid (sie hat eine Brust! Holy Shit!) die Überschrift "Der Busen der Nation" ein? Frauen haben aber auch keinen Humor! Wie großherzig hat Helmut Kohl die Zuschreibung "Großvater Deutschlands" getragen, wie verschmitzt lächelte Seehofer bei der Betitelung als "der wilde Horst". Und Brüderle lacht sich in seinem neuen Beruf als, als, als Dingsda, immer noch kringelig über "Randy Raini".
Damit muss man leben können als Mensch in der Öffentlichkeit, das ist kein Sexismus, sondern Spaß. Dass die Hosenanzüge der Kanzlerin seit Jahren ein Dauerthema sind, dieses Schicksal teilt sie ja mit all den Witzen über die immer gleichen Anzüge ihrer männlichen Kollegen. Dass eine große Zeitschrift einen Bericht über Merkel mit "Zu Hause ist sie Ehefrau" überschrieb, ist lustig.
Wenn es nicht so eine ungeheure Trägheit im Hirn offenbaren würde.
Der Feminismus, der vielen so auf den Keks geht, weil er alle zum Nachdenken und zu politischer Korrektheit verdammt, weil es anstrengend ist, auf einmal feminine Endungen zu schreiben, wird dann kein Thema mehr sein, wenn sich jeder bei allem, was er über einen anderen Menschen äußert, fragt: Will ich, dass man mich selbst so beschreibt? Mit anderen Worten: Kann alles noch ein wenig dauern.
Berliner Festspiele: Ein Tag mit &#133; Sibylle Berg und Freunden (13.10.2013)
Kennen Sie schon unsere neuen Newsletter?
</ExtractedText>
</item>
</channel>
</rss>
