<?xml version="1.0" encoding="UTF-8" standalone="no"?>
<rss xmlns:content="http://purl.org/rss/1.0/modules/content/" version="2.0">
<channel>
<title>SPIEGEL ONLINE - Kultur</title>
<link>http://www.spiegel.de</link>
<description>Nachrichten zu Kultur und Kunst, Fernsehen und Kino, Pop und Theater. Reportagen, Service, Rezensionen, Interviews - und der Zwiebelfisch.</description>
<language>de</language>
<pubDate>Sat, 05 Oct 2013 19:12:43 +0200</pubDate>
<lastBuildDate>Sat, 05 Oct 2013 19:12:43 +0200</lastBuildDate>
<image>
<title>SPIEGEL ONLINE</title>
<link>http://www.spiegel.de</link>
<url>http://www.spiegel.de/static/sys/logo_120x61.gif</url>
</image>
<item>
<title>Klangwechsel bei Cage-Aufführung in Halberstadt: Das langsamste Orgelkonzert der Welt</title>
<link>http://www.spiegel.de/kultur/musik/organ2-aslsp-tonwechsel-bei-cage-konzert-in-halberstadt-a-926274.html#ref=rss</link>
<description>Dieses Konzert dauert 639 Jahre, und wer die Melodie hören will, braucht viel Geduld: Über Jahre ist immer nur ein Akkord zu hören. Doch jetzt hat sich etwas getan bei der Aufführung des Orgelkonzerts "ORGAN2/ASLSP" von John Cage in Halberstadt. Der Klang änderte sich - und bleibt bis 2020.</description>
<pubDate>Sat, 05 Oct 2013 19:02:30 +0200</pubDate>
<guid>http://www.spiegel.de/kultur/musik/organ2-aslsp-tonwechsel-bei-cage-konzert-in-halberstadt-a-926274.html</guid>
<content:encoded><![CDATA[<img src="http://www.spiegel.de/images/image-553043-thumbsmall-vign.jpg" hspace="5" align="left" >Dieses Konzert dauert 639 Jahre, und wer die Melodie hören will, braucht viel Geduld: Über Jahre ist immer nur ein Akkord zu hören. Doch jetzt hat sich etwas getan bei der Aufführung des Orgelkonzerts "ORGAN2/ASLSP" von John Cage in Halberstadt. Der Klang änderte sich - und bleibt bis 2020.]]></content:encoded>
<enclosure type="image/jpeg" url="http://www.spiegel.de/images/image-553043-thumbsmall-vign.jpg"/>
<ExtractedText>"ORGAN2/ASLSP": Tonwechsel bei Cage-Konzert in Halberstadt
Klangwechsel bei Cage-Aufführung in Halberstadt: Das langsamste Orgelkonzert der Welt
Dieses Konzert dauert 639 Jahre, und wer die Melodie hören will, braucht viel Geduld: Über Jahre ist immer nur ein Akkord zu hören. Doch jetzt hat sich etwas getan bei der Aufführung des Orgelkonzerts "ORGAN2/ASLSP" von John Cage in Halberstadt. Der Klang änderte sich - und bleibt bis 2020.
DPA
Noten zu "ORGAN2/ASLSP" in Halberstadt: Ein neuer Klang pro Jahr
Halberstadt - Beim Jahrhunderte dauernden Orgelkonzert von John Cage in Halberstadt (Sachsen-Anhalt) ist der 13. Klangwechsel vollzogen worden. In der Burchardikirche sind die beiden Basstöne c' und des' mit den drei neuen Orgelpfeifen dis', ais' und e'' zu einem Fünfklang verschmolzen. Nach Veranstalterangaben waren Hunderte Besucher aus dem In- und Ausland dabei.
Der nächste Klangwechsel ist erst für das Jahr 2020 geplant. Insgesamt soll das Stück "ORGAN2/ASLSP" ("as slow as possible") des amerikanischen Komponisten über einen Zeitraum von 639 Jahren erklingen.
Das Stück, das 1987 bei seiner Uraufführung eine knappe halbe Stunde dauerte, wird in Halberstadt entsprechend der Spielanweisung von Cage so langsam wie möglich gespielt . Die Aufführung in Halberstadt begann am 5. September 2001 zunächst mit einer Pause, die ersten drei Pfeifentöne waren am 5. Februar 2003 zu hören. Seitdem gab es durchschnittlich einen Klangwechsel pro Jahr.
Cage (1912-1992) beschritt mit seiner experimentellen Musik völlig neue Wege. Beim Komponieren nutzte er unter anderem das Zufallsprinzip. In seinem bekanntesten Musikstück "4:33" erklingt kein einziger Ton.
rls/dpa
</ExtractedText>
</item>
</channel>
</rss>
