<?xml version="1.0" encoding="UTF-8" standalone="no"?>
<rss xmlns:content="http://purl.org/rss/1.0/modules/content/" version="2.0">
<channel>
<title>SPIEGEL ONLINE - Wirtschaft</title>
<link>http://www.spiegel.de</link>
<description>Nachrichten über Wirtschaft, Unternehmen, Börse, Verbraucherthemen. Aktueller Service, Analysen, Interviews.</description>
<language>de</language>
<pubDate>Sat, 05 Oct 2013 18:38:51 +0200</pubDate>
<lastBuildDate>Sat, 05 Oct 2013 18:38:51 +0200</lastBuildDate>
<image>
<title>SPIEGEL ONLINE</title>
<link>http://www.spiegel.de</link>
<url>http://www.spiegel.de/static/sys/logo_120x61.gif</url>
</image>
<item>
<title>Lockheed Martin: US-Rüstungskonzern beurlaubt Tausende Mitarbeiter</title>
<link>http://www.spiegel.de/wirtschaft/unternehmen/us-ruestungskonzern-lockheed-martin-beurlaubt-tausende-mitarbeiter-a-926195.html#ref=rss</link>
<description>Die Folgen des US-Haushaltsstreits für die Wirtschaft weiten sich aus: Nach dem Industriekonzern United Technologies will nun auch das Rüstungsunternehmen Lockheed Martin ab Montag Tausende Mitarbeiter in den Zwangsurlaub schicken.</description>
<pubDate>Fri, 04 Oct 2013 22:27:00 +0200</pubDate>
<guid>http://www.spiegel.de/wirtschaft/unternehmen/us-ruestungskonzern-lockheed-martin-beurlaubt-tausende-mitarbeiter-a-926195.html</guid>
<content:encoded><![CDATA[Die Folgen des US-Haushaltsstreits für die Wirtschaft weiten sich aus: Nach dem Industriekonzern United Technologies will nun auch das Rüstungsunternehmen Lockheed Martin ab Montag Tausende Mitarbeiter in den Zwangsurlaub schicken.]]></content:encoded>
<ExtractedText>1. Wunderbar.....
spon-facebook-10000523851 gestern, 22:57 Uhr
solche Entlassungen gab's nach 9/11 und 2008 massenhaft. Wunderbare Moeglichkeit Arbeiter zu entlassen, Schuld zuzuweisen, die verbleibenden Arbeiter zu Hoechstleitung zu zwingen, Gehaelter und Lohne 10 - 20% zurueckzufahren, [...]
solche Entlassungen gab's nach 9/11 und 2008 massenhaft. Wunderbare Moeglichkeit Arbeiter zu entlassen, Schuld zuzuweisen, die verbleibenden Arbeiter zu Hoechstleitung zu zwingen, Gehaelter und Lohne 10 - 20% zurueckzufahren, aussergehaltliche Verguetungen zu streichen, und nach ein paar Monaten die besseren der Gekuendigten zu geringerem Gehalt mit 10 Tagen Urlaub im Jahr und ohne Versicherung wieder einzustellen. Interessant war, dass Unternehmen in solchen "Krisenjahren" ungeheure Profite einfuhren.  Tausende und Abertausende von Leuten ohne Job auf der Strasse, waehrend sich die Chefetagen dem Stockwerk entsprechend Millionen Boni zahlen und wunderschoene Weihnachtstage im Kreise ihrer lieben Familie verbringen.  Nun, die Damen und Herren in Washington sind bereits auf ihren Steuerzahler finanzierten Reisen heim zu ihren Familien.  Wen kuemmert's schon wenn tausende von Leuten nun wieder in der Arbeitslosenschlange stehen und vom ohnehin maroden Staat, also wieder von Steuerzahlern unterstuetzt werden muessen.
2. Das Geld ist aus !!!
mobes gestern, 23:18 Uhr
*Der Shutdown hat bereits auch Auswirkungen auf die Außenpolitik der Vereinigten Staaten: Sanktionen gegen Iran und Syrien können nicht mehr vom zuständigen Finanzministerium umgesetzt werden.*  Was ? Jetzt doch kein Krieg mehr [...]
*Der Shutdown hat bereits auch Auswirkungen auf die Außenpolitik der Vereinigten Staaten: Sanktionen gegen Iran und Syrien können nicht mehr vom zuständigen Finanzministerium umgesetzt werden.*  Was ? Jetzt doch kein Krieg mehr ?   Super, dann hoffen wir mal, dass es noch lange so bleibt.
3. tja ..
Viciente gestern, 23:46 Uhr
.. ist doch völlig logisch - das sind die ersten; genau so wie sie diejenigen sind, die davon abhängig sind dass die usa ihre milliarden in die rüstung stecken und das material möglichst auch verbrauchen .. sonst hört doch die [...]
.. ist doch völlig logisch - das sind die ersten; genau so wie sie diejenigen sind, die davon abhängig sind dass die usa ihre milliarden in die rüstung stecken und das material möglichst auch verbrauchen .. sonst hört doch die produktion auf! keine kriege mehr und den militäretat drastisch kürzen - und die arbeitslosenrate schnalzt hoch; der finanzindustrie wirds gefallen, denn dann macht die fed so weiter bzw. noch mehr. dieser ganze (kollektiv weltweite) wahn-sinn ist nicht mehr zu überbieten.
4. Die Linken reden immer nur von Frieden und Abrüstung,
gustavsche gestern, 23:47 Uhr
die Tea-Party macht einfach bzw. lässt machen. Obama war ja auch nur ein Friedensrethoriker; sein Geschwafel hat ihm noch vor Amtsantritt den Friedensnobelpreis beschert und er war blöd genug, diesen anzunehmen. Es ist gut, dass [...]
die Tea-Party macht einfach bzw. lässt machen. Obama war ja auch nur ein Friedensrethoriker; sein Geschwafel hat ihm noch vor Amtsantritt den Friedensnobelpreis beschert und er war blöd genug, diesen anzunehmen. Es ist gut, dass Obama nicht einfach so durchregieren kann. Die Amerikaner haben schon seit ihrer Unabhängigkeit vom Königreich verinnerlicht, dass es nicht im Sinne der Nation ist, wenn eine Regierung leicht regieren kann. Das gesamte politische System der USA ist auf Checks und Balance ausgerichtet. Hier in Deutschland ist das ein Fremdwort, man verachtet parlamentarische Kontrolle und wünscht sich die große Koalition, weil die so reibungslos funktioniert. Unglaublich aber auch, dass die Abwracker der Regierung Merkel/Steinmeier so einen guten Ruf in der Bevölkerung haben.  Die USA mögen viele Schulden haben, aber die Bewertungen der amerikanischen Staatsanleihen sind besser als die der europäischen. Das verstehen viele Leute hierzulande nicht, aber es ist eigentlich ganz einfach: Die USA haben die dynamischere Volkswirtschaft und haben das stabilere politische System. Undenkbar ist es, dass so eine Gestalt wie Chavez an die Macht kommt und alle Schulden für nichtig erklärt. In Europa muss man immer damit rechnen. Ich jedenfalls werden bevorzug in amerikanische Unternehmen investieren.  Ich jedenfalls trinke gleich noch einen Tee und wünsche mir für Deutschland und Europa eine echte Austeritätspolitik der Ausgaben- und Steuersenkung. Ein Tea Party für Deutschland... das wär's doch.
5.
sushiboi heute, 01:51 Uhr
Dann werden halt ein paar Rüstungsgüter weniger hergestellt. Darüber wird sich sicher keiner beschweren. Und vielleicht ist das ja die Gelegenheit für ein paar Angestellte im zivilen Sektor eine alternative langfristige [...]
Dann werden halt ein paar Rüstungsgüter weniger hergestellt. Darüber wird sich sicher keiner beschweren. Und vielleicht ist das ja die Gelegenheit für ein paar Angestellte im zivilen Sektor eine alternative langfristige Beschäftigung zu finden.
</ExtractedText>
</item>
</channel>
</rss>
