<?xml version="1.0" encoding="UTF-8" standalone="no"?>
<rss xmlns:atom="http://www.w3.org/2005/Atom" version="2.0">
<channel>
<title>Beruf &amp; Chance - FAZ.NET</title>
<link>http://www.faz.net/aktuell/beruf-chance/</link>
<description>Informationen für Arbeitgeber und Arbeitnehmer. Themen wie Beruf, Job,  Karriere und Altersvorsorge. Tipps zu Bewerbung und Weiterbildung.</description>
<copyright>Copyright 2001-2013 Frankfurter Allgemeine Zeitung GmbH. Alle Rechte vorbehalten.</copyright>
<category>Beruf &amp; Chance - FAZ.NET</category>
<language>de-de</language>
<docs>http://www.faz.net/hilfe/services-newsletter-widgets-rss-feeds-mehr/</docs>
<generator>FAZ.NET</generator>
<ttl>5</ttl>
<lastBuildDate>Wed, 16 Oct 2013 06:09:01 +0200</lastBuildDate>
<atom:link href="http://www.faz.net/rss/aktuell/beruf-chance/" rel="self" type="application/rss+xml"/>
<image>
        <title>Beruf &amp; Chance - FAZ.NET</title>
        <url>http://www.faz.net/img/fazlogo_ressort.gif</url>
        <link>http://www.faz.net/aktuell/beruf-chance/</link>
    </image>
<item>
    <title>Fürs Leben gelernt: Die etwas anderen Karriereratgeber</title>
    <description>&lt;img width="190" height="107" border="0" title="26225321" alt="26225321" src="http://media1.faz.net/polopoly_fs/1.2609027!/image/1472764746.jpg_gen/derivatives/article_teaser/1472764746.jpg"/&gt;&lt;p&gt;„99 ultimative Tipps für die Karriereleiter“ oder „Konsequent erfolgreicher als andere“ - neue Karriereratgeber gibt es viele. Doch in alten Kinderbüchern, Romanen und Wissenschaftstexten stecken oft bessere Hilfen fürs Berufsleben. Unsere Favoriten.&lt;/p&gt;</description>
    <link>http://www.faz.net/aktuell/beruf-chance/fuers-leben-gelernt-die-etwas-anderen-karriereratgeber-12609005.html</link>
    <pubDate>Thu, 10 Oct 2013 01:52:00 +0200</pubDate>
    <guid isPermaLink="true">http://www.faz.net/-gyl-7i965</guid>
<ExtractedText>Beruf &amp; Chance
Fürs Leben gelernt Die etwas anderen Karriereratgeber
10.10.2013 ·  „99 ultimative Tipps für die Karriereleiter“ oder „Konsequent erfolgreicher als andere“ - neue Karriereratgeber gibt es viele. Doch in alten Kinderbüchern, Romanen und Wissenschaftstexten stecken oft bessere Hilfen fürs Berufsleben. Unsere Favoriten.
  1/8  
© Verlage
Die etwas anderen Karriereratgeber
„99 ultimative Tipps für die Karriereleiter“ oder „Konsequent erfolgreicher als andere“ - neue Karriereratgeber gibt es viele. Doch in alten Kinderbüchern, Romanen und Wissenschaftstexten stecken oft bessere Hilfen fürs Berufsleben. Unsere Favoriten.
  1/8  
© Verlage
Die etwas anderen Karriereratgeber
„99 ultimative Tipps für die Karriereleiter“ oder „Konsequent erfolgreicher als andere“ - neue Karriereratgeber gibt es viele. Doch in alten Kinderbüchern, Romanen und Wissenschaftstexten stecken oft bessere Hilfen fürs Berufsleben. Unsere Favoriten.
Weitere Artikel
</ExtractedText>
</item>
</channel>
</rss>
