<?xml version="1.0" encoding="UTF-8" standalone="no"?>
<rss xmlns:atom="http://www.w3.org/2005/Atom" version="2.0">
<channel>
<title>Finanzen - FAZ.NET</title>
<link>http://www.faz.net/aktuell/finanzen/</link>
<description>Finanzen, Börse, Aktien:  Aktuelle Nachrichten über Märkte und deren Entwicklung. News über Fonds, Anleihen und Zinsen aus der Finanzwelt.</description>
<copyright>Copyright 2001-2013 Frankfurter Allgemeine Zeitung GmbH. Alle Rechte vorbehalten.</copyright>
<category>Finanzen - FAZ.NET</category>
<language>de-de</language>
<docs>http://www.faz.net/hilfe/services-newsletter-widgets-rss-feeds-mehr/</docs>
<generator>FAZ.NET</generator>
<ttl>5</ttl>
<lastBuildDate>Sat, 5 Oct 2013 17:58:08 +0200</lastBuildDate>
<atom:link href="http://www.faz.net/rss/aktuell/finanzen/" rel="self" type="application/rss+xml"/>
<image>
        <title>Finanzen - FAZ.NET</title>
        <url>http://www.faz.net/img/fazlogo_ressort.gif</url>
        <link>http://www.faz.net/aktuell/finanzen/</link>
    </image>
<item>
    <title>Übernahmemarkt: Private Equity erobert sich seinen Platz zurück</title>
    <description>&lt;img width="190" height="107" border="0" title="Die größten Transaktionen werden in Nordamerika getätigt: Der Kaufhauskonzerns Neiman Marcus ging für 6 Milliarden Dollar über den Tisch" alt="Die größten Transaktionen werden in Nordamerika getätigt: Der Kaufhauskonzerns Neiman Marcus ging für 6 Milliarden Dollar über den Tisch" src="http://media0.faz.net/polopoly_fs/1.2604020!/image/2854600075.jpg_gen/derivatives/article_teaser/2854600075.jpg"/&gt;&lt;p&gt;Private Equity hat fünf Jahre nach der Finanzkrise seinen Platz im internationalen Übernahmegeschehen wieder eingenommen. Besonders viele Unternehmen werden in Amerika übernommen - in Europa lähmt die Eurokrise.&lt;/p&gt;</description>
    <link>http://www.faz.net/aktuell/finanzen/aktien/uebernahmemarkt-private-equity-erobert-sich-seinen-platz-zurueck-12603825.html</link>
    <pubDate>Sat, 05 Oct 2013 12:00:00 +0200</pubDate>
    <guid isPermaLink="true">http://www.faz.net/-gv7-7i569</guid>
<ExtractedText>Aktien
Übernahmemarkt Private Equity erobert sich seinen Platz zurück
05.10.2013 ·  Private Equity hat fünf Jahre nach der Finanzkrise seinen Platz im internationalen Übernahmegeschehen wieder eingenommen. Besonders viele Unternehmen werden in Amerika übernommen - in Europa lähmt die Eurokrise.
Artikel Bilder (2) Lesermeinungen (1)
© AFP
Die größten Transaktionen werden in Nordamerika getätigt: Der Kaufhauskonzerns Neiman Marcus ging für 6 Milliarden Dollar über den Tisch
© AFP
Die größten Transaktionen werden in Nordamerika getätigt: Der Kaufhauskonzerns Neiman Marcus ging für 6 Milliarden Dollar über den Tisch
Fünf Jahre nach dem Untergang der Investmentbank Lehman Brothers sind Finanzinvestoren (Private Equity) zwar nicht mehr die „Masters of the Universe“, als die sie sich fälschlicherweise eine Zeit lang gewähnt hatten. Aber Private Equity hat seinen angestammten Platz im internationalen Übernahmegeschehen längst wieder eingenommen, wie auch die Statistiken für das dritte Quartal und die ersten neun Monate dieses Jahres zeigen. Das große Geschäft mit dem Erwerb und Wiederverkauf von Unternehmen machen die Beteiligungsgesellschaften – wie früher – vornehmlich in Amerika. In Europa dagegen lähmt die wirtschaftliche Krise auch die Private-Equity-Aktivitäten.
Transaktionen
Insgesamt 666 Übernahmen im Gesamtwert von 60 Milliarden Dollar wurden im dritten Quartal rund um den Globus durch Private-Equity-Gesellschaften angekündigt oder vollzogen. Laut einer Analyse des Datenanbieters Preqin war das zwar ein leichter Rückgang zum vorangegangenen Quartal. In den ersten neun Monaten 2013 erreichte das gesamte Übernahmevolumen durch Private Equity aber mehr als 200 Milliarden Dollar – ein Plus von 19 Prozent zum Vorjahr.
Das zeige, dass es trotz aller Skepsis noch immer genügend Investitionsmöglichkeiten gebe, kommentierte Preqin-Manager Ignatius Fogarty die Zahlen. Auf der Suche nach Kaufgelegenheiten wird die Branche derzeit vor allem in Nordamerika fündig. Von den sechs größten Transaktionen des dritten Quartals wurden fünf in den Vereinigten Staaten angekündigt.
© F.A.Z.
© F.A.Z.
Finanzinvestoren auf der Pirsch
Angeführt wird die Liste vom 6 Milliarden Dollar schweren Verkauf des Kaufhauskonzerns Neiman Marcus, der von einer Gruppe von Finanzinvestoren (TPG, Warburg Pincus) an die nächste (Ares Management, CPP) weitergereicht wurde. Insgesamt machte Amerika rund die Hälfte des gesamten Private-Equity-Markts im dritten Quartal aus.
Während Asien starke Zuwächse sah, blieb Europa mit einem Transaktionsvolumen von 15 Milliarden Dollar um rund 50 Prozent hinter dem Vorquartal zurück. In Deutschland wurde in diesem Zeitraum keine einzige Milliardenübernahme registriert. In der Liste der größten Veräußerungen durch Finanzinvestoren rangierte der Verkauf des Badarmaturenherstellers Grohe an den japanischen Lixil-Konzern für 1,5 Milliarden Euro auf Rang drei.
Neue Fonds
Viele große Geldgeber suchen derzeit nach Alternativen zu den klassischen Anlageformen wie Staatspapiere oder Aktien. Daher machen sich Private-Equity-Gesellschaften Hoffnung, neue Fonds mit ausreichend Kapital füllen zu können. Insgesamt 1990 Finanzinvestoren sind derzeit laut Preqin mit Geldeinsammeln beschäftigt – ein Rekordwert. Aber das sogenannte „fundraising“ ist mühsam, im Durchschnitt dauert es 18,5 Monate bis zur letzten Unterschrift. Vor der Finanzkrise, im Jahr 2006, waren nur 11,3 Monate nötig. Und die Zahlen zeigen auch, dass viele Versicherer oder Pensionskassen inzwischen lieber größere Summen an bewährte Private-Equity-Häuser geben, als ihr Kapital auf mehrere Töpfe zu verteilen.
„Der Markt bleibt unterteilt und eine Vielzahl von Finanzinvestoren haben im Fundraising weiterhin ihre Mühe“, analysiert Dan Gunner, leitender Analyst von Private Equity International (PEI). Im dritten Quartal wurden nach Preqin-Schätzung 179 Fonds neu aufgelegt mit zusammen 87 Milliarden Dollar Kapital.
Weitere Artikel
</ExtractedText>
</item>
</channel>
</rss>
