<?xml version="1.0" encoding="UTF-8" standalone="no"?>
<rss xmlns:atom="http://www.w3.org/2005/Atom" version="2.0">
<channel>
<title>Feuilleton - FAZ.NET</title>
<link>http://www.faz.net/aktuell/feuilleton/</link>
<description>F.A.Z. Feuilleton: Meldungen aus den Bereichen Kunst, Kultur und Musik. Kritiken und Rezensionen. Veranstaltungen, Kino, Oper und Theater.</description>
<copyright>Copyright 2001-2013 Frankfurter Allgemeine Zeitung GmbH. Alle Rechte vorbehalten.</copyright>
<category>Feuilleton - FAZ.NET</category>
<language>de-de</language>
<docs>http://www.faz.net/hilfe/services-newsletter-widgets-rss-feeds-mehr/</docs>
<generator>FAZ.NET</generator>
<ttl>5</ttl>
<lastBuildDate>Wed, 16 Oct 2013 08:21:17 +0200</lastBuildDate>
<atom:link href="http://www.faz.net/rss/aktuell/feuilleton/" rel="self" type="application/rss+xml"/>
<image>
        <title>Feuilleton - FAZ.NET</title>
        <url>http://www.faz.net/img/fazlogo_ressort.gif</url>
        <link>http://www.faz.net/aktuell/feuilleton/</link>
    </image>
<item>
    <title>Noch einen Schnaps, bitte! The Mountain Goats in Köln</title>
    <description>&lt;img width="190" height="107" border="0" title="Seine Songs kommen wie aus der Pistole geschossen: John Darnielle" alt="Seine Songs kommen wie aus der Pistole geschossen: John Darnielle" src="http://media1.faz.net/polopoly_fs/1.2619045!/image/792113971.jpg_gen/derivatives/article_teaser/792113971.jpg"/&gt;&lt;p&gt;Da muss man schon selbst zu hören: John Darnielle alias The Mountain Goats feiert im Kölner Luxor die große alte Kunstform des Popsongs.&lt;/p&gt;</description>
    <link>http://www.faz.net/aktuell/feuilleton/pop/the-mountain-goats-in-koeln-noch-einen-schnaps-bitte-12619038.html</link>
    <pubDate>Tue, 15 Oct 2013 16:24:00 +0200</pubDate>
    <guid isPermaLink="true">http://www.faz.net/-gsd-7igwu</guid>
<ExtractedText>Seine Songs kommen wie aus der Pistole geschossen: John Darnielle
© Brill, Thomas
Seine Songs kommen wie aus der Pistole geschossen: John Darnielle
John Darnielle grinst, als hätte er die richtige Menge einer glückselig machenden Substanz zu sich genommen, einen guten Witz gehört oder beides. An dem, was er singt, kann es nicht liegen: „Someone needs to clean up this mess!“, bellt er und meint damit erklärtermaßen sich selbst. Nein, es ist die Freude am Vortrag, die Darnielle den ganzen Abend über so grinsen lässt; es ist die Art, wie er seine Textungetüme in die Welt spuckt. Und vermutlich kann man auch nur grinsen, wenn man so singt. Seine Stimme schneidet wie eine Klinge durch den Raum; spitz, schrill, gellend und bohrend tönt sein Organ, dabei aber nie außer Kontrolle. Darnielle weiß offensichtlich, was er da tut, und es scheint ihm größte Freude zu bereiten. Wie mit einem Maschinengewehr hält er mit seinen Songs drauf.
Seit zwanzig Jahren bringt er unter dem Namen „The Mountain Goats“ Alben heraus. Er entstammt, ebenso wie Bill Callahan, der weit verstreuten Früh-Neunziger-Lo-Fi-Szene. Klangen die frühen Platten der Mountain Goats noch, als wären sie auf einem billigen Radiorekorder aufgenommen worden (was damit zusammenhängen könnte, dass sie tatsächlich auf einem ebensolchen Gerät produziert wurden), erstrahlten die Songs auf späteren Werken oft in vollem Band-Sound. Die schneidende Stimme klingt aber immer noch wie 1993.
Der Schnaps brannte sich ihm ein
Rein optisch erinnert Darnielle mit seinem Literaturprofessor-Look ein wenig an einen jüngeren, fülligeren Bruder von Robert Forster. Aber da wütet eine selten zu bestaunende Unruhe in dem Mann. Wenn er nicht gerade damit beschäftigt ist, mehr Wörter in einem einzigen Stück unterzubringen als die meisten Songwriter auf einem ganzen Album, dann beschrabbelt er seine Akustikgitarre in einer Manier, dass eigentlich ununterbrochen Saiten reißen müssten. Zwischendurch gibt es in halsbrecherischem Tempo vorgetragene Stegreif-Moderationen. Das nächste Stück, erzählt er dem Publikum im Kölner Luxor, habe er hier, in dieser Stadt, zum ersten Mal live aufgeführt. Das wisse er tatsächlich noch, obwohl der Abend im Vollrausch geendet habe. Er habe nämlich „Berlin, Alexanderplatz“ zwei Mal im Original gesehen, und vor allem ein Satz habe sich ihm eingebrannt: „Ein Schnaps, bitte!“
Das grandiose Stück „The Diaz Brothers“, erklärt er später, habe er geschrieben, weil ihm aufgefallen sei, dass in dem Film „Scarface“ mehrmals von den Diaz-Brüdern die Rede sei. Allerdings seien diese Diaz-Brüder niemals zu sehen und würden irgendwann tot aufgefunden. Das sei doch eine schöne Ausgangssituation für einen Song. Darnielle rattert und rattert und rattert. Es ist eine Freude, ihm zuzuhören. Ein Streitgespräch indes möchte man nicht unbedingt mit ihm führen müssen.
Weitere Artikel
</ExtractedText>
</item>
</channel>
</rss>
