<?xml version="1.0" encoding="UTF-8" standalone="no"?>
<rss xmlns:atom="http://www.w3.org/2005/Atom" version="2.0">
<channel>
<title>Feuilleton - FAZ.NET</title>
<link>http://www.faz.net/aktuell/feuilleton/</link>
<description>F.A.Z. Feuilleton: Meldungen aus den Bereichen Kunst, Kultur und Musik. Kritiken und Rezensionen. Veranstaltungen, Kino, Oper und Theater.</description>
<copyright>Copyright 2001-2013 Frankfurter Allgemeine Zeitung GmbH. Alle Rechte vorbehalten.</copyright>
<category>Feuilleton - FAZ.NET</category>
<language>de-de</language>
<docs>http://www.faz.net/hilfe/services-newsletter-widgets-rss-feeds-mehr/</docs>
<generator>FAZ.NET</generator>
<ttl>5</ttl>
<lastBuildDate>Wed, 16 Oct 2013 08:21:17 +0200</lastBuildDate>
<atom:link href="http://www.faz.net/rss/aktuell/feuilleton/" rel="self" type="application/rss+xml"/>
<image>
        <title>Feuilleton - FAZ.NET</title>
        <url>http://www.faz.net/img/fazlogo_ressort.gif</url>
        <link>http://www.faz.net/aktuell/feuilleton/</link>
    </image>
<item>
    <title>Snowden-Reporter Greenwald verlässt den „Guardian“</title>
    <description>&lt;img width="190" height="107" border="0" title="Wohin es ihn zieht, sagt Greenwald noch nicht" alt="Wohin es ihn zieht, sagt Greenwald noch nicht" src="http://media1.faz.net/polopoly_fs/1.2619721!/image/3475671153.jpg_gen/derivatives/article_teaser/3475671153.jpg"/&gt;&lt;p&gt;Der Enthüllungsjournalist Glenn Greenwald, der federführend über die Enthüllungen des Informanten Edward Snowden berichtete, wechselt zu einem neuen Medienunternehmen.&lt;/p&gt;</description>
    <link>http://www.faz.net/aktuell/feuilleton/medien/journalistisches-traumangebot-snowden-reporter-greenwald-verlaesst-den-guardian-12619719.html</link>
    <pubDate>Tue, 15 Oct 2013 22:48:00 +0200</pubDate>
    <guid isPermaLink="true">http://www.faz.net/-gsb-7ihfr</guid>
<ExtractedText>Medien
„Journalistisches Traumangebot“ Snowden-Reporter Greenwald verlässt den „Guardian“
15.10.2013 ·  Der Enthüllungsjournalist Glenn Greenwald, der federführend über die Enthüllungen des Informanten Edward Snowden berichtete, wechselt zu einem neuen Medienunternehmen.
© AFP
Wohin es ihn zieht, sagt Greenwald noch nicht
Der Enthüllungsjournalist Glenn Greenwald verlässt die britische Tageszeitung „Guardian“. Der Vertraute des früheren amerikanischen Geheimdienstmitarbeiters Edward Snowden, der federführend die weltweiten Spionageprogramme des amerikanischen und britischen Geheimdienstes aufgedeckt hatte, wechselt zu einem neuen Medienunternehmen des Ebay -Gründers Pierre Omidyar, wie mit dem Vorgang vertraute Personen am Mittwoch sagten. Greenwald schrieb in seinem Blog, es handle sich um eine „Chance, die man nur einmal im Leben bekommt“. Details über das neue Medienunternehmen würden in Kürze bekanntgegeben.
Eine Guardian-Sprecherin sagte, die Zeitung sei enttäuscht über die Kündigung Greenwalds. „Wir können aber anerkennen, dass seine neue Rolle sehr attraktiv ist und wünschen ihm alles Gute.“
Der 46 Jahre alte Omidyar verfügt nach Informationen des Magazins „Forbes“ über ein Vermögen von 8,5 Milliarden Dollar. Er engagiert sich seit längerer Zeit für soziale Belange. Er gründete unter anderen „Honolulu Civil Beat“, eine Internetseite, die über Hawaii berichtet und ein neues Journalismus-Modell entwickeln will. Unklar ist, ob der in Frankreich geborene Amerikaner iranischer Abstammung noch weitere Geldgeber für sein jüngstes Projekt hat. Omidyars Twitter-Nachrichten lassen darauf schließen, dass er sich intensiv mit den staatlichen Spionageprogrammen beschäftigt, die Snowden und Greenwald aufgedeckt haben.
Snowden, der tausende geheime Unterlagen der Öffentlichkeit zugänglich machen wollte, hatte sich Greenwald als journalistischen Partner ausgesucht, weil er dessen frühere Arbeit kannte. Er gab dem Reporter und der Filmemacherin Laura Poitras ein langes Interview in Hongkong, das Anfang Juni den Skandal um die großflächige Internet-Überwachung durch amerikanische und britische Geheimdienste ins Rollen brachte. Snowden hat mittlerweile in Russland Asyl erhalten und lebt an einem geheimen Ort. Er wird von den Vereinigten Staaten wegen Spionagevorwürfen gesucht.
Weitere Artikel
</ExtractedText>
</item>
</channel>
</rss>
