<?xml version="1.0" encoding="UTF-8" standalone="no"?>
<rss xmlns:atom="http://www.w3.org/2005/Atom" version="2.0">
<channel>
<title>Feuilleton - FAZ.NET</title>
<link>http://www.faz.net/aktuell/feuilleton/</link>
<description>F.A.Z. Feuilleton: Meldungen aus den Bereichen Kunst, Kultur und Musik. Kritiken und Rezensionen. Veranstaltungen, Kino, Oper und Theater.</description>
<copyright>Copyright 2001-2013 Frankfurter Allgemeine Zeitung GmbH. Alle Rechte vorbehalten.</copyright>
<category>Feuilleton - FAZ.NET</category>
<language>de-de</language>
<docs>http://www.faz.net/hilfe/services-newsletter-widgets-rss-feeds-mehr/</docs>
<generator>FAZ.NET</generator>
<ttl>5</ttl>
<lastBuildDate>Wed, 16 Oct 2013 08:21:17 +0200</lastBuildDate>
<atom:link href="http://www.faz.net/rss/aktuell/feuilleton/" rel="self" type="application/rss+xml"/>
<image>
        <title>Feuilleton - FAZ.NET</title>
        <url>http://www.faz.net/img/fazlogo_ressort.gif</url>
        <link>http://www.faz.net/aktuell/feuilleton/</link>
    </image>
<item>
    <title>Zweihundertster Jahrestag der Völkerschlacht: Vorwärts in die Vergangenheit</title>
    <description>&lt;img width="190" height="107" border="0" title="Als wäre es real: Ingo Zamperoni moderiert die „Topnews“ zur Völkerschlacht von 1813 so, als fände diese heute statt" alt="Als wäre es real: Ingo Zamperoni moderiert die „Topnews“ zur Völkerschlacht von 1813 so, als fände diese heute statt" src="http://media1.faz.net/polopoly_fs/1.2619327!/image/1389067036.jpg_gen/derivatives/article_teaser/1389067036.jpg"/&gt;&lt;p&gt;Der MDR brilliert mit einer Nachrichtenparodie zum Jubiläum der Völkerschlacht. Einziges Manko dieser mit viel historischem Fachwissen produzierten Aktualitätssimulation ist der Sendeplatz.&lt;/p&gt;</description>
    <link>http://www.faz.net/frankfurter-allgemeine-zeitung/voelkerschlacht-bei-leipzig-vorwaerts-in-die-vergangenheit-12619234.html</link>
    <pubDate>Tue, 15 Oct 2013 18:40:00 +0200</pubDate>
    <guid isPermaLink="true">http://www.faz.net/-1v0-7ih2a</guid>
<ExtractedText>Frankfurter Allgemeine Zeitung
Völkerschlacht bei Leipzig Vorwärts in die Vergangenheit
15.10.2013 ·  Der MDR brilliert mit einer Nachrichtenparodie zum Jubiläum der Völkerschlacht. Einziges Manko dieser mit viel historischem Fachwissen produzierten Aktualitätssimulation ist der Sendeplatz.
Artikel Bilder (2) Lesermeinungen (1)
© MDR
Als wäre es real: Ingo Zamperoni moderiert die „Topnews“ zur Völkerschlacht von 1813 so, als fände diese heute statt
© MDR
Als wäre es real: Ingo Zamperoni moderiert die „Topnews“ zur Völkerschlacht von 1813 so, als fände diese heute statt
In der Ausstellung „Helden nach Maß“ des Stadtgeschichtlichen Museums Leipzig läuft im Foyer ein Film, der die Völkerschlacht als Nachrichtensendung inszeniert. Der Mitteldeutsche Rundfunk mit Sitz in Leipzig ist auf dieselbe Idee gekommen, hat sie aber noch konsequenter umgesetzt: als Extrasendung in Form der ARD-„Brennpunkte“, die bei besonderen Ereignissen aktuell ins Programm geschoben werden. So läuft zurzeit an vier Abenden zur besten Sendezeit (19.50 bis 20.15 Uhr) im MDR eine Nachrichtensendung namens „Topnews“, die sich mit der Völkerschlacht bei Leipzig einem Geschehen widmet, das genau zweihundert Jahre zurückliegt.
Nein, leider nicht ganz genau. Was den MDR bewogen hat, seine aufwendige Aktualitätssimulation vom 14. bis 17.Oktober statt an den historischen Schlachttagen vom 16. bis zum 19. Oktober auszustrahlen, bleibt rätselhaft. Dann wäre die Akribie, mit der hier ein vergangenes Ereignis in unsere mediale Gegenwart versetzt wird, noch verblüffender. So aber waren wir vorgestern und gestern unserer Vergangenheit voraus, sahen Nachrichten, die von einem ersten und zweiten Kampftag berichteten, die erst heute und morgen im Programm dran gewesen wären, wenn man das Prinzip des historischen Spaßes ernst genommen hätte.
Mit großer Akribie
Das mindert indes das Vergnügen und den Erkenntnisgewinn nicht im Geringsten. Zunächst einmal ist es ein Genuss, wie der Nachrichtensprecher Ingo Zamperoni seine Rolle als Anchorman anlegt: ganz seriös und ohne jede falsche Perfektion, die so häufig das Manko inszenierter Live-Realität ist. Zamperoni verhaspelt sich bisweilen im Gespräch mit einem Studiogast, und die Schaltungen zu den Außenreportern auf dem Schlachtfeld leiden unter Zeitverzögerung. Die von angeblichen „Helmkameras“ der russischen Armee aufgenommenen Videos des Schlachtgeschehens sind von jener kläglichen Qualität, wie wir sie aus Krisengebietsberichterstattung auf Youtube oder Facebook mittlerweile gewohnt sind. Und während sämtliche Journalisten in heutiger Kleidung agieren, treten die Akteure der Völkerschlacht – Soldaten, Herrscher, Ärzte – in historischen Kostümen auf.
© MDR/Steffen Junghans
Reporter an der Front und dahinter: Steffen Quasebarth befragt Leipziger Bürger
Die Sorgfalt, die André Meier, der Autor dieser vierteiligen Nachrichtenpersiflage, hat walten lassen, ist also groß. Vor allem die Wortwahl im jeweiligen Kontext ist brillant. „Von der Regie habe ich gehört, dass Napoleons Armeesprecher in Kürze vor die Presse treten wird“, verkündet Zamperoni in bestem Wahlabend-Jargon, doch als dann zehn Minuten später dieser Monsieur Gilles Morel tatsächlich zugeschaltet wird, ist das ein kabarettreifer Auftritt in einem französisch-deutschen Sprachmischmasch, der danach aber wieder höchst ernsthaft vom Studio-Experten Norbert Finzsch analysiert wird.
Eine schöne Parodie
Finzsch ist Historiker von der Universität Köln, und seine Mitwirkung ist der einzige Fehlgriff im perfekt-perfiden Spiel. Nicht, weil er nicht überzeugend als aktueller Kommentator wirkte, im Gegenteil, er beherrscht exakt jene leicht blasiert wirkende Abgeklärtheit, in die sich Experten solcher Sondersendungen angesichts der meist erschütternden Geschehnisse zurückziehen. Aber im Jahr 1813, in das uns die Nachrichtensendung trotz ihres modernen Looks ja versetzen soll, gab es in Köln gar keine Universität.
Weitere Artikel
</ExtractedText>
</item>
</channel>
</rss>
