<?xml version="1.0" encoding="UTF-8" standalone="no"?>
<rss xmlns:atom="http://www.w3.org/2005/Atom" xmlns:dc="http://purl.org/dc/elements/1.1/" version="2.0">
  <channel>
<title>
      ZEIT ONLINE: Wirtschaft</title>
<description>Aktuelle Nachrichten, Kommentare, Analysen und Hintergründe zu den Themen Wirtschaftspolitik, Finanzen, Unternehmen, Branchen, Börsen und Märkten</description>
<pubDate>Sat, 05 Oct 2013 09:33:16 GMT</pubDate>
<lastBuildDate>Sat, 5 Oct 2013 18:46:14 +0200</lastBuildDate>
<language>de-de</language>
<link>http://www.zeit.de/wirtschaft/index</link>
<atom:link href="http://newsfeed.zeit.de/wirtschaft/index" rel="self" type="application/rss+xml"/>
<copyright>Copyright (c) 2013, ZEIT ONLINE GmbH</copyright>
<docs>http://www.zeit.de/hilfe/rss</docs>
<generator>mod_xslt LePenguin</generator>
<managingEditor>wolfgang.blau@zeit.de (Wolfgang Blau)</managingEditor>
<webMaster>webmaster@zeit.de (Internettechnik ZEIT ONLINE)</webMaster>
<image>
      <url>http://images.zeit.de/bilder/elemente_01_06/logos/homepage_top.gif</url>
      <title>
      ZEIT ONLINE: Wirtschaft</title>
      <link>http://www.zeit.de/wirtschaft/index</link>
    </image>
<item>
      <link>http://www.zeit.de/2013/40/biogas-klein-zecher-buergerinitiative-naturschutz</link>
      <guid>http://www.zeit.de/2013/40/biogas-klein-zecher-buergerinitiative-naturschutz</guid>
      <category>Wirtschaft</category>
      <title>Biogas: Naturfreunde zu Wutbürgern</title>
      <description>&lt;a href="http://www.zeit.de/2013/40/biogas-klein-zecher-buergerinitiative-naturschutz"&gt;&lt;img style="float:left; margin-right:5px" src="http://images.zeit.de/wirtschaft/2013-09/s32-biogasanlage/s32-biogasanlage-148x84.jpg"/&gt;&lt;/a&gt; Ein Dorf in Schleswig-Holstein streitet über eine Biogasanlage: In Klein Zecher starteten Naturfreunde eine Bürgerinitiative gegen das Projekt. Dann eskalierte der Zwist.</description>
      <dc:creator>ZEIT ONLINE : Wirtschaft - Kathrin Burger</dc:creator>
      <pubDate>Thu, 26 Sep 2013 06:00:00 GMT</pubDate>
    <ExtractedText>Wegen einer Biogasanlage werden in Klein Zecher Naturfreunde zu Wutbürgern. Von Kathrin Burger
3. Oktober 2013  12:57 Uhr  29 Kommentare
Die Ruhe im idyllischen Klein Zecher ist dahin, seit eine junge       Großbäuerin der 300-Seelen-Gemeinde in Schleswig-Holstein die Vorabgenehmigung erhielt, eine       Biogasanlage im Dorf zu errichten. Inzwischen sind die Bauarbeiten bereits angelaufen. Der       Betrieb einer solchen Biogasanlage ist – dank der üppigen Subventionen – viel rentabler, als       einfach nur die Felder zu bestellen. Die Förderung durch das Erneuerbare Energien Gesetz,       kurz: EEG, macht aus Ackerland eine Goldgrube – und aus Naturfreunden werden Wutbürger.
Die Bewohner von Klein Zecher, aber auch Dorfbesucher, die die Nähe zu Flora und Fauna schätzen, sind in Rage. Sie haben eine Bürgerinitiative gegründet, um das Projekt zu stoppen. Schließlich, so ihre Befürchtung, würden künftig schwere Lastwagen durch das Dorf und über die schmale Landstraße brettern: hin und zurück, rund 1000-mal pro Erntezeit. Auch durch die sehr schmale Hauptstraße des Nachbarstädtchens Zarrentin soll das Substrat für die Biogasanlage, vornehmlich Mais und Rübenschnitzel, aus dem angrenzenden Mecklenburg-Vorpommern herangeschafft werden. Deshalb bringen sich auch dort die Bürger in Stellung. Eine Bürgerinitiative warb in Geschäften und Restaurants per Unterschriftlisten erfolgreich um Mitglieder. Als einige Listen entwendet wurden, gerieten Befürworter der Biogasanlage in Verdacht. Geschäftsleute erstatteten Anzeige.
Anzeige
Der Streit eskalierte, als der Bürgermeister drastisch wurde
Die rund 100 Aktivisten und Unterstützer der Bürgerinitiative sehen nicht nur eine massive Minderung der Lebensqualität auf sich zukommen, sondern auch reale Wertverluste ihrer Immobilien. Die unmittelbar betroffenen Anrainer wollen nun privat klagen. "Denn der Wertverlust ist nicht von öffentlichem Belang", erklärt Günter Geschke, Mitglied der Bürgerinitiative.
Dabei wäre es beinahe noch gelungen, eine einvernehmliche Lösung zu finden. Die Idee war, die Biogasanlage vom Zentrum des Dorfes nach außerhalb zwischen Acker und Wald zu verlegen. Doch das stieß auf Widerstand der zuständigen Behörden. Das Dorf Klein Zecher liegt nämlich direkt am Rande eines Vogelschutzgebietes; hier nisten Kraniche, Reiher und Störche. Und die alternative Baustelle läge bereits innerhalb des Vogelreservats. "Vogelschutz ist laut Gesetz offenbar wichtiger als Menschenschutz!", kommentiert Geschke.
Der Streit eskalierte, als der Vater der Großbäuerin kürzlich ziemlich drastisch wurde. Als stellvertretender Bürgermeister ging er ein weibliches Gemeinderatsmitglied wegen ihres Widerstands gegen das Gasprojekt dermaßen an, dass die Betroffene Strafanzeige stellte.
Womöglich kommt für den Ort, der im Jahr 1996 als "Schönstes Dorf" im Kreis Herzogtum Lauenburg ausgezeichnet wurde, alles noch viel schlimmer. "Wenn die erste Biogasanlage steht und hohe Renditen abwirft, könnten die anderen drei Bauern des Dorfes vielleicht ja auch auf den Geschmack kommen", fürchtet Bürgerinitiativler Geschke.
 
</ExtractedText>
</item>
</channel>
</rss>
