<?xml version="1.0" encoding="UTF-8" standalone="no"?>
<rss xmlns:atom="http://www.w3.org/2005/Atom" xmlns:dc="http://purl.org/dc/elements/1.1/" version="2.0">
  <channel>
<title>
      ZEIT ONLINE: Wirtschaft</title>
<description>Aktuelle Nachrichten, Kommentare, Analysen und Hintergründe zu den Themen Wirtschaftspolitik, Finanzen, Unternehmen, Branchen, Börsen und Märkten</description>
<pubDate>Mon, 07 Oct 2013 17:12:59 GMT</pubDate>
<lastBuildDate>Mon, 7 Oct 2013 21:20:48 +0200</lastBuildDate>
<language>de-de</language>
<link>http://www.zeit.de/wirtschaft/index</link>
<atom:link href="http://newsfeed.zeit.de/wirtschaft/index" rel="self" type="application/rss+xml"/>
<copyright>Copyright (c) 2013, ZEIT ONLINE GmbH</copyright>
<docs>http://www.zeit.de/hilfe/rss</docs>
<generator>mod_xslt LePenguin</generator>
<managingEditor>wolfgang.blau@zeit.de (Wolfgang Blau)</managingEditor>
<webMaster>webmaster@zeit.de (Internettechnik ZEIT ONLINE)</webMaster>
<image>
      <url>http://images.zeit.de/bilder/elemente_01_06/logos/homepage_top.gif</url>
      <title>
      ZEIT ONLINE: Wirtschaft</title>
      <link>http://www.zeit.de/wirtschaft/index</link>
    </image>
<item>
      <link>http://www.zeit.de/2013/40/mikrokredite-unternehmensgruendung-kredit</link>
      <guid>http://www.zeit.de/2013/40/mikrokredite-unternehmensgruendung-kredit</guid>
      <category>Wirtschaft</category>
      <title>Mikrokredite: Kleiner Zuschuss, große Provision</title>
      <description>&lt;a href="http://www.zeit.de/2013/40/mikrokredite-unternehmensgruendung-kredit"&gt;&lt;img style="float:left; margin-right:5px" src="http://images.zeit.de/wirtschaft/2013-10/gls/gls-148x84.jpg"/&gt;&lt;/a&gt; Die Regierung wollte junge Gründer mit Mikrodarlehen fördern. Doch einige Kreditvermittler waren zu sehr an den Provisionen interessiert. Jetzt sind die Probleme groß.</description>
      <dc:creator>ZEIT ONLINE : Wirtschaft - Caspar Tobias Schlenk</dc:creator>
      <pubDate>Thu, 26 Sep 2013 06:00:00 GMT</pubDate>
    <ExtractedText>Börse
Unternehmen: Der kleine Zuschuss
Die Regierung wollte junge Gründer mit Mikrodarlehen fördern – doch einige Kreditvermittler waren zu sehr an den Provisionen interessiert. Von Caspar Tobias Schlenk
6. Oktober 2013  18:39 Uhr  18 Kommentare
Manche Gründergeschichten klingen einfach zu schön, um wahr zu sein. Eine       davon geht so: Mithilfe von kleinen Krediten gelingt armen oder arbeitslosen Menschen der       Sprung in die Selbstständigkeit und damit in eine bessere Zukunft. Als Unternehmer könnten sie       ihren Lebensunterhalt selbst bestreiten, die Banken würden von der Vergabe der Gründerkredite       profitieren, und der Staat würde bei Arbeitslosenunterstützung sparen.
Das Bundesarbeitsministerium war von der Idee so begeistert, dass vor mehr als drei Jahren ein staatlicher Fonds mit 100 Millionen Euro ausgestattet wurde. Mit dem Geld wollte die Politik die Vergabe solcher Kleinkredite für Unternehmensgründer subventionieren und Banken einen Teil des Risikos abnehmen, sollte manch ein Jungunternehmer seine Raten doch nicht zurückzahlen können. Doch was als arbeitsmarktpolitische Hoffnung begann, erweist sich mittlerweile als problematisch. Ursprünglich sollte ein umfangreiches Pilotprojekt bis 2015 laufen – doch das Ministerium beendet es nun schon zum Ende dieses Jahres.
Anzeige
Dabei ist die Theorie dahinter bestechend und sogar schon im Ausland erprobt worden: Sie geht zurück auf Muhammad Yunus, der mit der Grameen Bank in Bangladesch in den achtziger Jahren erstmals         Mikrokreditean die Ärmsten vergab, damit sie kleine Unternehmen gründen konnten. Später erhielt Yunus für seine Idee den Friedensnobelpreis. Dass auch Industrienationen von Entwicklungsländern lernen können, hat die Bundesregierung schnell begriffen. Denn hinsichtlich der Zahl der Unternehmensgründungen ist Deutschland gegenüber seinen Nachbarn noch entwicklungsfähig. Nur fünf Prozent der Arbeitslosen und Angestellten hierzulande planen, ein Unternehmen aufzubauen. So steht es im Global Entrepreneurship Monitor 2011 , den mehrere Universitäten erstellen. In Großbritannien sind es fast doppelt so viele. Die Mikrokredite sollten gegen die "Kreditklemme von kleinen, ganz jungen Unternehmen" eingesetzt werden, wie Arbeitsministerin Ursula von der Leyen zum Start des Programms betonte. Klassische Banken verwehrten nämlich häufig Geld, weil die Unternehmer in spe ihnen keine Sicherheiten bieten konnten. Unbürokratisch sollten Kredite innerhalb einer Woche beim Gründer ankommen, sagte die Ministerin.
Mikrokredite
Ein Mikrokredit soll kleine Unternehmungen, etwa einen Friseursalon oder Imbiss, finanzieren – meist erhält der Gründer dafür nur einige Tausend Euro. Im Programm der GLS Bank sind Kredite auf eine Höhe von 20.000 Euro begrenzt. Für Kredite bei konventionellen Banken fehlen den Gründern meist die Sicherheiten, und die Banken scheuen den Aufwand, die Kreditnehmer zu prüfen.
Im Detail hakte es aber ziemlich. Das hat auch die GLS Bank festgestellt, die im Rahmen des Pilotprojekts mit dem Arbeitsministerium über sogenannte Mikrofinanzinstitute 15.000 Kredite an Kleinunternehmer ausgereicht hat. Die Mikrofinanzinstitute agieren dabei wie Makler und vermitteln das Geld der GLS an die Gründer. Immerhin 88 Millionen Euro wurden auf diese Weise ausgezahlt. Bloß: Kostendeckend war das Geschäft mit den Mikrokrediten nie. Das muss es aber sein, wenn es irgendwann ohne Subventionen funktionieren soll. Ganz vereinfacht gesagt: Gibt der Staat an Kreditförderung wieder aus, was er zuvor an Arbeitslosenhilfe eingespart hat, ist es für ihn ein Nullsummenspiel.
So tauchten Probleme auf, weil einige Mikrofinanzinstitute vor allem an Provisionen interessiert waren. Das System war für Missbrauch anfällig: Pro Kredit erhielten die Institute beim Abschluss anfangs 800 Euro. Das ist viel Geld angesichts einer Kreditsumme, die oft nur wenige Tausend Euro betrug. Es verleitete "einige Mikrofinanzinstitute dazu, zu viele Kredite zu vergeben", sagt GLS-Vorstand Andreas Neukirch. Weil jeder neue Kredit neue Provisionen versprach, wurde das Geschäftsmodell der Junggründer oft zu wenig geprüft. So scheiterten mehr von ihnen als erwartet. Die Verluste aus nicht zurückgezahlten Krediten blieben bei den Instituten selbst und dem Staat hängen.
Die Bundesregierung versuchte im vergangenen Jahr mit einer Halbierung der ursprünglichen Provisionen den Missbrauch zu stoppen. GLS-Banker Neukirch hält das für einen "Schritt in die richtige Richtung", wenngleich er einsehe, dass der Schnitt zu schnell gekommen sei. Das Nachsehen hatten nämlich ausgerechnet jene seriösen Mikrofinanzinstitute, die sich viel Zeit für die Gründer genommen und deren Geschäftsmodelle genau geprüft haben – und die folglich die meisten Erfolgsfälle melden konnten. "Wir prüfen, ob eine Idee gut ist, auch wenn etwa die Schufa hundsmiserabel ist", sagt der Geschäftsführer eines Mikrofinanzinstituts, der seinen Namen nicht öffentlich preisgeben möchte. Sobald der Kredit an die Gründer fließe, übernehme sein Institut die Rolle des Beraters. Der zeitliche Aufwand sei hoch, aber seit sich die Höhe der Provisionen halbiert habe, lohne sich der Aufwand kaum noch.
Übersicht zu diesem Artikel
</ExtractedText>
</item>
</channel>
</rss>
