<?xml version="1.0" encoding="UTF-8" standalone="no"?>
<rss xmlns:atom="http://www.w3.org/2005/Atom" xmlns:dc="http://purl.org/dc/elements/1.1/" version="2.0">
  <channel>
<title>
      ZEIT ONLINE: Wirtschaft</title>
<description>Aktuelle Nachrichten, Kommentare, Analysen und Hintergründe zu den Themen Wirtschaftspolitik, Finanzen, Unternehmen, Branchen, Börsen und Märkten</description>
<pubDate>Sat, 05 Oct 2013 09:33:16 GMT</pubDate>
<lastBuildDate>Sat, 5 Oct 2013 18:46:14 +0200</lastBuildDate>
<language>de-de</language>
<link>http://www.zeit.de/wirtschaft/index</link>
<atom:link href="http://newsfeed.zeit.de/wirtschaft/index" rel="self" type="application/rss+xml"/>
<copyright>Copyright (c) 2013, ZEIT ONLINE GmbH</copyright>
<docs>http://www.zeit.de/hilfe/rss</docs>
<generator>mod_xslt LePenguin</generator>
<managingEditor>wolfgang.blau@zeit.de (Wolfgang Blau)</managingEditor>
<webMaster>webmaster@zeit.de (Internettechnik ZEIT ONLINE)</webMaster>
<image>
      <url>http://images.zeit.de/bilder/elemente_01_06/logos/homepage_top.gif</url>
      <title>
      ZEIT ONLINE: Wirtschaft</title>
      <link>http://www.zeit.de/wirtschaft/index</link>
    </image>
<item>
      <link>http://www.zeit.de/2013/40/quengelzone-raritaeten</link>
      <guid>http://www.zeit.de/2013/40/quengelzone-raritaeten</guid>
      <category>Wirtschaft</category>
      <title>Serie Quengelzone: Wie "rar" kann die Massenware sein?</title>
      <description>&lt;a href="http://www.zeit.de/2013/40/quengelzone-raritaeten"&gt;&lt;img style="float:left; margin-right:5px" src="http://images.zeit.de/wirtschaft/2013-10/kaffeebohnen/kaffeebohnen-148x84.jpg"/&gt;&lt;/a&gt; Der Kaffee ist einzigartig, eine "Spezialität" – ja, gar eine "Rarität". Und kostet darum mehr als gewöhnliche Kaffeebohnen. Auf den Trick sollte man nicht hereinfallen.</description>
      <dc:creator>ZEIT ONLINE : Wirtschaft - Marcus Rohwetter</dc:creator>
      <pubDate>Thu, 26 Sep 2013 06:00:00 GMT</pubDate>
    <ExtractedText>Marcus Rohwetters unentbehrliche Einkaufshilfe Von  Marcus Rohwetter
3. Oktober 2013  16:51 Uhr  15 Kommentare
Man muss Verbrauchern bloß einreden, sie seien Experten. Dann kaufen sie vieles und bezahlen fast alles. Mit dieser uralten Methode wurden schon mäßige Malzwhiskys in Bestseller verwandelt: Man hebt einfach den Preis spürbar an und denkt sich eine schöne Geschichte über Exklusivität aus. Schon sind die Kunden von der Spitzenqualität des Produkts überzeugt (die sie zwar überhaupt nicht beurteilen können, angesichts des höheren Preises aber unterstellen!) und verteidigen sie sogar gegen jede Kritik von außen. Je komplexer ein Produkt und je unsicherer die Käufer, desto wirkungsvoller der Trick.
Kaffee-"Raritäten" lösen vergleichbare psychologische Effekte aus. Sie werden etwa von Tchibo unter klangvollen Namen wie "Guadalupe Zaju", "Nullore Estate", "Arhuaco Nevada" oder "Kenya Gikanda" angeboten und schmecken, man ahnt es schon, "charaktervoll", "harmonisch-mild" oder "vollmundig". Was immer das genau bedeuten soll. Bisweilen ernten Einheimische die Kaffeebohnen an irgendwelchen heiligen Bergen oder ähnlichen sakralen Orten, wodurch diese offenbar göttliche Weihen empfangen.
Anzeige
Doch wie rar, also selten, mag ein Kaffee sein, der in Hunderten Tchibo-Filialen und dem Onlineshop verkauft wird, selbst wenn das nur vorübergehend geschieht? "Rarität" ist zwar ein relativer Begriff, aber schließen sich Exklusivität und Massenware nicht aus? Betriebswirtschaftlich ist es jedenfalls erfreulich, wenn sich der ahnungslose Kunde allein durch den "Raritäten"-Kauf als Kenner fühlen darf. Dann wird ihm schon einfallen, warum dieser Kaffee so einzigartig sein soll.
Quengelzone
Von Verkäufern genötigt? Genervt von Werbe-Hohlsprech und Pseudo-Innovationen? Melden Sie sich:  quengelzone@zeit.de
Ich wette: Der zum Scheinexperten umgepolte Kunde glaubt bald das spezielle Aroma herauszuschmecken, das Bohnen vom Westghats-Gebirge oder anderer Gebiete auszeichnet, von denen er noch nie zuvor gehört hat. Lustig, nicht? Besonders, wenn er seine "Rarität" zuvor in eine "Spezialität" verwandelt hat. So nennt man jene Kaffeegetränke, die mit heißer und/oder aufgeschäumter Milch gestreckt oder diversen Sirupen gesüßt werden. Danach schmeckt sogar eine bislang unentdeckte "Rarität" wie der "Yangalu Brain Absorber" mild-charaktervoll-vollmundig nach süßem Milchschaum, der, wie sie selbst ja auch, hauptsächlich mit heißer Luft zubereitet wird.
 
</ExtractedText>
</item>
</channel>
</rss>
