<?xml version="1.0" encoding="UTF-8" standalone="no"?>
<rss xmlns:atom="http://www.w3.org/2005/Atom" xmlns:dc="http://purl.org/dc/elements/1.1/" version="2.0">
  <channel>
<title>
      ZEIT ONLINE: Wirtschaft</title>
<description>Aktuelle Nachrichten, Kommentare, Analysen und Hintergründe zu den Themen Wirtschaftspolitik, Finanzen, Unternehmen, Branchen, Börsen und Märkten</description>
<pubDate>Sat, 05 Oct 2013 09:33:16 GMT</pubDate>
<lastBuildDate>Sat, 5 Oct 2013 18:46:14 +0200</lastBuildDate>
<language>de-de</language>
<link>http://www.zeit.de/wirtschaft/index</link>
<atom:link href="http://newsfeed.zeit.de/wirtschaft/index" rel="self" type="application/rss+xml"/>
<copyright>Copyright (c) 2013, ZEIT ONLINE GmbH</copyright>
<docs>http://www.zeit.de/hilfe/rss</docs>
<generator>mod_xslt LePenguin</generator>
<managingEditor>wolfgang.blau@zeit.de (Wolfgang Blau)</managingEditor>
<webMaster>webmaster@zeit.de (Internettechnik ZEIT ONLINE)</webMaster>
<image>
      <url>http://images.zeit.de/bilder/elemente_01_06/logos/homepage_top.gif</url>
      <title>
      ZEIT ONLINE: Wirtschaft</title>
      <link>http://www.zeit.de/wirtschaft/index</link>
    </image>
<item>
      <link>http://www.zeit.de/2013/40/belgien-schulden-finanzmarkt-krise</link>
      <guid>http://www.zeit.de/2013/40/belgien-schulden-finanzmarkt-krise</guid>
      <category>Wirtschaft</category>
      <title>Belgiens Krise: Reiches Land, armer Staat</title>
      <description>&lt;a href="http://www.zeit.de/2013/40/belgien-schulden-finanzmarkt-krise"&gt;&lt;img style="float:left; margin-right:5px" src="http://images.zeit.de/wirtschaft/2013-10/belgien/belgien-148x84.jpg"/&gt;&lt;/a&gt; Belgien ist seit Jahren chronisch überschuldet. Zwar kriegt das kleine Königreich immer wieder die Kurve. Doch Regierungschef Elio Di Rupo fehlt ein klarer Reformkurs. </description>
      <dc:creator>ZEIT ONLINE : Wirtschaft - Matthias Krupa</dc:creator>
      <pubDate>Thu, 26 Sep 2013 06:00:00 GMT</pubDate>
    <ExtractedText>Börse
Belgien: Reiches Land, armer Staat
Belgien ist seit Jahrzehnten hoch verschuldet, und das Schwierigste steht dem Land noch bevor. Ein Krisenreport Von  Matthias Krupa
4. Oktober 2013  16:28 Uhr  5 Kommentare
Flüchtig betrachtet, ist Belgien ein wohltemperiertes Land, um das man       sich nicht sorgen müsste, gäbe es da nicht noch eine andere, nachtschwarze Seite. Die Schulden       des Landes summieren sich auf 375 Milliarden Euro, das entspricht fast genau 100 Prozent der       jährlichen Wirtschaftsleistung. Auch das jährliche Haushaltsdefizit liegt seit Jahren über den       drei Prozent, die der europäische Stabilitätspakt toleriert. In der vergangenen       Woche musste die belgische Regierung der EU-Kommission einen korrigierten Haushaltsplan       vorlegen.
Ist das sonst so unscheinbare Königreich in Wahrheit ein übersehener Krisenstaat?
Anzeige
Der Mann, der Belgiens Schulden besser kennt als jeder andere, heißt Jean Deboutte und leitet die Strategieabteilung der Nationalen Schuldenagentur. Seine Aufgabe ist es, den Überblick zu behalten. Zugleich wirbt er darum, dass private Geldgeber auch weiterhin in belgische Staatsanleihen investieren. Er sagt: "Die Schulden sind ein historisches Problem, sie stammen aus den siebziger und achtziger Jahren. Ohne dieses Erbe hätten wir heute keine Schwierigkeiten."
Vor 20 Jahren, als die Regierungschefs der EU in Maastricht die Einführung des Euro besiegelten, herrschten in Belgien quasi griechische Verhältnisse.
Mehr als zehn Prozent des jährlichen Haushalts musste die Regierung allein für Zinsen aufwenden. Doch der Staat bemühte sich damals konsequent, aus den roten Zahlen herauszukommen. Die ersten Sparprogramme gab es bereits in den achtziger Jahren. Innerhalb von zehn Jahren war es so gelungen, "die größte Konsolidierung in einem der westlichen Industrieländer seit dem Zweiten Weltkrieg" zu erreichen, wie der Internationale Währungsfonds befand, vor allem durch Ausgabenkürzungen. Die strengen Vorgaben für die Einführung des Euro erhöhten dann in den neunziger Jahren noch einmal den Druck. Das Ergebnis: Die Staatsschuld sank fast anderthalb Jahrzehnte lang, bis 2007 um insgesamt 50 Prozentpunkte.
Bis heute gilt dieser Schuldenabbau unter Ökonomen als beispielhaft. Auch Guy Verhofstadt, der in dieser Zeit zunächst als Budgetminister und später als Regierungschef verantwortlich zeichnete, sagt heute nicht ohne Stolz: "Wir haben unsere Lektion damals gelernt."
Doch die Erfolgsgeschichte endete jäh mit dem Ausbruch der Finanzkrise. Binnen kurzer Zeit schnellten die Schulden wieder in die Höhe.  Selbst im laufenden Jahr schlägt allein die Rekapitalisierung und Verstaatlichung der Dexia-Bank noch mit einem Minus von 0,8 Prozentpunkten im Budget zu Buche. Hinzu kamen die Einzahlungen und Garantien für die europäischen Rettungsfonds. Aber nicht alle wollen dies als Entschuldigung gelten lassen.
Es gebe keinen Grund, überrascht zu sein, schreibt der Ökonom und langjährige Regierungsberater Etienne de Callataÿ in einem Buch über die Wiederkehr der Schulden (The Return of the Deficit). Die neuerliche Verschlechterung der Finanzlage sei im Wesentlichen darauf zurückzuführen, "dass die Fiskaldisziplin in den Jahren vor dem Ausbruch der Finanzkrise nachgelassen hatte". Ähnlich argumentiert auch EU-Ratspräsident Herman Van Rompuy, der von 2008 bis 2009 selbst belgischer Ministerpräsident war: Belgien habe es versäumt, notwendige Reformen durchzuführen und das staatliche Defizit noch weiter zu reduzieren.
Im November 2011 sah es kurze Zeit so aus, als könnte das Land tatsächlich dasselbe Schicksal ereilen wie Portugal, Griechenland oder Irland. Die heimischen Banken wackelten. Politisch herrschte ebenfalls Unsicherheit: Das tief gespaltene Land hatte auch mehr als 500 Tage nach der Wahl noch immer keine Regierung. Die Zinsen für zehnjährige Staatsanleihen schnellten hoch auf 5,91 Prozent, ein unhaltbares Niveau.
Übersicht zu diesem Artikel
</ExtractedText>
</item>
</channel>
</rss>
