<?xml version="1.0" encoding="UTF-8" standalone="no"?>
<rss xmlns:atom="http://www.w3.org/2005/Atom" xmlns:dc="http://purl.org/dc/elements/1.1/" version="2.0">
  <channel>
<title>
      ZEIT ONLINE: Meinung</title>
<description>Autoren der ZEIT und von ZEIT ONLINE kommentieren aktuelle Ereignisse aus Politik, Wirtschaft, Gesellschaft und Medien.</description>
<pubDate>Wed, 16 Oct 2013 06:33:50 GMT</pubDate>
<lastBuildDate>Wed, 16 Oct 2013 09:07:42 +0200</lastBuildDate>
<language>de-de</language>
<link>http://www.zeit.de/meinung/index</link>
<atom:link href="http://newsfeed.zeit.de/meinung/index" rel="self" type="application/rss+xml"/>
<copyright>Copyright (c) 2013, ZEIT ONLINE GmbH</copyright>
<docs>http://www.zeit.de/hilfe/rss</docs>
<generator>mod_xslt LePenguin</generator>
<managingEditor>wolfgang.blau@zeit.de (Wolfgang Blau)</managingEditor>
<webMaster>webmaster@zeit.de (Internettechnik ZEIT ONLINE)</webMaster>
<image>
      <url>http://images.zeit.de/bilder/elemente_01_06/logos/homepage_top.gif</url>
      <title>
      ZEIT ONLINE: Meinung</title>
      <link>http://www.zeit.de/meinung/index</link>
    </image>
<item>
      <link>http://www.zeit.de/politik/deutschland/2013-10/sondierung-grune-scheitern</link>
      <guid>http://www.zeit.de/politik/deutschland/2013-10/sondierung-grune-scheitern</guid>
      <category>Politik</category>
      <title>Sondierung: Chance zu spät ergriffen</title>
      <description>&lt;a href="http://www.zeit.de/politik/deutschland/2013-10/sondierung-grune-scheitern"&gt;&lt;img style="float:left; margin-right:5px" src="http://images.zeit.de/politik/deutschland/2013-10/gruene-sondierung-2/gruene-sondierung-2-148x84.jpg"/&gt;&lt;/a&gt; Union und Grüne haben ernsthaft sondiert, sich aber dann keine Koalition zugetraut. Das lag vor allem an mangelnder Vorbereitung. </description>
      <dc:creator>ZEIT ONLINE : Politik - Lisa Caspari</dc:creator>
      <pubDate>Wed, 16 Oct 2013 04:04:18 GMT</pubDate>
    <ExtractedText>Sondierung: Chance zu spät ergriffen
Sondierung: Chance zu spät ergriffen
Union und Grüne haben ernsthaft sondiert, sich aber dann keine Koalition zugetraut. Das lag vor allem an mangelnder Vorbereitung. Ein Kommentar von  Lisa Caspari
16. Oktober 2013  08:26 Uhr  16 Kommentare
Die Grünen-Delegation vor der zweiten Sondierungsrunde mit der Union  |  © REUTERS/Tobias Schwarz
Überraschend harmonisch. Das ist das Fazit der beiden Sondierungsrunden zwischen Union und Grünen. Zivilisiert beisammensitzen und ernsthaft über eine mögliche Partnerschaft reden, das funktioniert ja doch! Selbst inhaltlich schienen Angela Merkel, Horst Seehofer und die alte, neue Grünen-Spitze nicht so weit auseinanderzuliegen, wie sie immer glaubten.
Dennoch wagten es die Grünen es am Ende nicht, weitere Gespräche mit Angela Merkel zu vereinbaren. Die Skepsis überwog. Und wer weiß, ob die Union wirklich gewollt hätte. Schade ist es trotzdem, dass die Option Schwarz-Grün nun zerschlagen wurde.
Anzeige
Natürlich wäre eine solche Koalition ein Wagnis gewesen, ein Experiment. Aber vor allem jüngere, bürgerlich orientierte Wählergruppen hätten das spannend gefunden. Dieses gegensätzliche Bündnis, gewagt über die bisherigen politischen Lager gespannt, hätte die Avantgarde bilden können für das moderne politische Deutschland im Jahre 2013ff: wertkonservativ, heimatverbunden im modernen Sinne, ökologisch bewusst, engagiert für Wohlstand und eine nachhaltige Wirtschaft und Wissenschaft. 
Viele Grünen-Wähler mögen die unprätentiöse Krisen-Frau Merkel, wie schon im Frühsommer eine Umfrage ergab .   
Die Kanzlerin selbst wäre nicht abgeneigt gewesen, sich auch mal an einem ganz neuen Koalitionspartner zu versuchen. Merkels Ideologiefreiheit, egal wie kritisch diese manchmal zu bewerten ist, hätte einem solch unterschiedlichen Bündnis helfen können.
Natürlich, eine Regierung aus Union und Grünen hätte hart um Inhalte ringen müssen. Wie können Industrie-Interessen mit der Förderung erneuerbarer Energien verbunden werden? Wie schnell steigt Deutschland aus der Kohlekraft aus? Welche Vision von Familienpolitik besteht, wie geht es weiter in der Integrations- und Flüchtlingspolitik? Schwarz-Grün, auch das zeigten die Sondierungen, lag da zum Teil weit auseinander.
Wer härter um Inhalte ringen muss, kann allerdings auch fruchtbarere Ergebnisse erzielen, kann im besten Fall Antrieb und Innovation erzeugen. Schwarz-grüne Kompromisse wären wertvoll, gerade weil diese Streitthemen oft nicht nur die Parteien, sondern auch die Gesellschaft als Ganzes spalten. Bedenken, Vorurteile, aber auch manch leichtfertige Annahme zur Akzeptanz beispielsweise des Adoptionsrechtes für Homosexuelle in der Bevölkerung sowie zur Flüchtlingspolitik hätten geklärt werden können.
Jetzt läuft also alles auf eine Große Koalition heraus, die vor allem Stabilität im Bundesrat verspricht. Doch die Sozialdemokraten sind immer noch traumatisiert vom ersten Bündnis mit Merkel, bis tief in die Kreisverbände hinein. Keine guten Voraussetzungen für gesellschaftliche Innovation, eher für ein gezwungenes Dahinwurschteln.
CDU und Grüne haben derweil eine neue Machtoption vertan. Inzwischen hat auch der linke Flügel der Grünen verstanden, dass die Partei sich künftig für andere Koalitionsoptionen öffnen muss. Dazu gehört übrigens auch die Linkspartei, die in diesem Jahr bei dem Sondierungsmarathon außen vor war und es auf diese Weise sehr einfach hatte, zu meckern, ohne selbst Kompromissbereitschaft zeigen zu müssen.
Übersicht zu diesem Artikel
</ExtractedText>
</item>
</channel>
</rss>
