<?xml version="1.0" encoding="UTF-8" standalone="no"?>
<rss xmlns:atom="http://www.w3.org/2005/Atom" xmlns:dc="http://purl.org/dc/elements/1.1/" version="2.0">
  <channel>
<title>
      ZEIT ONLINE: Karriere</title>
<description>Für Ein-, Um- und Aufsteiger: Das Karriereportal für Berufsanfänger, Quereinsteiger und die eigene Karriereleiter. Aktuelle Informationen rund um den Beruf.</description>
<pubDate>Sat, 05 Oct 2013 14:36:25 GMT</pubDate>
<lastBuildDate>Sat, 5 Oct 2013 18:47:02 +0200</lastBuildDate>
<language>de-de</language>
<link>http://www.zeit.de/karriere/index</link>
<atom:link href="http://newsfeed.zeit.de/karriere/index" rel="self" type="application/rss+xml"/>
<copyright>Copyright (c) 2013, ZEIT ONLINE GmbH</copyright>
<docs>http://www.zeit.de/hilfe/rss</docs>
<generator>mod_xslt LePenguin</generator>
<managingEditor>wolfgang.blau@zeit.de (Wolfgang Blau)</managingEditor>
<webMaster>webmaster@zeit.de (Internettechnik ZEIT ONLINE)</webMaster>
<image>
      <url>http://images.zeit.de/bilder/elemente_01_06/logos/homepage_top.gif</url>
      <title>
      ZEIT ONLINE: Karriere</title>
      <link>http://www.zeit.de/karriere/index</link>
    </image>
<item>
      <link>http://www.zeit.de/karriere/2013-09/humankapitalindex-weltwirtschaftsforum</link>
      <guid>http://www.zeit.de/karriere/2013-09/humankapitalindex-weltwirtschaftsforum</guid>
      <category>Karriere</category>
      <title>Arbeitskräftereport: Deutschlands Bildungssystem bleibt undurchlässig</title>
      <description>&lt;a href="http://www.zeit.de/karriere/2013-09/humankapitalindex-weltwirtschaftsforum"&gt;&lt;img style="float:left; margin-right:5px" src="http://images.zeit.de/karriere/2013-09/berufsschule/berufsschule-148x84.jpg"/&gt;&lt;/a&gt; Wie steht es um das Arbeitskräftepotenzial? Das Weltwirtschafsforum hat 122 Länder verglichen. Deutschland erreicht Platz 6, hat aber Nachholbedarf beim Bildungssystem.</description>
      <dc:creator>ZEIT ONLINE : Karriere - Tina Groll</dc:creator>
      <pubDate>Tue, 01 Oct 2013 10:34:50 GMT</pubDate>
    <ExtractedText>Stellenmarkt
Arbeitskräftereport: Deutschlands Bildungssystem bleibt undurchlässig
Wie steht es um das Arbeitskräftepotenzial? Das Weltwirtschafsforum hat 122 Länder verglichen. Deutschland erreicht Platz 6, hat aber Nachholbedarf beim Bildungssystem. Von  Tina Groll
30. September 2013  15:29 Uhr  30 Kommentare
Fachkräfte aus Deutschland stehen weltweit gut da und das deutsche Ausbildungssystem kann im internationalen Wettbewerb bestehen. In einem internationalen Vergleich von 122 Ländern, den das Weltwirtschaftsforum durchgeführt hat , belegt Deutschland Platz 6 – noch vor Norwegen und Dänemark. Die Ökonomen wollten wissen: Wie gut nutzen die Länder das Potenzial ihrer Arbeitskräfte, wie gesund sind sie? Und wie ist es um Bildung und Beschäftigung generell bestellt?
Spitzenreiter in der Untersuchung ist die Schweiz, gefolgt von Finnland. Auf Platz 3 kommt Singapur, danach folgen die Niederlande, Schweden und Deutschland.
Anzeige
Der sogenannte Humankapitalindex untersucht die Ausbildungssituation und ob die Beschäftigten bis ins hohe Alter gesund bleiben. Dazu zählt der Zugang zu Bildung und medizinischer Versorgung, die Qualität des Bildungs- und Gesundheitssystems, die rechtlichen Rahmenbedingungen für den Arbeitsmarkt sowie die Beschäftigungssituation in einem Land. 
Deutschland ist im Bereich Bildung schlecht
"Die Fähigkeiten und Talente der eigenen Leute sind ausschlaggebend für die Zukunft jedes Landes und jeder Institution", sagt Klaus Schwab, der Präsident des Weltwirtschaftsforums.
Deutschland steht hier solide da. Im Bereich Bildung belegt es allerdings nur Platz 19. Grund ist die Undurchlässigkeit im Bildungssystem. Noch immer ist es schwer, zwischen den Schulformen zu wechseln. Frei nach dem Motto: einmal Hauptschule, immer Bildungs- und Arbeitsmarktverlierer. Noch immer machen vor allem Kinder aus Haushalten mit hohem Einkommen und einem hohen Bildungsgrad der Eltern Abitur. Noch immer beginnen vor allem Kinder von Akademikern ein Studium. Und noch immer ist es mühsam, das Abitur über den zweiten Bildungsweg zu machen oder zu studieren. Kaum besser sieht es aus, wenn die erste Berufsausbildung abgeschlossen ist. Eine berufliche Neuorientierung im Erwachsenenleben ist hierzulande schwer.
Zwar ist der Arbeitsmarkt in Deutschland robust . Allerdings haben es insbesondere ältere Arbeitnehmer schwer. Sie könnten besser und länger eingegliedert sein, stellt der Report fest.
Unter den ersten zehn Plätzen der Untersuchung sind mit Singapur und Kanada nur zwei nicht-europäische Länder. In Europa zeigt sich allerdings eine deutliche Kluft: Der Süden und der Osten schneiden deutlich schlechter ab. Betrachtet man allein den Faktor Arbeitsmarkt und Beschäftigung, rutscht etwa Spanien auf Platz 70. Weil es in dem Bereich Gesundheit allerdings gut abschneidet, steht es im Gesamt-Ranking auf Platz 29 – noch vor Italien auf Platz 37 und Griechenland auf Platz 55.
Übersicht zu diesem Artikel
</ExtractedText>
</item>
</channel>
</rss>
