<?xml version="1.0" encoding="UTF-8" standalone="no"?>
<rss xmlns:atom="http://www.w3.org/2005/Atom" version="2.0">
<channel>
<title>Wirtschaft - FAZ.NET</title>
<link>http://www.faz.net/aktuell/wirtschaft/</link>
<description>Nachrichten der Wirtschaft über Börse und Finanzen. News von Industrie und Unternehmen. Informationen zur Konjunktur und Wirtschaftskrise.</description>
<copyright>Copyright 2001-2013 Frankfurter Allgemeine Zeitung GmbH. Alle Rechte vorbehalten.</copyright>
<category>Wirtschaft - FAZ.NET</category>
<language>de-de</language>
<docs>http://www.faz.net/hilfe/services-newsletter-widgets-rss-feeds-mehr/</docs>
<generator>FAZ.NET</generator>
<ttl>5</ttl>
<lastBuildDate>Sat, 5 Oct 2013 18:36:19 +0200</lastBuildDate>
<atom:link href="http://www.faz.net/rss/aktuell/wirtschaft/" rel="self" type="application/rss+xml"/>
<image>
        <title>Wirtschaft - FAZ.NET</title>
        <url>http://www.faz.net/img/fazlogo_ressort.gif</url>
        <link>http://www.faz.net/aktuell/wirtschaft/</link>
    </image>
<item>
    <title>Wenn Amerika pleite ist</title>
    <description>&lt;img width="190" height="107" border="0" title="Barack Obama rüttelt die Börsen auf: „Die Märkte sollten sich Sorgen machen.“" alt="Barack Obama rüttelt die Börsen auf: „Die Märkte sollten sich Sorgen machen.“" src="http://media1.faz.net/polopoly_fs/1.2605017!/image/4167871780.jpg_gen/derivatives/article_teaser/4167871780.jpg"/&gt;&lt;p&gt;Die Regierung schickt die Beamten nach Hause, weil ihr das Geld fehlt. Aber die Märkte bleiben 
unbeeindruckt. Wie lange noch?&lt;/p&gt;</description>
    <link>http://www.faz.net/aktuell/wirtschaft/wirtschaftspolitik/am-schuldenlimit-wenn-amerika-pleite-ist-12605011.html</link>
    <pubDate>Sat, 05 Oct 2013 17:41:00 +0200</pubDate>
    <guid isPermaLink="true">http://www.faz.net/-gqg-7i637</guid>
<ExtractedText>Barack Obama rüttelt die Börsen auf: „Die Märkte sollten sich Sorgen machen.“
© AFP
Barack Obama rüttelt die Börsen auf: „Die Märkte sollten sich Sorgen machen.“
Amerikas Regierung ist geschlossen: 800.000 „entbehrliche“ Beamte in Nationalparks, Museen und dem Arbeitsministerium sind in vorerst unbezahltem Zwangsurlaub, weil sich Republikaner und Demokraten nicht auf den Haushalt einigen können. Immer wieder in den vergangen Jahren wurde diese Situation in den grellsten Farben als Schreckbild an die Wand gemalt - und nun, wo der „Shutdown“ tatsächlich eingetreten ist, reagieren die Finanzmärkte: nicht.
Der Dow Jones, der weltweit wichtigste aller Aktienindizes, der die Entwicklung der Aktien der dreißig größten amerikanischen Unternehmen misst, hat sich angesichts der aufgeregten Diskussion über das baldige Ende der Vereinigten Staaten kaum bewegt. Klar, Aktien wie die der größten Supermarktkette Walmart sind leicht gefallen, der Preis für die Papiere des Burgerkette McDonalds auch. Der Kurs des Autobauers General Motors hingegen landete gegen Wochenende fast wieder dort, wo er montags begonnen hatte.
Börsenpanik sieht anders aus. Der Goldpreis? Stieg nicht, sondern sank. Investoren in aller Welt scheinen ganz offensichtlich davon auszugehen, dass sich die Streitköpfe auf dem Capitol Hill in Washington schon irgendwie zusammenraufen werden, wenn der Unmut im Volk über das Geplänkel in Washington so groß wird, dass er zur Gefahr für deren Wiederwahl wird. Vor allem aber vermuten viele Investoren jetzt: Angesichts solch einer politischen Krise, wie sie Amerika derzeit erlebt, wird die Nationalbank Federal Reserve sich eines vielleicht noch einmal gut überlegen – die Aufkäufe amerikanischer Staatsanleihen zu reduzieren, wie sie es noch vor einiger Zeit angekündigt hat. Nicht der derzeitige Fed-Präsident Ben Bernanke und schon gar nicht seine potentielle Nachfolgerin Janet Yellen, die sich mehr um Arbeitslosigkeit als um Inflation sorgt, wird das Risiko eingehen, die Weltwirtschaft mit strengerer Geldpolitik abzuwürgen. Doch der Budgetstreit ist nur die eine Seite der jetzigen Krise Amerikas – der entscheidende Termin steht noch bevor.
© F.A.Z.
© F.A.Z.
Was wäre, wenn Amerikas Politik sich nicht darauf einigen kann, bis zum 17. Oktober die Schuldenobergrenze anzuheben? Mit anderen Worten: Was passiert, wenn Amerika zahlungsunfähig ist?
Was ist überhaupt zunächst diese merkwürdige Schuldenobergrenze, die kaum ein anderer Staat hat? Seit seinen Anfängen hat der amerikanische Kongress Grenzen eingezogen, wie viele Anleihen das Schatzamt ausgeben, sprich, wie viele Schulden der Staat aufnehmen darf. So entsteht mitunter die merkwürdige Situation, dass der Kongress Gesetze erlässt, die hohe Staatsausgaben erfordern, die der Staat jedoch nicht finanzieren kann, weil derselbe Kongress die Schuldenobergrenze eingezogen hat.
Diese Grenze liegt derzeit bei 16,7 Billionen Dollar - und ist längst erreicht. Am 19. Mai diesen Jahres war es so weit: Seitdem hat das Finanzministerium interne Konten umgeschichtet. Mit diesen Tricks aber ist es am 17. Oktober vorbei. Hebt der Kongress die Grenze nicht an, kann das Schatzamt ein paar Rechnungen weiterhin aus den laufenden Steuereinnahmen zahlen, 30 Milliarden Dollar Cash sind auch noch vorhanden, als eiserne Reserve. Nach ein paar Wochen ist aber auch damit Schluss. Und dann?
Dann müsste Amerika – theoretisch – seine Zahlungen einstellen, vor allem die Rückzahlungen an seine großen Schuldner wären in Gefahr, zu denen an vorderster Stelle die Volksrepublik China gehört. Kurzfristige Verbindlichkeiten, sagen Experten, werde das Land jedoch weiter bedienen können, indem die Zinszahlungen schlichtweg zur Top-Priorität erhoben und aus den laufenden Einnahmen gezahlt werden. Doch irgendwo muss dafür an anderer Stelle gespart werden, und das wird wohl bei den Sozialversicherungssystemen sein, bei Zuzahlungen zu Medikamenten und bei den Personalkosten fürs Militär.
Weitere Artikel
</ExtractedText>
</item>
</channel>
</rss>
