<?xml version="1.0" encoding="UTF-8" standalone="no"?>
<rss xmlns:atom="http://www.w3.org/2005/Atom" version="2.0">
<channel>
<title>Wirtschaft - FAZ.NET</title>
<link>http://www.faz.net/aktuell/wirtschaft/</link>
<description>Nachrichten der Wirtschaft über Börse und Finanzen. News von Industrie und Unternehmen. Informationen zur Konjunktur und Wirtschaftskrise.</description>
<copyright>Copyright 2001-2013 Frankfurter Allgemeine Zeitung GmbH. Alle Rechte vorbehalten.</copyright>
<category>Wirtschaft - FAZ.NET</category>
<language>de-de</language>
<docs>http://www.faz.net/hilfe/services-newsletter-widgets-rss-feeds-mehr/</docs>
<generator>FAZ.NET</generator>
<ttl>5</ttl>
<lastBuildDate>Mon, 7 Oct 2013 19:40:25 +0200</lastBuildDate>
<atom:link href="http://www.faz.net/rss/aktuell/wirtschaft/" rel="self" type="application/rss+xml"/>
<image>
        <title>Wirtschaft - FAZ.NET</title>
        <url>http://www.faz.net/img/fazlogo_ressort.gif</url>
        <link>http://www.faz.net/aktuell/wirtschaft/</link>
    </image>
<item>
    <title>Zwangsarbeit: Die Schuld von Robert Bosch</title>
    <description>&lt;img width="190" height="107" border="0" title="Scheinwerfer-Montage in der Stuttgarter Bosch-Fabrik im Jahr 1940" alt="Scheinwerfer-Montage in der Stuttgarter Bosch-Fabrik im Jahr 1940" src="http://media0.faz.net/polopoly_fs/1.2605052!/image/2792741641.jpg_gen/derivatives/article_teaser/2792741641.jpg"/&gt;&lt;p&gt;Der fürsorgliche Bosch-Konzern hat seine Zwangsarbeiter nicht besser behandelt als andere. Das beweist eine neue Untersuchung zur Unternehmensgeschichte.&lt;/p&gt;</description>
    <link>http://www.faz.net/aktuell/wirtschaft/unternehmen/zwangsarbeit-die-schuld-von-robert-bosch-12605050.html</link>
    <pubDate>Sat, 05 Oct 2013 18:35:00 +0200</pubDate>
    <guid isPermaLink="true">http://www.faz.net/-gqi-7i64a</guid>
<ExtractedText>Scheinwerfer-Montage in der Stuttgarter Bosch-Fabrik im Jahr 1940
© akg-images
Scheinwerfer-Montage in der Stuttgarter Bosch-Fabrik im Jahr 1940
Diese von zwei unabhängigen Historikern glänzend recherchierte Geschichte des Unternehmens Robert Bosch GmbH hat auf über 500 Seiten viele Kapitel: über einen Zünder, der eine kleine schwäbische Firma weltberühmt macht. Den Wiederaufbau nach dem Krieg. Den Wandel zu einem Stiftungsunternehmen. Und natürlich die faszinierende Persönlichkeit des Gründers selbst, der 1942 starb.
Die Sprengkraft dieses Buchs entfaltet sich aus anderem: „Außerhalb der Bosch-Gemeinschaft: Die Zwangsarbeiter“, heißt das Kapitel. Dort steht der Satz, dass „bei der Bosch-Gruppe während des gesamten Krieges mindestens 20.000 Zwangsarbeiter eingesetzt waren“.
Das ist eine hohe Zahl. Als Autor Bähr, Professor für Wirtschaftsgeschichte an der Universität Frankfurt, das Ergebnis der dreijährigen Forschungarbeit in den Bosch-Archiven vorstellte, sagte er, die Zahl sei deutlich höher als bisher vermutet. 1940 bestand die Belegschaft des Unternehmens zu einem Drittel aus Zwangsarbeitern, deren Behandlung auch im schwäbischen Vorzeigeunternehmen zeigte, „wie sehr das Zwangsarbeiterregime von der nationalsozialistischen Rassenideologie geprägt war“: Zwangsarbeiter aus dem Westen wie französische Kriegsgefangene verdienten ungleich mehr als Zwangsarbeiter etwa aus Polen, sie hatten mehr Bewegungsfreiheit, bessere Verpflegung, bessere Unterkünfte. Die Unternehmen hätten sich dieses menschenverachtende System nicht ausgedacht, schreiben die Autoren, es sei von den Nazibehörden verordnet gewesen. Doch „während es im Umgang mit ,Westarbeitern‘ Standards gab, an die man sich gebunden fühlte, ging man gegen ,Ostarbeiter‘ auch dann vor, wenn es durchaus möglich gewesen wäre, anders zu handeln“. Offenbar habe es seitens der für den „Ausländereinsatz“ zuständigen Bosch-Manager „keine Hemmungen“ gegeben, Zwangsarbeiter aus dem Osten zu „denunzieren“.
Sozialer Anspruch galt nicht für Zwangsarbeiter
Der Bosch-Konzern wollte diese schonungslose Aufarbeitung der eigenen Geschichte, er hat sie bei den Historikern Bähr und Erker (LMU München) selbst in Auftrag gegeben. „Differenziert und realistisch“, nannte Bosch-Aufsichtsratschef Franz Fehrenbach das Buch bei der Vorstellung – eine Wende in der Unternehmenspolitik. Denn auch das steht in der Biographie: „Bosch leistete bis zum Jahr 2000 keine Zahlungen an ehemalige Zwangsarbeiter. Das Unternehmen stritt jede Mitverantwortung ab und stellte sich auf den Standpunkt, die Zwangsarbeit im Dritten Reich wäre hoheitlich angeordnet gewesen und könne deshalb keine privatrechtlichen Ansprüche begründen.“ Als in den beiden Jahren zum Ende des Millenniums in Deutschland und Amerika eine Diskussion über die Schuld der Wirtschaft während der Nazizeit aufkam, habe Bosch-Patriarch und Industrielegende Hans L. Merkle bei den Verhandlungen über Entschädigungszahlungen im Kanzleramt die Formel vorgeschlagen, „in der Beschäftigung von Zwangsarbeitern keine moralische Schuld, wenn auch eine materielle Verpflichtung der deutschen Wirtschaft“ zu sehen.
© Verlag
Johannes Bähr / Paul Erker: Bosch - Geschichte eines Weltunternehmens, C.H.Beck, 39,90 Euro
Robert Bosch und sein engster Mitarbeiter Hans Walz hatten dem Antisemitismus stets ablehnend gegenübergestanden, in vielen Fällen leisteten sie verfolgten Juden Hilfe. Bosch habe gezeigt, was ein Unternehmer während der Nazizeit erreichen konnte, wenn er nur wollte, findet Historiker Bähr. Andererseits machen die Autoren keinen Hehl daraus, dass das Unternehmen von den Rüstungsaufträgen stark profitiert habe. Vor allem aber arbeiten sie in ihrem Werk heraus, dass es den Zwangsarbeitern bei Bosch und vielen Tochterfirmen der Gruppe offenbar genauso schlecht wie in anderen Industriebetrieben gegangen sei: Eine „familiär“ geprägte Firmenkultur war wohl nicht automatisch humaner als eine Aktiengesellschaft wie etwa AEG, so wie oft behauptet. Gründer Robert Bosch hatte einst den Achtstundentag in seinen Fabriken eingeführt, überdurchschnittliche Löhne gezahlt und war deshalb oft als „der rote Fabrikant“ beschrieben worden. „Der soziale Anspruch, der zu den besonderen Merkmalen der ,Boschgemeinschaft‘ gehörte, galt für die ausländischen Zwangsarbeiter nicht“, schreiben die Historiker.
Weitere Artikel
Johannes Bär/ Paul Erker: Bosch. Geschichte eines Weltunternehmens, C. H. Beck, 39,90 Euro.
Quelle: F.A.S.
</ExtractedText>
</item>
</channel>
</rss>
