<?xml version="1.0" encoding="UTF-8" standalone="no"?>
<rss xmlns:atom="http://www.w3.org/2005/Atom" version="2.0">
<channel>
<title>Feuilleton - FAZ.NET</title>
<link>http://www.faz.net/aktuell/feuilleton/</link>
<description>F.A.Z. Feuilleton: Meldungen aus den Bereichen Kunst, Kultur und Musik. Kritiken und Rezensionen. Veranstaltungen, Kino, Oper und Theater.</description>
<copyright>Copyright 2001-2013 Frankfurter Allgemeine Zeitung GmbH. Alle Rechte vorbehalten.</copyright>
<category>Feuilleton - FAZ.NET</category>
<language>de-de</language>
<docs>http://www.faz.net/hilfe/services-newsletter-widgets-rss-feeds-mehr/</docs>
<generator>FAZ.NET</generator>
<ttl>5</ttl>
<lastBuildDate>Sat, 5 Oct 2013 17:03:50 +0200</lastBuildDate>
<atom:link href="http://www.faz.net/rss/aktuell/feuilleton/" rel="self" type="application/rss+xml"/>
<image>
        <title>Feuilleton - FAZ.NET</title>
        <url>http://www.faz.net/img/fazlogo_ressort.gif</url>
        <link>http://www.faz.net/aktuell/feuilleton/</link>
    </image>
<item>
    <title>Eine Ausstellung zur Überwachung in Frankfurt</title>
    <description>&lt;img width="190" height="107" border="0" title="Im „Memopol II“ des estnischen Künstlers Timo Toots lernt der Besucher seinen digitalen Doppelgänger kennen. Die Verwechslungsgefahr ist gering." alt="Im „Memopol II“ des estnischen Künstlers Timo Toots lernt der Besucher seinen digitalen Doppelgänger kennen. Die Verwechslungsgefahr ist gering." src="http://media0.faz.net/polopoly_fs/1.2604196!/image/3164900680.jpg_gen/derivatives/article_teaser/3164900680.jpg"/&gt;&lt;p&gt;Die Lust am Überwachen gab es schon immer, aber ihre Mittel waren noch nie so raffiniert. Die Frankfurter Ausstellung „Außer Kontrolle“ präsentiert die Vorgeschichte heutiger Kontrollexzesse und stolpert auf dem Sprung in die Gegenwart.&lt;/p&gt;</description>
    <link>http://www.faz.net/aktuell/feuilleton/ueberwachungswelten-die-neugier-waechst-mit-den-mitteln-ihrer-befriedigung-12603879.html</link>
    <pubDate>Sat, 05 Oct 2013 09:29:58 +0200</pubDate>
    <guid isPermaLink="true">http://www.faz.net/-gqz-7i57r</guid>
<ExtractedText>Feuilleton
Überwachungswelten Die Neugier wächst mit den Mitteln ihrer Befriedigung
05.10.2013 ·  Die Lust am Überwachen gab es schon immer, aber ihre Mittel waren noch nie so raffiniert. Die Frankfurter Ausstellung „Außer Kontrolle“ präsentiert die Vorgeschichte heutiger Kontrollexzesse und stolpert auf dem Sprung in die Gegenwart.
Artikel Bilder (5) Lesermeinungen (4)
© Museumsstiftung Post und Telekommunikation
Im „Memopol II“ des estnischen Künstlers Timo Toots lernt der Besucher seinen digitalen Doppelgänger kennen. Die Verwechslungsgefahr ist gering.
© Museumsstiftung Post und Telekommunikation
Im „Memopol II“ des estnischen Künstlers Timo Toots lernt der Besucher seinen digitalen Doppelgänger kennen. Die Verwechslungsgefahr ist gering.
Neulich gab es einen kleinen Skandal, als die amerikanische Talkmasterin Oprah Winfrey in einer Zürcher Edelboutique nicht erkannt wurde und die Verkäuferin ihren Wunsch nach Beschau einer Handtasche verweigerte. Nach Winfreys Rassismusvorwurf war „Täschligate“ perfekt. Im Frankfurter Museum für Kommunikation, wo gerade die Ausstellung „Außer Kontrolle?“ über moderne Überwachungswelten angelaufen ist, steht eine Schaufensterpuppe, die das Missverständnis vielleicht hätte verhindern können. Es handelt sich um das Eye See Mannequin einer Mailänder Forschergruppe, dem eine verborgene Kamera ins linke Auge implantiert ist. Vor dem Einsatz im realen Leben steht noch ein Testverfahren europäischer Kontrollbehörden. Besteht es die Puppe, könnte sie unbemerkt Kunden ausspähen und die Informationen dem Verkäufer zuspielen.
Moderne Überwachung entzieht sich eben oft dem Auge des Betrachters. Der Soziologe Zygmunt Bauman hat dafür den Begriff liquid surveillance geprägt. Man sieht nicht die Wächter hinter den Kameras. Personen wandern als anonyme Datensätze durch Glasfasernetze. Die Kontrollinstrumente, falls überhaupt zu erkennen, sind mikroskopisch klein. Die soft power zeigt nicht die Faust in der Tasche. Im Frankfurter Museum für Kommunikation ist das anders. Hier weiß der Besucher von der ersten Sekunde an, worauf er sich eingelassen hat. Über eine lange Treppe, die eine stattliche Zahl von Kameras säumt, betritt er die Ausstellungsfläche. Manche der Kameras blinken rot, andere folgen den Bewegungen. Wer möchte, kann sich mit einer geschlitzten Tüte dagegen bewaffnen. Weil die billigen Plastikattrappen wenig bedrohlich wirken, lässt man es lieber.
© dpa
Das Eye See Mannequin ist nur auf einem Auge blind. Mit dem anderen soll es einmal Kunden beim Einkauf ausforschen.
© dpa
Das Eye See Mannequin ist nur auf einem Auge blind. Mit dem anderen soll es einmal Kunden beim Einkauf ausforschen.
Es liegt nahe, die Schau als geistesgegenwärtige Reaktion auf die NSA-Enthüllungen zu begreifen. Die Idee ist jedoch älter und geht auf die Debatte um Privatheit und Google Street View zurück. Aus dieser Phase vor der Eskalation stammt wohl auch die Tendenz, das Thema mit äußerster Sorgfalt nach allen Seiten hin abzuwägen und die Objekte nicht als Vorgeschichte des späteren Exzesses zu präsentieren. Als Edward Snowden der Angelegenheit neuen Zündstoff gab, reichte die Zeit nur für geringfügige Aktualisierungen: ein Regal mit Erläuterungen zur NSA-Affäre und ein Glasfaserkabel mit Biegekoppler. Die anderen Regale füllt schweres Gerät aus früheren Epochen der Überwachung.
Gleich blieb das Konzept, das ganz auf Historisierung der Kontrollgesellschaft setzt. Ein Verbotsschilderwald am Eingang lässt durchblicken, dass schon frühere Jahrhunderte Spaß am Überwachen und Strafen hatten. Groß waren damals Schaulust und Grausamkeit, mit denen Übertritte bestraft wurden. Davon zeugen Schandmasken und Schandtonnen, mit denen sich Delinquenten öffentlich bloßstellen mussten. Erst Mitte des vergangenen Jahrhunderts verschwand der Pranger aus der amerikanischen Justiz. Ganz ist die Lust an der öffentlichen Demütigung aber nicht verschwunden. Ein besonders perfides Bild zeigt, wie sich eine verurteilte Diebin vor einem amerikanischen Supermarkt selbst denunzieren muss. Mit leichtem Schauder betrachtet man auch einen Film über Hacker, die sich über Computer in das Privatleben anderer Menschen hacken und es genüsslich ins Netz stellen.
Was Tante Emma verborgen blieb
Dass der Überwachungsapparat nicht über Nacht wuchs, ist keine sonderliche Überraschung. Die Frankfurter Schau sieht in zwischenmenschlicher Sozialkontrolle den Nährboden der Kontrollgesellschaft und zeigt, wie darüber im neunzehnten Jahrhundert mit Polizei und Bürokratie ein mächtiger Apparat wuchs. Auch die industrialisierte Wirtschaftswelt war nur mit stärkerer Disziplin betriebsfähig. Kontrolle, so die Botschaft, ist aus komplexen Gemeinwesen nicht wegzudenken. Sie wächst aus dem Wunsch nach Sicherheit, aus harmlosen Lastern wie Bequemlichkeit und Neugier. Schon Tante Emma wusste viel über ihre Kunden, wie Philipp Aumann, der Kurator, in der Podiumsdiskussion zur Eröffnung bemerkte.
Nicht nur angesichts der NSA-Enthüllungen hinkt dieser Vergleich gewaltig. Hinter der modernen Überwachung stehen Geschäftsmodelle, geopolitische Machtkämpfe und Träume der Sozialingenieure. Es geht hier um opake und übermächtige Strukturen, die so schnell wachsen, dass die soziale und juristische Normfindung überfordert ist. Die Passivität nach dem NSA-Skandal ist da eher Ausdruck einer Ohnmacht als bewusste Einwilligung. Man sieht die Geschwindigkeit dieses Prozesses an einem Kurzfilm des Briten Chris Oakley, der in einem Einkaufszentrum spielt. Über jeden Kunden ist hier ein Feld mit Informationen gelegt, die Kameras im Abgleich von Datenprofilen ermittelt haben. Als Oakley den Film vor acht Jahren drehte, war das noch eine künstlerische Idee. Heute ist er zu nah an der Wirklichkeit.
Weitere Artikel
</ExtractedText>
</item>
</channel>
</rss>
