<?xml version="1.0" encoding="UTF-8" standalone="no"?>
<rss xmlns:atom="http://www.w3.org/2005/Atom" xmlns:dc="http://purl.org/dc/elements/1.1/" version="2.0">
  <channel>
<title>
      ZEIT ONLINE: Lebensart</title>
<description>Die Lust am Leben: Aktuelle Berichte, Ratgeber und Kolumnen rund um die Themen Mode, Essen, Trinken und Partnerschaft.</description>
<pubDate>Tue, 15 Oct 2013 11:01:52 GMT</pubDate>
<lastBuildDate>Wed, 16 Oct 2013 09:03:11 +0200</lastBuildDate>
<language>de-de</language>
<link>http://www.zeit.de/lebensart/index</link>
<atom:link href="http://newsfeed.zeit.de/lebensart/index" rel="self" type="application/rss+xml"/>
<copyright>Copyright (c) 2013, ZEIT ONLINE GmbH</copyright>
<docs>http://www.zeit.de/hilfe/rss</docs>
<generator>mod_xslt LePenguin</generator>
<managingEditor>wolfgang.blau@zeit.de (Wolfgang Blau)</managingEditor>
<webMaster>webmaster@zeit.de (Internettechnik ZEIT ONLINE)</webMaster>
<image>
      <url>http://images.zeit.de/bilder/elemente_01_06/logos/homepage_top.gif</url>
      <title>
      ZEIT ONLINE: Lebensart</title>
      <link>http://www.zeit.de/lebensart/index</link>
    </image>
<item>
      <link>http://www.zeit.de/lebensart/2013-09/fs-sarina-finkelstein-new-forty-niners-goldsucher-kehrer</link>
      <guid>http://www.zeit.de/lebensart/2013-09/fs-sarina-finkelstein-new-forty-niners-goldsucher-kehrer</guid>
      <category>Lebensart</category>
      <title>Fotografin Sarina Finkelstein: Die drängt's nach Gold</title>
      <description>&lt;a href="http://www.zeit.de/lebensart/2013-09/fs-sarina-finkelstein-new-forty-niners-goldsucher-kehrer"&gt;&lt;img style="float:left; margin-right:5px" src="http://images.zeit.de/lebensart/2013-09/fs-sarina-finkelstein-new-forty-niners-goldsucher-teaser/fs-sarina-finkelstein-new-forty-niners-goldsucher-teaser-148x84.jpg"/&gt;&lt;/a&gt; Die Suche nach Glück ist für einige Menschen noch immer die Suche nach Gold. Sarina Finkelstein hat Goldgräber an den Flüssen Kaliforniens mit der Kamera begleitet.</description>
      <dc:creator>ZEIT ONLINE : Lebensart</dc:creator>
      <pubDate>Fri, 11 Oct 2013 16:37:50 GMT</pubDate>
    <ExtractedText>1 von 13 Zurück Vorwärts
Fotografin Sarina Finkelstein:
Die drängt's nach Gold
Sparky auf der Nugget Alley, Angeles National Forest, Kalifornien, 2009  |  © Sarina Finkelstein 2013/Kehrer Verlag
Die Suche nach Gold ist eine Sucht, das sagen sie alle. Die New Yorker Fotografin Sarina Finkelstein begleitete vier Jahre lang Goldgräber in den Wäldern Kaliforniens. Sie traf auf Abenteurer, Aussteiger, Verzweifelte und Hoffnungsvolle und lässt sie von ihren Wünschen und Sehnsüchten erzählen. Ihre einfühlsamen Bilder zeigen das harte Leben der Suchenden. Ihren im Kehrer Verlag erschienenen Bildband benannte sie nach dem großen kalifornischen Goldrausch 1849 mit The New Forty-Niners .
Die neuesten Fotostrecken:
</ExtractedText>
</item>
</channel>
</rss>
