<?xml version="1.0" encoding="UTF-8" standalone="no"?>
<rss xmlns:atom="http://www.w3.org/2005/Atom" xmlns:dc="http://purl.org/dc/elements/1.1/" version="2.0">
  <channel>
<title>
      ZEIT ONLINE: Lebensart</title>
<description>Die Lust am Leben: Aktuelle Berichte, Ratgeber und Kolumnen rund um die Themen Mode, Essen, Trinken und Partnerschaft.</description>
<pubDate>Sat, 05 Oct 2013 16:12:57 GMT</pubDate>
<lastBuildDate>Sat, 5 Oct 2013 18:40:21 +0200</lastBuildDate>
<language>de-de</language>
<link>http://www.zeit.de/lebensart/index</link>
<atom:link href="http://newsfeed.zeit.de/lebensart/index" rel="self" type="application/rss+xml"/>
<copyright>Copyright (c) 2013, ZEIT ONLINE GmbH</copyright>
<docs>http://www.zeit.de/hilfe/rss</docs>
<generator>mod_xslt LePenguin</generator>
<managingEditor>wolfgang.blau@zeit.de (Wolfgang Blau)</managingEditor>
<webMaster>webmaster@zeit.de (Internettechnik ZEIT ONLINE)</webMaster>
<image>
      <url>http://images.zeit.de/bilder/elemente_01_06/logos/homepage_top.gif</url>
      <title>
      ZEIT ONLINE: Lebensart</title>
      <link>http://www.zeit.de/lebensart/index</link>
    </image>
<item>
      <link>http://www.zeit.de/lebensart/mode/2013-09/azzedine-alaia-modemacher-paris-retrospektive</link>
      <guid>http://www.zeit.de/lebensart/mode/2013-09/azzedine-alaia-modemacher-paris-retrospektive</guid>
      <category>Lebensart</category>
      <title>Modemacher Azzedine Alaïa: In den Händen der Frau</title>
      <description>&lt;a href="http://www.zeit.de/lebensart/mode/2013-09/azzedine-alaia-modemacher-paris-retrospektive"&gt;&lt;img style="float:left; margin-right:5px" src="http://images.zeit.de/lebensart/mode/2013-09/teaser-alaia/teaser-alaia-148x84.jpg"/&gt;&lt;/a&gt; Er ist der Erfinder tragbarer Sexyness, er hat Leder und Lycra in die Mode eingeführt: Azzedine Alaïa, der Stoffbildhauer. Nun feiert ihn Paris mit einer Retrospektive. </description>
      <dc:creator>ZEIT ONLINE : Lebensart - Jina Khayyer</dc:creator>
      <pubDate>Thu, 26 Sep 2013 09:02:36 GMT</pubDate>
    <ExtractedText>Partnerschaft
Modemacher Azzedine Alaïa: In den Händen der Frau
Er ist der Erfinder tragbarer Sexyness, er hat Leder und Lycra in die Mode eingeführt: Azzedine Alaïa, der Stoffbildhauer. Nun feiert ihn Paris mit einer Retrospektive. Von Jina Khayyer
26. September 2013  09:47 Uhr  1 Kommentar
Der Designer Azzedine Alaïa mit einem Model. Sie trägt ein Lederbustier und einen Taftrock aus der Couture-Kollektion Frühjahr/Sommer 2003.  |  © Patrick Demarchelier
Als Azzedine Alaïa 1985 vom französischen Kulturministerium als Designer des Jahres ausgezeichnet wird, trägt ihn Grace Jones über die Bühne. Dem Supermodel Farida Khelfa springt er auf einer legendären Modefotografie seines Freunde Jean-Paul Goude aus demselben Jahr in die weit geöffneten Arme. Azzedine Alaïa lässt sich gern von Frauen tragen. Und die Frauen tragen gern Alaïa.   
In den Achtziger Jahren trug jede Frau, die es sich leisten konnte, die Mode des französischen Designers mit den tunesischen Wurzeln. Bis heute ist es so geblieben. Alaïa hat etwas, das ihn von allen anderen zeitgenössischen Modeschöpfern abhebt: Seine Silhouette hat sich über die Jahrzehnte nicht verändert. Er muss sich nicht jede Saison neu erfinden. Azzedine Alaïa hat den perfekten Rock, das perfekte Kleid, den perfekten Mantel schon vor Jahren entworfen. An diesen Silhouetten bleibt er dran, macht sie nur noch besser, präziser, sinnlicher, mal aus Leder, mal aus Strick, mal aus Jersey. Alaïa ist der letzte echte Couturier in Paris.  
Anzeige
Jeder Entwurf geht durch seine Hände, jedes Stück entsteht an einer Frau. Um die Bewegung seiner Entwürfe zu sehen, hat Alaïa immer ein Model zur Anprobe bei sich, das auch in seinem Haus in der Rue du Moussy wohnt. Hier wird jedes Kleidungsstück handgefertigt. Mögen sich die Lagerfelds und Pradas da draußen in der kommenden Woche mit Modenschauen in Popkonzertgröße gegenseitig übertrumpfen, Alaïa veranstaltet keine öffentlichen Defilees. Er macht keine Werbung. Nur wenige Magazine bekommen seine Kleider für Fotos. Aber in der Luxusmodeabteilung von Barneys in New York ist er der meistverkaufte Designer.
Die Modefotografien aus der Ausstellung "Alaïa". Klicken Sie auf das Bild.    |  © Peter Lindbergh pour Alaïa, 2013
Als Schneider und Haushälter kommt er nach Paris
Das Jahr 2013, es ist Alaïas großes Jahr. Am kommenden Samstag wird er seine zweite Boutique in Paris eröffnen, in der Nummer 5 Rue de Marignon. Am gleichen Tag eröffnet das Modemuseum Palais Galliera nach vier Jahren wieder, mit einer großen Retrospektive. Sie hat den Titel ALAÏA, fünf große Buchstaben und eine ganze Welt. Zum ersten Mal wird Alaïa, 73, in seiner Wahlheimat Paris so geehrt. "Es ist ein Signal der Stadt Paris und des Modemuseums, die Unabhängigkeit der kompromisslosen Kreativität zu ehren", sagt der Direktor Olivier Saillard. Alaïa sein, bedeutet radikal, höflich, witzig, großzügig zu sein und vor allem unbestechlich.
Als Kind von Weizenbauern wird Alaïa im Jahr 1940 in Tunesien geboren, die Familienverhältnisse sind bescheiden. Seine Zwillingsschwester, Hafida, ist diejenige, die sich für Mode interessiert und bringt dem jungen Azzedine das Nähen bei. Mit Siebzehn schafft es Alaïa auf die Kunsthochschule und studiert Bildhauerei. Nach seinem Studium arbeitet er jedoch als Schneiderlehrling, der Sprung nach Paris gelingt ihm als Haushälter und Hausschneider der Comtesse de Blégiers.  
Sie führt Alaïa in die Pariser Haute-Volée ein und stellt ihm die Reichen, die Berühmten, die Glamourösen vor: Greta Garbo, Marlene Dietrich und die Rothschilds werden seine ersten, privaten Kundinnen. Alaïa beginnt für Christian Dior zu arbeiten, später ist er bei Guy Laroche und Thierry Mugler. Im Jahr 1980 eröffnet Alaïa schließlich sein eigenes Atelier in seiner Wohnung.
Die Klarheit seiner Entwürfe sorgt sofort für Aufmerksamkeit – die Mäntel in Prinzesslinie, seine Röcke und Kleider, hauteng geschnitten wie jene von Eiskunstläuferinnen, sein Strick, der anliegt wie eine zweite Haut. Sein größter Triumph: In einer Zeit, in der nur Prostituierte Leder tragen, führt Alaïa Leder in die Haute Couture und in die Prêt-à-Porter ein. Mit Wasserdampf macht er das Material geschmeidig und formt es direkt am Körper seines Modells. Die dramatischen Corsagen und Kleider, die so entstehen, überzeichnen die weibliche Silhouette. Alaïa zeigt den Körper der Frau, wie er noch nie zuvor zu sehen war.
Übersicht zu diesem Artikel
</ExtractedText>
</item>
</channel>
</rss>
