<?xml version="1.0" encoding="UTF-8" standalone="no"?>
<rss xmlns:content="http://purl.org/rss/1.0/modules/content/" version="2.0">
<channel>
<title>SPIEGEL ONLINE - Netzwelt</title>
<link>http://www.spiegel.de</link>
<description>Nachrichten zu Internet und Technik, Handys und Computern. Aktuelle Reportagen, Analysen, Service.</description>
<language>de</language>
<pubDate>Wed, 16 Oct 2013 09:03:42 +0200</pubDate>
<lastBuildDate>Wed, 16 Oct 2013 09:03:42 +0200</lastBuildDate>
<image>
<title>SPIEGEL ONLINE</title>
<link>http://www.spiegel.de</link>
<url>http://www.spiegel.de/static/sys/logo_120x61.gif</url>
</image>
<item>
<title>Angeklickt: Remix-Künstler machen Angela Merkel zum Proto-Hipster</title>
<link>http://www.spiegel.de/netzwelt/web/remix-kuenstler-machen-angela-merkel-zum-protohipster-a-927979.html#ref=rss</link>
<description>Ponyfrisur, buntes Karosakko, im Hintergrund Strand und Meer: So posierte CDU-Chefin Angela Merkel vor neun Jahren für ein Foto, auf ihrer Sommertour auf der ostfriesischen Insel Borkum. Ein Jahr später wählte der Bundestag sie erstmals zur Kanzlerin. Fehlt eigentlich nur noch der Instagram-Filter - und das Merkel-Bild würde aussehen wie das aktuelle Selbstporträt eines Hipsters.
</description>
<pubDate>Tue, 15 Oct 2013 16:04:00 +0200</pubDate>
<guid>http://www.spiegel.de/netzwelt/web/remix-kuenstler-machen-angela-merkel-zum-protohipster-a-927979.html</guid>
<content:encoded><![CDATA[Ponyfrisur, buntes Karosakko, im Hintergrund Strand und Meer: So posierte CDU-Chefin Angela Merkel vor neun Jahren für ein Foto, auf ihrer Sommertour auf der ostfriesischen Insel Borkum. Ein Jahr später wählte der Bundestag sie erstmals zur Kanzlerin. Fehlt eigentlich nur noch der Instagram-Filter - und das Merkel-Bild würde aussehen wie das aktuelle Selbstporträt eines Hipsters.
]]></content:encoded>
<ExtractedText>7 Leserkommentare Diskutieren Sie mit!
Aushilfsösi gestern, 16:39 Uhr
kopflos wär mir die Dame noch hundertmal lieber
FKassekert gestern, 17:11 Uhr
Bei ihr kannst nichts versauen, die Natur hat ihren Teil geleistet!
hanfpiraten gestern, 17:11 Uhr
Verharmlosung einer Politikerin, die durch rein ausbeuterische Drogenverbote die Gesellschaft milliardenschwer sabotiert, Kriminalität, Gewalt und unermessliches menschliches Leid verursacht und Millionen Unschuldige verfolgt. So was ist nicht lustig.
felisconcolor gestern, 17:22 Uhr
was mich wieder zu der Frage bringt wozu sind Hipster gut? ist das eine Kultur? wie Punk oder new wave oder ist es der Fleisch gewordene Typus des new zero buck eigentlich so in den Tag leb Mensch ich merk immer wieder die 80iger waren irgendwie geiler
lafrench gestern, 17:59 Uhr
Wozu Hipster gut sind? In der Regel sind es einfach Intellektuelle mit einem gewissen Hang zu extravaganter Mode. Ja, es gibt auch hirnlose Hipster aber die sind eher selten. Der Zweck ist also außer der Selbstdarstellung nur, die anderen schneller zu erkennen. Und Outsider auszumachen. Aber die findet man im Gespräch auch so schnell ;)
val99 gestern, 21:07 Uhr
Von den Machern von Hipstermerkel gibt es nun auch http://bundeswolfpack.tumblr.com/
mwinter heute, 07:05 Uhr
Was hier eigentlich noch interessanter als der "Hipster"-Kontext ist: früher hat man für belanglose Photoshop-Spielereien und Appfilter-Frickeleien mit den Bildern anderer auf Amateurplattformen vielleicht im Bekanntenkreis ein paar Lorbeeren bekommen. Jetzt wird man dafür gleich zum "Remix-Künstler". DAS ist auch ein Indiz für die erwähnte Oberflächlichkeit, die letztlich eben der Zeitgeist ist. Hauptsache auffallen, egal wie belanglos!
Posten Sie Ihren Kommentar
Bitte melden Sie sich an, um zu kommentieren.
Forumname
</ExtractedText>
</item>
</channel>
</rss>
