<?xml version="1.0" encoding="UTF-8" standalone="no"?>
<rss xmlns:atom="http://www.w3.org/2005/Atom" xmlns:dc="http://purl.org/dc/elements/1.1/" version="2.0">
  <channel>
<title>
      ZEIT ONLINE: Wirtschaft</title>
<description>Aktuelle Nachrichten, Kommentare, Analysen und Hintergründe zu den Themen Wirtschaftspolitik, Finanzen, Unternehmen, Branchen, Börsen und Märkten</description>
<pubDate>Mon, 07 Oct 2013 17:12:59 GMT</pubDate>
<lastBuildDate>Mon, 7 Oct 2013 21:20:48 +0200</lastBuildDate>
<language>de-de</language>
<link>http://www.zeit.de/wirtschaft/index</link>
<atom:link href="http://newsfeed.zeit.de/wirtschaft/index" rel="self" type="application/rss+xml"/>
<copyright>Copyright (c) 2013, ZEIT ONLINE GmbH</copyright>
<docs>http://www.zeit.de/hilfe/rss</docs>
<generator>mod_xslt LePenguin</generator>
<managingEditor>wolfgang.blau@zeit.de (Wolfgang Blau)</managingEditor>
<webMaster>webmaster@zeit.de (Internettechnik ZEIT ONLINE)</webMaster>
<image>
      <url>http://images.zeit.de/bilder/elemente_01_06/logos/homepage_top.gif</url>
      <title>
      ZEIT ONLINE: Wirtschaft</title>
      <link>http://www.zeit.de/wirtschaft/index</link>
    </image>
<item>
      <link>http://www.zeit.de/wirtschaft/2013-10/griechenland-kredite-banken-hedgefonds</link>
      <guid>http://www.zeit.de/wirtschaft/2013-10/griechenland-kredite-banken-hedgefonds</guid>
      <category>Wirtschaft</category>
      <title>Internationale Kredite: Griechenland will Schuldentilgung um Jahrzehnte verschieben  </title>
      <description>&lt;a href="http://www.zeit.de/wirtschaft/2013-10/griechenland-kredite-banken-hedgefonds"&gt;&lt;img style="float:left; margin-right:5px" src="http://images.zeit.de/wirtschaft/2013-10/griechenland/griechenland-148x84.jpg"/&gt;&lt;/a&gt; Die Regierung in Athen hofft auf Erleichterungen bei der Rückzahlung von Krediten – wenn die Einnahmen steigen. Hedgefonds sehen dafür gute Chancen und investieren.  </description>
      <dc:creator>ZEIT ONLINE : Wirtschaft</dc:creator>
      <pubDate>Mon, 07 Oct 2013 09:21:57 GMT</pubDate>
    <ExtractedText>Börse
Internationale Kredite: Griechenland will Schuldentilgung um Jahrzehnte verschieben
Die Regierung in Athen hofft auf Erleichterungen bei der Rückzahlung von Krediten – wenn die Einnahmen steigen. Hedgefonds sehen dafür gute Chancen und investieren.
7. Oktober 2013  11:20 Uhr  20 Kommentare
Passanten vor dem griechischen Parlament in Athen  |  © Yorgos Karahalis/Reuters
Griechenland will einen Großteil seiner Kredite bei internationalen Geldgebern auf bis zu 50 Jahre strecken. Regierungskreisen zufolge sollen Kredite aus dem ersten Rettungspaket in eine 50-jährige Anleihe umgetauscht werden. Dies werde aber nur dann geschehen, wenn ein Überschuss im Primärhaushalt – in diesem Etat werden Zinszahlungen nicht berücksichtigt – erzielt wird und damit die Bedingungen für weitere Erleichterungen erfüllt sind.
Das Euro-Land wurde zweimal mit insgesamt 240 Milliarden Euro vor der Zahlungsunfähigkeit bewahrt. Ein erstes Paket umfasste 110 Milliarden Euro. Davon steuerten die Euro-Länder mit 52,9 Milliarden Euro  den größten Teil bei, dazu kommen 20 Milliarden vom Internationalen Währungsfonds (IWF) und der Rest vom Euro-Rettungsfonds EFSF. Die Rückzahlung dieser Kredite beginnt 2025. Sollte es tatsächlich zum Tausch in eine 50-jährige Anleihe kommen, würde sich dieser Zeitpunkt um Jahrzehnte nach hinten schieben.
Anzeige
Bislang, so der Regierungsvertreter, gebe es aber keine Gespräche mit den internationalen Geldgebern . Diese hatten der Regierung in Athen bereits Erleichterungen zugesagt, wenn sie ihre Sparziele in diesem Jahr erreiche. Sollte sie es tatsächlich schaffen und etwa im Primärhaushalt  einen Überschuss erwirtschaften, wären geringere Zinsbelastungen oder längere Laufzeiten möglich.
Hedgefonds wetten auf Erholung
Ökonomen zufolge dürfte dies aber nicht ausreichen. Angesichts der Verschuldung des Landes – in diesem Jahr stiegt sie wohl auf 322 Milliarden Euro – rechnen sie mit einem weiteren Hilfspaket, nach Einschätzung des Deutschen Instituts für Wirtschaftsforschung (DIW) in Höhe von weit mehr als zehn Milliarden Euro. Auch Bundesfinanzminister Wolfgang Schäuble sprach in der Wirtschaftswoche von einer "Anschlussfinanzierung", die notwendig werden würde. Allerdings würde diese "nur einen Bruchteil der bisherigen Programme ausmachen".
Derweil sehen Investoren an der Wall Street erste Zeichen der Erholung. Wie die Financial Times berichtet , investieren US-Hedgefonds aggressiv in den griechischen Bankensektor und wetteten damit auf dessen Erholung. Die Zeitung zitiert den Milliardär John Paulson, dessen Hedgefonds neben Baupost, Eaglevale, Dromeus Capital, Falcon Edge, York Capital und Och-Ziff derart engagiert ist: Sein Fonds, so Paulson, halte beträchtliche Anteile an Piraeus Bank und Alpha Bank. Beide verfügten über eine gute Kapitalausstattung und ein gutes Management und befänden sich auf dem Weg der Besserung. Die Folge: Wegen des Engagements der Hedgefonds drängen dem Blatt zufolge große Geldhäuser die griechische Regierung, eine Reprivatisierung der Branche zu beschleunigen.
 
</ExtractedText>
</item>
</channel>
</rss>
