<?xml version="1.0" encoding="UTF-8" standalone="no"?>
<rss xmlns:atom="http://www.w3.org/2005/Atom" xmlns:dc="http://purl.org/dc/elements/1.1/" version="2.0">
  <channel>
<title>
      ZEIT ONLINE: Karriere</title>
<description>Für Ein-, Um- und Aufsteiger: Das Karriereportal für Berufsanfänger, Quereinsteiger und die eigene Karriereleiter. Aktuelle Informationen rund um den Beruf.</description>
<pubDate>Tue, 15 Oct 2013 14:47:40 GMT</pubDate>
<lastBuildDate>Wed, 16 Oct 2013 09:07:42 +0200</lastBuildDate>
<language>de-de</language>
<link>http://www.zeit.de/karriere/index</link>
<atom:link href="http://newsfeed.zeit.de/karriere/index" rel="self" type="application/rss+xml"/>
<copyright>Copyright (c) 2013, ZEIT ONLINE GmbH</copyright>
<docs>http://www.zeit.de/hilfe/rss</docs>
<generator>mod_xslt LePenguin</generator>
<managingEditor>wolfgang.blau@zeit.de (Wolfgang Blau)</managingEditor>
<webMaster>webmaster@zeit.de (Internettechnik ZEIT ONLINE)</webMaster>
<image>
      <url>http://images.zeit.de/bilder/elemente_01_06/logos/homepage_top.gif</url>
      <title>
      ZEIT ONLINE: Karriere</title>
      <link>http://www.zeit.de/karriere/index</link>
    </image>
<item>
      <link>http://www.zeit.de/karriere/beruf/2013-10/buchtipp-ulrich-renz-tyrannei-arbeit</link>
      <guid>http://www.zeit.de/karriere/beruf/2013-10/buchtipp-ulrich-renz-tyrannei-arbeit</guid>
      <category>Karriere</category>
      <title>Serie Karrierebuch: Unser Tyrann heißt Arbeit</title>
      <description>&lt;a href="http://www.zeit.de/karriere/beruf/2013-10/buchtipp-ulrich-renz-tyrannei-arbeit"&gt;&lt;img style="float:left; margin-right:5px" src="http://images.zeit.de/karriere/beruf/2013-10/stress/stress-148x84.jpg"/&gt;&lt;/a&gt; Arbeit beherrscht uns, manchmal bis zum Burn-Out. Ulrich Renz analysiert in seinem Buch, wie es dazu kommen konnte. Er fordert eine menschenfreundliche Arbeitswelt.</description>
      <dc:creator>ZEIT ONLINE : Karriere - Tina Groll</dc:creator>
      <pubDate>Tue, 15 Oct 2013 05:55:37 GMT</pubDate>
    <ExtractedText>Buch: Die Tyrannei der Arbeit von Ulrich Renz
Serie Karrierebuch: Unser Tyrann heißt Arbeit
Arbeit beherrscht uns, manchmal bis zum Burn-Out. Ulrich Renz analysiert in seinem Buch, wie es dazu kommen konnte. Er fordert eine menschenfreundliche Arbeitswelt. von  Tina Groll
15. Oktober 2013  07:54 Uhr  50 Kommentare
Darum geht es: Arbeit bestimmt unser Leben. Mit der Flexibilisierung kam die Entgrenzung – mittlerweile prägt die Arbeit unseren ganzen Tagesablauf, bis weit in die Freizeit hinein. Manche schuften sich sogar zu Tode , Karoshi wird in Japan ein Tod durch Überarbeitung genannt. Ulrich Renz sagt: Wir müssen umdenken. In seinem Buch Tyrannei der Arbeit kritisiert er, dass der Arbeit in der Leistungsgesellschaft ein so bedeutsamer Platz zugewiesen wird. Wie können wir die Herrschaft über unser Leben zurückgewinnen? 
Dass Arbeit zur Quasi-Religion geworden ist, die uns mit Sinn erfüllt und unserem Leben Bedeutung verleiht, ist ein junges Phänomen. In der Antike gab sich, wer es sich leisten konnte, dem Müßiggang hin. Die körperliche Arbeit wurde von Sklaven verrichtet. In der Bibel gilt Arbeit allenfalls als selbstverständliche Notwendigkeit. 
Anzeige
Erst zu Zeiten von Martin Luther setzt eine Neubewertung ein. Aus Arbeit wird Beruf – und daraus später Berufung. Mit der Industrialisierung erleben die Menschen dann eine umfassende Beschleunigung. Heute verheißt die Arbeit Selbstverwirklichung, Erfüllung und Bedeutung. Der moderne Arbeiter treibe sich selbst zu Höchstleistungen, schreibt Renz. Auch auf die Gefahr hin auszubrennen.
Renz appelliert an seine Leser: "Es ist an Ihnen, Ihr Leben zu gestalten." Wie man Beruf und Privatleben besser in Einklang bringen könnte, beschreibt er ebenfalls. Er hat Beispiele von Unternehmen  recherchiert, die schon eine gesündere und menschenfreundlichere Arbeitswelt schaffen.
Die spannendsten Fakten: Der Autor hat hervorragend recherchiert. Renz zieht aussagekäftige Studien für seine Zustandsbeschreibung der modernen Arbeitswelt heran. Er zitiert die Bibel, Soziologen und Philosophen und kennt sich auch im Arbeitsrecht aus. Keine Aussage in seinem 271-seitigen Buch trifft er ohne Beleg. Das macht die Analyse umfassend.
Minuspunkte: Bisweilen kann sich der Autor einen sarkastischen Unterton nicht verkneifen. In der Regel streut er  Sätze wie: "Doch, wirklich, es ist netter geworden am Arbeitsplatz" sparsam ein, während er über "cleane" Großraumbüros schreibt und darstellt, wie stark moderne Arbeitsräume heute dem privaten Wohnen ähneln. Hin und wieder überzieht er aber.
Verständlichkeit und Sprache: Knappe Sätze, eine klare und prägnante Sprache und eine pointierte Analyse zeichnen das Buch aus. Wie zur Verdeutlichung seiner These reduziert Renz seine Ausführungen aufs Wesentliche. Das überzeugt. Das Buch ist in 15 Kapitel mit weiteren, kleinen Unterkapiteln unterteilt. Auch hier zieht sich das Konzept der präzisen Kürze durch.
Bewertung: Die Tyrannei der Arbeit ist ein kluges und informatives Buch. Pointiert geschrieben und gut recherchiert führt Renz dem Leser vor Augen, wie stark unser Dasein von Arbeit geprägt ist. Das Buch ist eine Zustandsbeschreibung der modernen Arbeitsgesellschaft, das in seiner klaren Nüchternheit dazu anregt, den Status Quo kritisch infrage zu stellen.
 
Ulrich Renz: Die Tyrannei der Arbeit
Random House Gmbh, München 213; 271 S., 18,50 €
Mehr zum Thema
</ExtractedText>
</item>
</channel>
</rss>
