<?xml version="1.0" encoding="UTF-8" standalone="no"?>
<rss xmlns:content="http://purl.org/rss/1.0/modules/content/" version="2.0">
<channel>
<title>SPIEGEL ONLINE - Netzwelt</title>
<link>http://www.spiegel.de</link>
<description>Nachrichten zu Internet und Technik, Handys und Computern. Aktuelle Reportagen, Analysen, Service.</description>
<language>de</language>
<pubDate>Sat, 05 Oct 2013 18:33:12 +0200</pubDate>
<lastBuildDate>Sat, 05 Oct 2013 18:33:12 +0200</lastBuildDate>
<image>
<title>SPIEGEL ONLINE</title>
<link>http://www.spiegel.de</link>
<url>http://www.spiegel.de/static/sys/logo_120x61.gif</url>
</image>
<item>
<title>USA: Kalifornien erlässt Gesetz gegen "Rachepornos" im Netz</title>
<link>http://www.spiegel.de/netzwelt/netzpolitik/kalifornien-erlaesst-gesetz-gegen-rachepornos-im-netz-a-925915.html#ref=rss</link>
<description>Sechs Monate Haft oder 1000 Dollar Strafe: Damit wird in Zukunft im US-Bundesstaat Kalifornien das Hochladen von Nacktfotos aus Rache bestraft - auch wenn die Aufnahmen im gegenseitigen Einverständnis entstanden sind.</description>
<pubDate>Wed, 02 Oct 2013 21:07:03 +0200</pubDate>
<guid>http://www.spiegel.de/netzwelt/netzpolitik/kalifornien-erlaesst-gesetz-gegen-rachepornos-im-netz-a-925915.html</guid>
<content:encoded><![CDATA[Sechs Monate Haft oder 1000 Dollar Strafe: Damit wird in Zukunft im US-Bundesstaat Kalifornien das Hochladen von Nacktfotos aus Rache bestraft - auch wenn die Aufnahmen im gegenseitigen Einverständnis entstanden sind.]]></content:encoded>
<ExtractedText>Kalifornien erlässt Gesetz gegen "Rachepornos" im Netz
USA: Kalifornien erlässt Gesetz gegen "Rachepornos" im Netz
Sechs Monate Haft oder 1000 Dollar Strafe: Damit wird in Zukunft im US-Bundesstaat Kalifornien das Hochladen von Nacktfotos aus Rache bestraft - auch wenn die Aufnahmen im gegenseitigen Einverständnis entstanden sind.
San Francisco - Wer sich im US-Bundesstaat Kalifornien an seinem Ex-Partner rächen will, sollte auf das Hochladen von Nacktbildern verzichten - andernfalls droht ihm künftig sogar eine Gefängnisstrafe. Gouverneur Jerry Brown hat am Dienstag ein Gesetz gegen sogenannte Rachepornos unterzeichnet. Demnach wird die Verbreitung heimlicher Aufnahmen mit einer Haftstrafe von bis zu sechs Monaten oder maximal 1000 Dollar bestraft.
Senator Anthony Cannella, der das Gesetz initiiert hatte, zeigte sich zufrieden. Bis jetzt sei eine Strafverfolgung zum Schutz der Opfer nicht möglich gewesen. Es gebe sogar Internetseiten, die sich auf solche Aufnahmen spezialisiert hätten, sagte Cannella. Die Betreiber verlangten zudem horrende Gebühren für das Löschen der Fotos.
Das Hochladen von Fotos, die die Privatsphäre verletzen, wird bereits rechtlich verfolgt. Das neue Gesetz in Kalifornien deckt aber auch Fälle ab, in denen die Aufnahmen in gegenseitigem Einverständnis gemacht wurden, nach der Trennung aber gegen den Willen des oder der Betroffenen im Netz veröffentlicht werden.
Kalifornien ist damit der zweite amerikanische Bundesstaat nach New Jersey , der ein solches Gesetz eingeführt hat. Zwischenzeitlich gab es Diskussionen, ob das Vorhaben gegen die Redefreiheit verstoße. In Deutschland sind die Regelungen zum Schutz der Privatsphäre deutlich strikter.
vks/dpa/AFP
Aus Datenschutzgründen wird Ihre IP-Adresse nur dann gespeichert, wenn Sie angemeldeter und eingeloggter Facebook-Nutzer sind. Wenn Sie mehr zum Thema Datenschutz wissen wollen, klicken Sie auf das i.
Auf anderen Social Networks teilen
Atheist_Crusader 02.10.2013
Nur heimlicher Aufnahmen? Dann würde das Gesetz ja selbstgemachte und an den nun Ex-Partner weitergegebene Bilder gar nicht umfassen. Womit man irgendwie eines der grundlegenden Ziele verfehlt hätte.
Zitat von sysop Gouverneur Jerry Brown hat am Dienstag ein Gesetz gegen sogenannte Rachepornos unterzeichnet. Demnach wird die Verbreitung heimlicher Aufnahmen mit einer Haftstrafe von bis zu sechs Monaten oder maximal 1000 Dollar bestraft.
Nur heimlicher Aufnahmen? Dann würde das Gesetz ja selbstgemachte und an den nun Ex-Partner weitergegebene Bilder gar nicht umfassen. Womit man irgendwie eines der grundlegenden Ziele verfehlt hätte.
fbastian 03.10.2013
"Das neue Gesetz in Kalifornien deckt aber auch Fälle ab, in denen die Aufnahmen in gegenseitigem Einverständnis gemacht wurden.", nee, nicht "heimlich". Verbreitung heimlicher Aufnahmen m.W. schon immer [...]
"Das neue Gesetz in Kalifornien deckt aber auch Fälle ab, in denen die Aufnahmen in gegenseitigem Einverständnis gemacht wurden.", nee, nicht "heimlich". Verbreitung heimlicher Aufnahmen m.W. schon immer verboten.
Thyphon 03.10.2013
Zitat: "Das neue Gesetz in Kalifornien deckt aber auch Fälle ab, in denen die Aufnahmen in gegenseitigem Einverständnis gemacht wurden, nach der Trennung aber gegen den Willen des oder der Betroffenen im Netz veröffentlicht [...]
Zitat von Atheist_Crusader Nur heimlicher Aufnahmen? Dann würde das Gesetz ja selbstgemachte und an den nun Ex-Partner weitergegebene Bilder gar nicht umfassen. Womit man irgendwie eines der grundlegenden Ziele verfehlt hätte.
Zitat: "Das neue Gesetz in Kalifornien deckt aber auch Fälle ab, in denen die Aufnahmen in gegenseitigem Einverständnis gemacht wurden, nach der Trennung aber gegen den Willen des oder der Betroffenen im Netz veröffentlicht werden."
snezi 03.10.2013
Nur ein kleines Stück weiter steht es doch. Man sollte den gesamten Beitrag lesen ;-)   ---Zitat--- Das neue Gesetz in Kalifornien deckt aber auch Fälle ab, in denen die Aufnahmen in gegenseitigem Einverständnis gemacht [...]
Zitat von Atheist_Crusader Nur heimlicher Aufnahmen? Dann würde das Gesetz ja selbstgemachte und an den nun Ex-Partner weitergegebene Bilder gar nicht umfassen. Womit man irgendwie eines der grundlegenden Ziele verfehlt hätte.
Nur ein kleines Stück weiter steht es doch. Man sollte den gesamten Beitrag lesen ;-)   ---Zitat--- Das neue Gesetz in Kalifornien deckt aber auch Fälle ab, in denen die Aufnahmen in gegenseitigem Einverständnis gemacht wurden, nach der Trennung aber gegen den Willen des oder der Betroffenen im Netz veröffentlicht werden. ---Zitatende---
arnewolf 03.10.2013
1000 Dollar sind ein Schnäppchen und stehen in keinem Verhältnis zu 6 Monaten Haftstrafe. Wenn jemand genügend verdient, dann hält ihn sowas nicht von seinem Vorhaben ab
1000 Dollar sind ein Schnäppchen und stehen in keinem Verhältnis zu 6 Monaten Haftstrafe. Wenn jemand genügend verdient, dann hält ihn sowas nicht von seinem Vorhaben ab
</ExtractedText>
</item>
</channel>
</rss>
