<?xml version="1.0" encoding="UTF-8" standalone="no"?>
<rss xmlns:content="http://purl.org/rss/1.0/modules/content/" version="2.0">
<channel>
<title>SPIEGEL ONLINE - Netzwelt</title>
<link>http://www.spiegel.de</link>
<description>Nachrichten zu Internet und Technik, Handys und Computern. Aktuelle Reportagen, Analysen, Service.</description>
<language>de</language>
<pubDate>Sat, 05 Oct 2013 18:33:12 +0200</pubDate>
<lastBuildDate>Sat, 05 Oct 2013 18:33:12 +0200</lastBuildDate>
<image>
<title>SPIEGEL ONLINE</title>
<link>http://www.spiegel.de</link>
<url>http://www.spiegel.de/static/sys/logo_120x61.gif</url>
</image>
<item>
<title>Plattform für Drogenhandel: FBI verhaftet mutmaßlichen Silk-Road-Betreiber</title>
<link>http://www.spiegel.de/netzwelt/netzpolitik/mutmasslicher-silk-road-gruender-dread-pirate-roberts-verhaftet-a-925899.html#ref=rss</link>
<description>Die Internetplattform Silk Road ist eine Anlaufstelle für Drogenhändler und -konsumenten. Ihr Betreiber prahlte erst kürzlich in einem Interview mit seinen Erfolgen. Das FBI hält den Mann für "The Dread Pirate Roberts" und hat ihn jetzt verhaftet.</description>
<pubDate>Wed, 02 Oct 2013 18:46:00 +0200</pubDate>
<guid>http://www.spiegel.de/netzwelt/netzpolitik/mutmasslicher-silk-road-gruender-dread-pirate-roberts-verhaftet-a-925899.html</guid>
<content:encoded><![CDATA[Die Internetplattform Silk Road ist eine Anlaufstelle für Drogenhändler und -konsumenten. Ihr Betreiber prahlte erst kürzlich in einem Interview mit seinen Erfolgen. Das FBI hält den Mann für "The Dread Pirate Roberts" und hat ihn jetzt verhaftet.]]></content:encoded>
<ExtractedText>Mutmaßlicher Silk-Road-Gründer Dread Pirate Roberts verhaftet
Plattform für Drogenhandel: FBI verhaftet mutmaßlichen Silk-Road-Betreiber
Die Internetplattform Silk Road ist eine Anlaufstelle für Drogenhändler und -konsumenten. Ihr Betreiber prahlte erst kürzlich in einem Interview mit seinen Erfolgen. Das FBI hält den Mann für "The Dread Pirate Roberts" und hat ihn jetzt verhaftet.
Virtuelle Währung Bitcoin: Silk-Road-Betreiber verhaftet?
San Francisco - Der Betreiber der Internet-Handelsplattform Silk Road ist laut Nachrichtenagentur Reuters verhaftet worden . Silk Road wurde bekannt als Handelsplatz für illegale Drogen, als Zahlungsmittel wurde die Hacker-Währung Bitcoin verwendet. Das FBI teilte Reuters zufolge mit, man habe den Betreiber der Plattform verhaftet.
Der Mann, dessen Name mit Ross W. U. angegeben wird, soll der gleiche sein, der unter dem Pseudonym "Dread Pirate Roberts" jahrelang die Plattform Silk Road betrieben hatte. Zu erreichen war die Seite nur über das Anonymisierungsnetzwerk Tor. U. wird der Klageschrift zufolge Verschwörung zum Drogenhandel, Verschwörung zum Hacken von Computern und Verschwörung zur Geldwäsche vorgeworfen.
Die Ermittler erwähnen in der Klageschrift mehrere Profile in sozialen Netzwerken, die U. gehören sollen. Den Informationen auf diesen Seiten zufolge hat der 29-jährige Verdächtige Physik studiert, später arbeitete er als Assistent bei der Materialforschung an einer Universität. Laut diesem Profil engagierte U. sich bei wohltätigen Organisationen, er sammelte von Privatleuten gebrauchte Bücher ein, die dann Häftlingen geschenkt wurden. In einem seiner Profile hat der Verdächtige einen Text hinterlassen, der wie ein Abschied aus dem alten Leben klingt:
"Nun habe ich neue Ziele. Ich will Wirtschaftstheorien dafür nutzen, Zwang und Aggression abzuschaffen. (&#133;) Am häufigsten und systematischsten wenden Regierungen und Institutionen Gewalt an. Deshalb konzentriere ich meine Bemühungen auf diesen Bereich. Der beste Weg, die Regierung zu verändern, ist es, das Bewusstsein der Regierten zu verändern. Deshalb werde ich eine wirtschaftliche Simulation starten, um Menschen eine Erfahrung aus erster Hand zu bieten, wie es wäre, in einer Welt ohne systematische Gewaltanwendung zu leben."
In der Anklageschrift wird Ross U. auch vorgeworfen, eine Person mit einem Mord beauftragt zu haben. Getötet werden sollte ein Silk-Road-Nutzer, der drohte, die Identität von Händlern der Plattform zu veröffentlichen. Angeblich hat Ross U. umgerechnet 150.000 Dollar für den Mord in Kanada bezahlt. Ihm wurde laut Klageschrift vom mutmaßlichen Killer als Bestätigung ein Foto der Leiche mit vorab abgesprochenen Codes gemailt. Laut FBI konnte in Kanada bislang keine Leiche und keine Person mit dem Namen im Mordauftrag gefunden werden.
Paket mit gefälschten Dokumenten abgefangen
In der Klageschrift finden sich Hinweise darauf, wie die Ermittler U. auf die Spur gekommen sein könnten: Bei Routinedurchsuchungen wurde ein Paket mit gefälschten Dokumenten abgefangen, das aus Kanada nach San Francisco geschickt wurde. Ermittler trafen an der Empfängeradresse den Verdächtigen U. Sein Porträtfoto war auf allen gefälschten Dokumenten.
Die Ermittler haben offensichtlich nach diesem Zufallstreffer mit U.s echtem Namen Informationen über ihn gesammelt: Postings über versteckte Tor-Dienste in Programmiererforen. Von Google erhielten die Ermittler IP-Adressen, von denen aus der Verdächtige sein Google-Mail-Konto abrief. Das FBI hatte zudem offenbar Zugriff auf Server, die die Silk-Road-Betreiber nutzten. In der Klageschrift wird genau beziffert, wie hoch das Bitcoin-Guthaben zu bestimmten Uhrzeiten an bestimmten Tagen auf jenen Konten war, die für den Silk-Road-Treuhanddienst genutzt wurden.
"Wir haben den Drogenkrieg gewonnen"
Die Ermittler zitieren auch aus privaten Nachrichten, die der Silk-Road-Betreiber mit angestellten Administratoren austauschte. In der Klageschrift steht, man habe diese Kommunikation von einem Silk-Road-Server kopiert.
Einem Journalisten, der für das Magazin "Forbes" arbeitet, sagte der Silk-Road-Betreiber in einem Interview , das vor einigen Monaten erschien, er habe eine politische Botschaft: "Es geht hier nicht ums Drogenkaufen oder darum, dem Staat eins auszuwischen. Es geht darum, für unsere Rechte als Menschen einzustehen und um die Weigerung nachzugeben, wenn wir nichts Falsches getan haben."
Silk Road war dank Medienberichten die wohl bekannteste von mehreren im Tor-Netzwerk versteckten Plattformen für den Handel mit Illegalem, der Dienst war von Anfang 2011 an unter verschiedenen Adressen online. Verkäufer boten dort beispielsweise gepanzerte Fahrzeuge, MDMA in kristalliner Form und Kokain an. "Wir haben den Drogenkrieg des Staates dank Bitcoin gewonnen", sagte "Pirate Roberts" dem Magazin "Forbes".
Der Informatiker Nicolas Christin von der Carnegie Mellon University hatte 2012 sechs Monate lang alle für eingeloggte Nutzer zugänglichen Angebote auf der Plattform ausgewertet . Seinen Erkenntnissen zufolge wurden vor allem Drogen, rezeptpflichtige Medikamente und Amphetamine angeboten. Christin schätzte den Umsatz der Händler auf Silk Road auf 1,9 Millionen Dollar, die Einnahmen der Betreiber aus Gebühren für den Treuhand-Service auf 143.000 Dollar monatlich.
</ExtractedText>
</item>
</channel>
</rss>
