<?xml version="1.0" encoding="UTF-8" standalone="no"?>
<rss xmlns:atom="http://www.w3.org/2005/Atom" version="2.0">
<channel>
<title>Beruf &amp; Chance - FAZ.NET</title>
<link>http://www.faz.net/aktuell/beruf-chance/</link>
<description>Informationen für Arbeitgeber und Arbeitnehmer. Themen wie Beruf, Job,  Karriere und Altersvorsorge. Tipps zu Bewerbung und Weiterbildung.</description>
<copyright>Copyright 2001-2013 Frankfurter Allgemeine Zeitung GmbH. Alle Rechte vorbehalten.</copyright>
<category>Beruf &amp; Chance - FAZ.NET</category>
<language>de-de</language>
<docs>http://www.faz.net/hilfe/services-newsletter-widgets-rss-feeds-mehr/</docs>
<generator>FAZ.NET</generator>
<ttl>5</ttl>
<lastBuildDate>Wed, 16 Oct 2013 06:09:01 +0200</lastBuildDate>
<atom:link href="http://www.faz.net/rss/aktuell/beruf-chance/" rel="self" type="application/rss+xml"/>
<image>
        <title>Beruf &amp; Chance - FAZ.NET</title>
        <url>http://www.faz.net/img/fazlogo_ressort.gif</url>
        <link>http://www.faz.net/aktuell/beruf-chance/</link>
    </image>
<item>
    <title>Ich über mich: Boris Palmer</title>
    <description>&lt;img width="190" height="107" border="0" title="Boris Palmer" alt="Boris Palmer" src="http://media0.faz.net/polopoly_fs/1.2615262!/image/129940604.jpg_gen/derivatives/article_teaser/129940604.jpg"/&gt;&lt;p&gt;Tübingens grüner Oberbürgermeister Boris Palmer gilt als Hoffnungsträger seiner Partei: Waldorfschule, Abi mit 1,0, Mathe- und Geschichtsstudium - so startete er seine Karriere. 2006 erreichte er in Tübingen schon im ersten Wahlgang die absolute Mehrheit. Und sonst, Herr Palmer?&lt;/p&gt;</description>
    <link>http://www.faz.net/aktuell/beruf-chance/ich-ueber-mich/ich-ueber-mich-boris-palmer-und-sonst-herr-palmer-12615198.html</link>
    <pubDate>Sun, 13 Oct 2013 14:47:00 +0200</pubDate>
    <guid isPermaLink="true">http://www.faz.net/-hpa-7idy6</guid>
<ExtractedText>Ich über mich
Ich über mich: Boris Palmer Und sonst, Herr Palmer?
13.10.2013 ·  Tübingens grüner Oberbürgermeister Boris Palmer gilt als Hoffnungsträger seiner Partei: Waldorfschule, Abi mit 1,0, Mathe- und Geschichtsstudium - so startete er seine Karriere. 2006 erreichte er in Tübingen schon im ersten Wahlgang die absolute Mehrheit. Und sonst, Herr Palmer?
  1/15  
© dpa
Und sonst, Herr Palmer?
Tübingens grüner Oberbürgermeister Boris Palmer gilt als Hoffnungsträger seiner Partei: Waldorfschule, Abi mit 1,0, Mathe- und Geschichtsstudium - so startete er seine Karriere. 2006 erreichte er in Tübingen schon im ersten Wahlgang die absolute Mehrheit. Und sonst, Herr Palmer?
  1/15  
© dpa
Und sonst, Herr Palmer?
Tübingens grüner Oberbürgermeister Boris Palmer gilt als Hoffnungsträger seiner Partei: Waldorfschule, Abi mit 1,0, Mathe- und Geschichtsstudium - so startete er seine Karriere. 2006 erreichte er in Tübingen schon im ersten Wahlgang die absolute Mehrheit. Und sonst, Herr Palmer?
</ExtractedText>
</item>
</channel>
</rss>
