<?xml version="1.0" encoding="UTF-8" standalone="no"?>
<rss xmlns:atom="http://www.w3.org/2005/Atom" xmlns:dc="http://purl.org/dc/elements/1.1/" version="2.0">
  <channel>
<title>
      ZEIT ONLINE: Wirtschaft</title>
<description>Aktuelle Nachrichten, Kommentare, Analysen und Hintergründe zu den Themen Wirtschaftspolitik, Finanzen, Unternehmen, Branchen, Börsen und Märkten</description>
<pubDate>Sat, 05 Oct 2013 09:33:16 GMT</pubDate>
<lastBuildDate>Sat, 5 Oct 2013 18:46:14 +0200</lastBuildDate>
<language>de-de</language>
<link>http://www.zeit.de/wirtschaft/index</link>
<atom:link href="http://newsfeed.zeit.de/wirtschaft/index" rel="self" type="application/rss+xml"/>
<copyright>Copyright (c) 2013, ZEIT ONLINE GmbH</copyright>
<docs>http://www.zeit.de/hilfe/rss</docs>
<generator>mod_xslt LePenguin</generator>
<managingEditor>wolfgang.blau@zeit.de (Wolfgang Blau)</managingEditor>
<webMaster>webmaster@zeit.de (Internettechnik ZEIT ONLINE)</webMaster>
<image>
      <url>http://images.zeit.de/bilder/elemente_01_06/logos/homepage_top.gif</url>
      <title>
      ZEIT ONLINE: Wirtschaft</title>
      <link>http://www.zeit.de/wirtschaft/index</link>
    </image>
<item>
      <link>http://www.zeit.de/wirtschaft/2013-09/fs-austern-zucht-kalifornien</link>
      <guid>http://www.zeit.de/wirtschaft/2013-09/fs-austern-zucht-kalifornien</guid>
      <category>Wirtschaft</category>
      <title>Kalifornien: Streit in der Austernbucht</title>
      <description>&lt;a href="http://www.zeit.de/wirtschaft/2013-09/fs-austern-zucht-kalifornien"&gt;&lt;img style="float:left; margin-right:5px" src="http://images.zeit.de/wirtschaft/2013-09/fs-austern-zucht-kalifornien-teaser/fs-austern-zucht-kalifornien-teaser-148x84.jpg"/&gt;&lt;/a&gt; Seit Jahren züchtet Kevin Lunny in einer kleinen Pazifikbucht Austern. Doch jetzt ist sein Betrieb gefährdet. Wir zeigen Bilder aus dem Alltag der Delikatessenzucht. </description>
      <dc:creator>ZEIT ONLINE : Wirtschaft</dc:creator>
      <pubDate>Fri, 04 Oct 2013 12:23:42 GMT</pubDate>
    <ExtractedText>1 von 14 Zurück Vorwärts
Kalifornien:
Streit in der Austernbucht
 |           © Justin Sullivan/Getty Images
Seit Jahren züchtet Kevin Lunny in der Drakes Bay nordwestlich  von San Francisco Austern. Mehr als 300.000 Austern erntet sein Unternehmen im Jahr. Doch jetzt droht das Aus: Um im Naturschutzgebiet zu fischen, benötigt der Fischereibetrieb eine Erlaubnis. Die Behörden wollen dies untersagen, weil die Austernzucht das natürliche Vorkommen an Seegras zerstöre. Lunny hält dagegen: Die Austern verbesserten die Wasserqualität, das sei gut für das Seegras. Wir zeigen Bilder aus seinem Alltag.
Die neuesten Fotostrecken:
</ExtractedText>
</item>
</channel>
</rss>
