<?xml version="1.0" encoding="UTF-8" standalone="no"?>
<rss xmlns:atom="http://www.w3.org/2005/Atom" version="2.0">
<channel>
<title>Feuilleton - FAZ.NET</title>
<link>http://www.faz.net/aktuell/feuilleton/</link>
<description>F.A.Z. Feuilleton: Meldungen aus den Bereichen Kunst, Kultur und Musik. Kritiken und Rezensionen. Veranstaltungen, Kino, Oper und Theater.</description>
<copyright>Copyright 2001-2013 Frankfurter Allgemeine Zeitung GmbH. Alle Rechte vorbehalten.</copyright>
<category>Feuilleton - FAZ.NET</category>
<language>de-de</language>
<docs>http://www.faz.net/hilfe/services-newsletter-widgets-rss-feeds-mehr/</docs>
<generator>FAZ.NET</generator>
<ttl>5</ttl>
<lastBuildDate>Mon, 7 Oct 2013 19:03:37 +0200</lastBuildDate>
<atom:link href="http://www.faz.net/rss/aktuell/feuilleton/" rel="self" type="application/rss+xml"/>
<image>
        <title>Feuilleton - FAZ.NET</title>
        <url>http://www.faz.net/img/fazlogo_ressort.gif</url>
        <link>http://www.faz.net/aktuell/feuilleton/</link>
    </image>
<item>
    <title>Shortlist-Kandidaten in der Kritik: Wer bekommt den Deutschen Buchpreis 2013?</title>
    <description>&lt;img width="190" height="107" border="0" title="Combo / Cover Buchpreis 2013" alt="Combo / Cover Buchpreis 2013" src="http://media1.faz.net/polopoly_fs/1.2607073!/image/1670488607.jpg_gen/derivatives/article_teaser/1670488607.jpg"/&gt;&lt;p&gt;Romane von Mirko Bonné, Reinhard Jirgl, Clemes Meyer, Terézia Mora, Marion Poschmann und Monika Zeiner stehen auf der Shortlist. An diesem Montag Abend wird der Deutsche Buchpreis verliehen. Wir stellen die sechs Bücher der engsten Wahl vor.&lt;/p&gt;</description>
    <link>http://www.faz.net/aktuell/feuilleton/buecher/rezensionen/shortlist-kandidaten-in-der-kritik-wer-bekommt-den-deutschen-buchpreis-2013-12606981.html</link>
    <pubDate>Mon, 07 Oct 2013 11:51:00 +0200</pubDate>
    <guid isPermaLink="true">http://www.faz.net/-gr3-7i7lx</guid>
<ExtractedText>Rezensionen
Shortlist-Kandidaten in der Kritik Wer bekommt den Deutschen Buchpreis 2013?
07.10.2013 ·  Romane von Mirko Bonné, Reinhard Jirgl, Clemes Meyer, Terézia Mora, Marion Poschmann und Monika Zeiner stehen auf der Shortlist. An diesem Montag Abend wird der Deutsche Buchpreis verliehen. Wir stellen die sechs Bücher der engsten Wahl vor.
  1/7  
© F.A.Z.
Sechs Bücher und ein Preis
Mirko Bonnés Roman „Nie mehr Nacht“, die im Frankreich des Jahres 1944 angesiedelte Geschichte um eine Geschwisterliebe: die im 23. Jahrhundert spielende Zukunftsvision „Nichts von euch auf Erden“ des Büchner-Preisträgers Reinhard Jirgl; Clemens Meyers gewaltiger Epos über das Rotlichtmilieu „Im Stein“; Terézia Moras Roman „Das Ungeheuer“, ihre vertiefende Fortsetzung der Geschichte von Darius Kopp, einem Jedermann unserer Zeit; Marion Poschmanns „Die Sonnenposition“, ein komplexes literarisches Spiel über die deutsche Vergangenheit; und Monika Zeiners „Die Ordnung der Sterne über Como“, das Porträt einer Männerfreundschaft, die durch die Liebe zu einer Frau in Frage gestellt wird, konkurrieren um den Deutschen Buchpreis. Die sechs Bücher in Kritiken der F.A.Z.
  1/7  
© F.A.Z.
Sechs Bücher und ein Preis
Mirko Bonnés Roman „Nie mehr Nacht“, die im Frankreich des Jahres 1944 angesiedelte Geschichte um eine Geschwisterliebe: die im 23. Jahrhundert spielende Zukunftsvision „Nichts von euch auf Erden“ des Büchner-Preisträgers Reinhard Jirgl; Clemens Meyers gewaltiger Epos über das Rotlichtmilieu „Im Stein“; Terézia Moras Roman „Das Ungeheuer“, ihre vertiefende Fortsetzung der Geschichte von Darius Kopp, einem Jedermann unserer Zeit; Marion Poschmanns „Die Sonnenposition“, ein komplexes literarisches Spiel über die deutsche Vergangenheit; und Monika Zeiners „Die Ordnung der Sterne über Como“, das Porträt einer Männerfreundschaft, die durch die Liebe zu einer Frau in Frage gestellt wird, konkurrieren um den Deutschen Buchpreis. Die sechs Bücher in Kritiken der F.A.Z.
Weitere Artikel
</ExtractedText>
</item>
</channel>
</rss>
