<?xml version="1.0" encoding="UTF-8" standalone="no"?>
<rss xmlns:atom="http://www.w3.org/2005/Atom" xmlns:dc="http://purl.org/dc/elements/1.1/" version="2.0">
  <channel>
<title>
      ZEIT ONLINE: Lebensart</title>
<description>Die Lust am Leben: Aktuelle Berichte, Ratgeber und Kolumnen rund um die Themen Mode, Essen, Trinken und Partnerschaft.</description>
<pubDate>Tue, 15 Oct 2013 11:01:52 GMT</pubDate>
<lastBuildDate>Wed, 16 Oct 2013 09:03:11 +0200</lastBuildDate>
<language>de-de</language>
<link>http://www.zeit.de/lebensart/index</link>
<atom:link href="http://newsfeed.zeit.de/lebensart/index" rel="self" type="application/rss+xml"/>
<copyright>Copyright (c) 2013, ZEIT ONLINE GmbH</copyright>
<docs>http://www.zeit.de/hilfe/rss</docs>
<generator>mod_xslt LePenguin</generator>
<managingEditor>wolfgang.blau@zeit.de (Wolfgang Blau)</managingEditor>
<webMaster>webmaster@zeit.de (Internettechnik ZEIT ONLINE)</webMaster>
<image>
      <url>http://images.zeit.de/bilder/elemente_01_06/logos/homepage_top.gif</url>
      <title>
      ZEIT ONLINE: Lebensart</title>
      <link>http://www.zeit.de/lebensart/index</link>
    </image>
<item>
      <link>http://www.zeit.de/lebensart/mode/2013-10/fashion-hero-claudia-schiffer</link>
      <guid>http://www.zeit.de/lebensart/mode/2013-10/fashion-hero-claudia-schiffer</guid>
      <category>Lebensart</category>
      <title>Castingshow "Fashion Hero": Schneidern und schnattern mit Claudia Schiffer </title>
      <description>&lt;a href="http://www.zeit.de/lebensart/mode/2013-10/fashion-hero-claudia-schiffer"&gt;&lt;img style="float:left; margin-right:5px" src="http://images.zeit.de/lebensart/mode/2013-10/schiffer-fashion-hero/schiffer-fashion-hero-148x84.jpg"/&gt;&lt;/a&gt; Nicht Models, sondern Designer sucht Claudia Schiffer in ihrer neuen Sendung. Tatsächlich ist "Fashion Hero" nicht mehr als eine Verkaufssendung, getarnt als Castingshow.</description>
      <dc:creator>ZEIT ONLINE : Lebensart - Sonja Álvarez</dc:creator>
      <pubDate>Mon, 07 Oct 2013 22:00:00 GMT</pubDate>
    <ExtractedText>Castingshow "Fashion Hero": Schneidern und schnattern mit Claudia Schiffer
Castingshow "Fashion Hero": Schneidern und schnattern mit Claudia Schiffer
Nicht Models, sondern Designer sucht Claudia Schiffer in ihrer neuen Sendung. Tatsächlich ist "Fashion Hero" nicht mehr als eine Verkaufssendung, getarnt als Castingshow. von Sonja Álvarez
8. Oktober 2013  17:48 Uhr  14 Kommentare
Stehen Frau Schiffer als "Mentoren" zur Seite: Uta Huesch (li.), Coach für Markenkommunikation und der Stylist Sascha Lilic  |  © ProSieben/Richard Hübner
Im Gegensatz zu Claudia Schiffer war Heidi Klum nie das Topmodel, das für namhafte Designer in Paris über die Laufstege schwebte. Trotzdem ist es Klum gelungen, sich seit ihrem Durchbruch als Bikini-Model auf dem Cover des Magazins Sport's Illustrated zur millionenschweren Weltmarke zu entwickeln. Vor allem in den USA wird sie dafür geliebt , wie sie ihr Made in Germany zelebriert: Sie schwärmt von Sauerkrautsuppe, jodelt in Talkshows und ja, sie heißt tatsächlich Heidi. Die 40-Jährige ist ein Marketingenie, das nicht nur für Mode- und Kosmetik wirbt, sondern auch Erfolg als Fernsehmoderatorin hat. Und darin will ihr Claudia Schiffer, 43, jetzt nacheifern.
"Fashion Hero" perfektioniert das Product Placement
Fashion Hero heißt die Show, in der Schiffer mittwochs auf ProSieben zu sehen ist – ein Abklatsch von Heidi Klums US-Sendung Project Runway. Statt Models werden Designer gecastet. Jede Woche müssen die Kandidaten Entwürfe anfertigen und sie in einer Modenschau vor drei professionellen Einkäufern von Modehäusern präsentieren. Die besten Stücke kommen noch in der Nacht nach der Ausstrahlung in den Handel – sicher, Product Placement ist nichts Neues im Fernsehen, aber bei Fashion Hero wird das Konzept perfektioniert: Eine Verkaufssendung, getarnt als Castingshow.
Anzeige
Die Einkäufer arbeiten für einen britischen Onlineversand, eine große deutsche Kaufhauskette und einen deutschen Modehersteller. "Die Einkäufer beurteilen die Qualität und Tragbarkeit der Designs und geben im besten Fall ein Angebot ab", erläutert ein Sendersprecher. "Bei mehreren Interessenten gibt es einen Bieterwettstreit – das höchste Gebot bekommt den Zuschlag." Der Fashion Hero gewinnt am Ende eine eigene Mode-Kollektion in allen drei Modehäusern im Wert von 1,5 Millionen Euro. Zu den Anwärtern gehört beispielsweise Marcel Ostertag , der bei der Berliner Fashion Week bereits 2008 mit dem "New Generation Award" ausgezeichnet worden und sicher kein unbedarftes Talent ist. Das wäre auch eher problematisch, denn während die Teilnehmerinnen bei Germany’s Next Topmodel (GNTM) gerne noch über den Laufsteg stolpern dürfen, müssen die Designer bei Fashion Hero ihr Handwerk so gut beherrschen, dass ihre Teile für die Massenproduktion taugen.
Warum aber macht Schiffer nun auf Klum, wo sie sich nach ihrem Karriereende als Topmodel eher zurückgezogen hat ? "Ich hatte so viel Glück in meiner Karriere", teilt Schiffer über ProSieben mit. "Jetzt möchte ich einfach den jungen Designern, die wahnsinnig viel Talent haben, helfen und sie unterstützen." Schiffer ist Chefin der Auswahljury und wird unterstützt von Stylist Sascha Lilic und PR-Expertin Uta Huesch. Moderiert wird die Fashionshow von Steven Gätjen.
Doch um mit einer solchen Sendung erfolgreich zu sein, reicht Erfahrung in der Modebranche nicht allein. Das haben 2012 die Models Eva Padberg und Karolina Kurkova gezeigt, die mit einer Kopie von Heidi Klums Germany's Next Topmodel auf Vox scheiterten. Nun muss Claudia Schiffer beweisen, dass sie nicht nur die unterkühlt wirkende Schönheit geben, sondern auch eine Entertainerin sein kann – ihre Konkurrenz muss Heidi Klum dennoch kaum fürchten. Im kommenden Jahr wird sie mit ihrer ProSieben-Show Germany’s Next Topmodel trotz zuletzt sinkender Einschaltquoten in die neunte Staffel gehen. Und für ihr Project Runway hat sie gerade erst den Emmy gewonnen , der als wichtigster US-amerikanischer TV-Preis gilt. Den Verlierer in der US-Castingshow verabschiedet Heidi Klum am Ende übrigens immer auf Deutsch – mit "Auf Wiedersehen". Und das hört sich dann fast so gut an wie ihr Jodeln.
</ExtractedText>
</item>
</channel>
</rss>
