<?xml version="1.0" encoding="UTF-8" standalone="no"?>
<rss xmlns:atom="http://www.w3.org/2005/Atom" version="2.0">
<channel>
<title>Wirtschaft - FAZ.NET</title>
<link>http://www.faz.net/aktuell/wirtschaft/</link>
<description>Nachrichten der Wirtschaft über Börse und Finanzen. News von Industrie und Unternehmen. Informationen zur Konjunktur und Wirtschaftskrise.</description>
<copyright>Copyright 2001-2013 Frankfurter Allgemeine Zeitung GmbH. Alle Rechte vorbehalten.</copyright>
<category>Wirtschaft - FAZ.NET</category>
<language>de-de</language>
<docs>http://www.faz.net/hilfe/services-newsletter-widgets-rss-feeds-mehr/</docs>
<generator>FAZ.NET</generator>
<ttl>5</ttl>
<lastBuildDate>Sat, 5 Oct 2013 18:36:19 +0200</lastBuildDate>
<atom:link href="http://www.faz.net/rss/aktuell/wirtschaft/" rel="self" type="application/rss+xml"/>
<image>
        <title>Wirtschaft - FAZ.NET</title>
        <url>http://www.faz.net/img/fazlogo_ressort.gif</url>
        <link>http://www.faz.net/aktuell/wirtschaft/</link>
    </image>
<item>
    <title>Frühkritik „Hart aber fair“: Sie haben „entartet“ gesagt</title>
    <description>&lt;img width="190" height="107" border="0" title="Bernd Lucke" alt="Bernd Lucke" src="http://media1.faz.net/polopoly_fs/1.2599079!/image/3356865472.jpg_gen/derivatives/article_teaser/3356865472.jpg"/&gt;&lt;p&gt;Frank Plasberg hat in seiner Runde zuerst über Steuern, Eurorettung und gebrochene Wahlversprechen diskutiert. Dann machte er den AfD-Gründer Bernd Lucke wütend, als er ihm vorhielt, Nazi-Jargon zu verwenden.&lt;/p&gt;</description>
    <link>http://www.faz.net/aktuell/feuilleton/medien/faz-net-fruehkritik/fruehkritik-hart-aber-fair-sie-haben-entartet-gesagt-12598287.html</link>
    <pubDate>Tue, 01 Oct 2013 07:36:00 +0200</pubDate>
    <guid isPermaLink="true">http://www.faz.net/-hon-7i0wf</guid>
<ExtractedText>© dpa
Bernd Lucke
Steuern, Schulden, Eurorettung - werden wir jetzt abkassiert? So hatte Frank Plasberg seine Sendung betitelt und seine Gäste waren sich schnell einig. Sie antworteten mit einem klaren: Ja.  Der SPD- Parteivorstand Ralf Stegner erklärte, warum Steuererhöhungen auch gut seien für den Bürger, und dass der Staat einfach mehr Geld für seine Aufgaben brauche. Die Linke Sahra Wagenknecht fand das sowieso, außerdem müsse man das Geld dort holen, „wo es sich stapelt“. Nur der ehemalige Umweltminister Norbert Röttgen (CDU) war sich sicher, dass es keine Steuererhöhung geben werde – oder er tat zumindest so.
Weil das inzwischen ein bisschen unglaubwürdig wirkt und Frank Plasberg die Situation offensichtlich schon kommen gesehen hatte, hatte er einen Einspieler vorbereitet, der Norbert Röttgen in Schutz nahm. Das Filmchen präsentierte Röttgen als jemanden, der Wort hält. Es zeigte ihn im Wahlkampf 2005, als er höhere Mehrwertsteuern ankündigte. Weil das der CDU damals fast den sicher geglaubten Wahlsieg kostete, wollte Plasberg von Röttgen wissen, ob er damals gelernt habe, dass sich das Aussprechen der Wahrheit im Wahlkampf nicht lohne, was diesem sichtlich gefiel:  Der Wahrheit zuliebe müsse man Stimmenverluste in Kauf nehmen, antwortete der Gelobte heroisch. Als ihm Plasberg später die Kosten der CDU-Wahlversprechen (Mütterrente, Kinderfreibetrag, Kindergeld, Lebensleistungsrente, Straßenbau etc.) vorrechnete, wurde er deutlich leiser. „Wenn Sie sagen, wir brauchen nicht mehr Geld, werden Sie keinen Koalitionspartner finden“, watschte SPD-Mann Stegner den früheren Umweltminister kurzerhand ab.
Eingeladen war auch AfD-Gründer Bernd Lucke. Er durfte kommen, obwohl seine Partei den Einzug in den Bundestag verpasst hat. Dass der Politik-Neuling mittlerweile schon einige Talk-Runden hinter sich hat, merkte man ihm zunächst an. Routiniert erläuterte er, dass seine AfD nicht „das Erbe der FDP“ antreten wolle, weil die FDP am Ende nur noch ein Schrumpfprogramm gehabt habe. Und dass man Europa politisch nicht auf einer wackeligen ökonomischen Grundlage aufbauen könne.
Kann man jemanden so einfach als verkappten Nazi darstellen?
Dann versuchte sich die Plasberg-Redaktion an einer Sprachanalyse. Das Ganze dauerte nicht lange, aber es prägte doch den Eindruck der ganzen Sendung. Der Moderator zeigte in einem Einspieler, wie Bernd Lucke am Wahlabend in einer Rede das Wort „entartet“ verwendet hat. Sprache verrate etwas darüber, wo man herkomme, sagte Plasberg und machte Lucke damit ganz unverhohlen den Vorwurf, ein verkappter Nazi zu sein, der den Nazi-Jargon quasi mit der Muttermilch aufgesogen habe. Lucke hatte sich schon in einer anderen Talkshow gegen diesen Vorwurf wehren müssen. Dort hatte er gesagt, das Wort „entartet“ sei in einer spontanen Rede gefallen, was er nun bei Plasberg wiederholte. Auf diesen Moment hatte der Moderator offensichtlich gewartet, um in einem weiteren Einspieler zu zeigen, dass Lucke das Wort auch schon zuvor mehrmals verwendet hatte.
Bernd Lucke machte das sichtbar wütend. Man sah ihm an, dass er sich ungerecht behandelt fühlte. Ja, er habe das Wort offenbar schon öfter verwendet, aber andere Politiker täten das auch, zum Beispiel Altkanzler Helmut Schmidt oder Finanzminister Wolfgang Schäuble. Zudem würden auch Mediziner und Informatiker den Begriff verwenden, ohne dass ihnen jemand Nähe zum Nationalsozialismus unterstellen würde.
Auch auf diese Antwort hatte Plasberg offenbar gewartet. Seine Redaktion habe einen Mediziner gefragt, der zwar bestätigte, dass Krebsforscher das Wort auch verwenden, aber nur bei „entarteten Zellen“, und eigentlich verbiete auch das der historische Kontext. Lucke wehrte sich weiter und sagte, er habe das Wort nicht in einem autoritären Sinne verwendet. Er habe – als er von „entarteter Politik“ sprach - lediglich darauf aufmerksam machen wollen, dass die Bundesregierung in der Eurokrise den Bundestag oft genötigt habe, über komplizierte Fragen viel zu schnell zu entscheiden. Dabei hätten die Parlamentarier länger darüber nachdenken sollen. Aber so genau wollte das plötzlich gar niemand mehr wissen.
Weitere Artikel
</ExtractedText>
</item>
</channel>
</rss>
