<?xml version="1.0" encoding="UTF-8" standalone="no"?>
<rss xmlns:atom="http://www.w3.org/2005/Atom" xmlns:dc="http://purl.org/dc/elements/1.1/" version="2.0">
  <channel>
<title>
      ZEIT ONLINE: Mehr Kultur</title>
<description>Aktuelle Kultur-Nachrichten, Informationen und Interviews rund um die Themen Kultur, Feuilleton, Literatur, Kunst, Film und Musik. Dazu Reportagen und Kritiken.</description>
<pubDate>Wed, 16 Oct 2013 06:44:13 GMT</pubDate>
<lastBuildDate>Wed, 16 Oct 2013 09:07:39 +0200</lastBuildDate>
<language>de-de</language>
<link>http://www.zeit.de/kultur/index</link>
<atom:link href="http://newsfeed.zeit.de/kultur/index" rel="self" type="application/rss+xml"/>
<copyright>Copyright (c) 2013, ZEIT ONLINE GmbH</copyright>
<docs>http://www.zeit.de/hilfe/rss</docs>
<generator>mod_xslt LePenguin</generator>
<managingEditor>wolfgang.blau@zeit.de (Wolfgang Blau)</managingEditor>
<webMaster>webmaster@zeit.de (Internettechnik ZEIT ONLINE)</webMaster>
<image>
      <url>http://images.zeit.de/bilder/elemente_01_06/logos/homepage_top.gif</url>
      <title>
      ZEIT ONLINE: Mehr Kultur</title>
      <link>http://www.zeit.de/kultur/index</link>
    </image>
<item>
      <link>http://www.zeit.de/kultur/musik/2013-10/50-jahre-berliner-philharmonie</link>
      <guid>http://www.zeit.de/kultur/musik/2013-10/50-jahre-berliner-philharmonie</guid>
      <category>Kultur</category>
      <title>50 Jahre Berliner Philharmonie: Mehr Demokratie hören</title>
      <description>&lt;a href="http://www.zeit.de/kultur/musik/2013-10/50-jahre-berliner-philharmonie"&gt;&lt;img style="float:left; margin-right:5px" src="http://images.zeit.de/kultur/musik/2013-10/berliner-philharmonie/berliner-philharmonie-148x84.jpg"/&gt;&lt;/a&gt; Vor 50 Jahren wurde die Berliner Philharmonie eingeweiht. Der visionäre Konzertsaal war anfangs höchst umstritten – und ein hochpolitisches Projekt.</description>
      <dc:creator>ZEIT ONLINE : Kultur - Frederik Hanssen</dc:creator>
      <pubDate>Tue, 15 Oct 2013 10:30:32 GMT</pubDate>
    <ExtractedText>50 Jahre Berliner Philharmonie: Mehr Demokratie hören
50 Jahre Berliner Philharmonie: Mehr Demokratie hören
Vor 50 Jahren wurde die Berliner Philharmonie eingeweiht. Der visionäre Konzertsaal war anfangs höchst umstritten – und ein hochpolitisches Projekt. von Frederik Hanssen
15. Oktober 2013  12:29 Uhr  3 Kommentare
Die Berliner Philharmonie  |  CC BY 2.0 Andreas Levers/Flickr
Werner Oelmann war dagegen. "Die Philharmonie", schrieb der Tagesspiegel-Musikredakteur 1957, "soll nicht nur der Konzertsaal der Zukunft, sondern auch der Vergangenheit sein." Irrwitzig erschien ihm die Idee des Architekten Hans Scharoun , das Orchester in die Mitte der Halle zu platzieren! Die Symphonik des 19. Jahrhunderts, befand der Fachmann, sei nur dann richtig zu genießen, wenn sich Musiker und Publikum gegenübersäßen, wenn "ein aktiver, auf den Hörer zielender Impuls" von der Bühne ausstrahle.
Sitzreihen, die sich wie Weinbergterrassen um einem Talkessel erheben? Absoluter Humbug! Die Kreisform, schäumte Oelmann, "mag für primitive Verhältnisse, für die Musikveranstaltungen von Naturvölkern und die Promenadenkonzerte der Militär- und Kurkapellen gelten" – auf den Edelklangkörper des Philharmonischen Orchesters angewandt aber berge Scharouns "verschwommener, romantisierender Formbegriff" die Gefahr, "dass zugunsten einer architektonischen Sensation die rechte, sinngemäße Vermittlung der großen Musik verfälscht wird".
Anzeige
Hier irrte der Kritiker. Heute gilt die Berliner Philharmonie als einer der gelungensten Konzertsäle der Welt, als Architekturikone des 20. Jahrhunderts, ja als Prototyp für das demokratische Bauen schlechthin. Mit diesem Gebäude wirkte Scharoun stilbildend. In der Kölner Philharmonie oder dem Leipziger Gewandhaus, in der Tokioter Suntory Hall, dem Musikkitalo Helsinki oder der Disney Hall in Los Angeles wurde die Form aufgegriffen. Und auch in der Elbphilharmonie werden die Zuschauer rund ums Orchester sitzen, sollte das Hamburger Prestigeprojekt je fertig werden.
Der auf den Tag genau vor 50 Jahren eröffnete Stammsitz der Berliner Philharmoniker ist eine Kathedrale der Kunst – und zugleich ein menschenfreundliches Gebäude. Ausdruck der humanistischen Grundhaltung, die alle Arbeiten Scharouns prägt. Während etwa der Rundbau der Royal Albert Hall in London die Trennung des Publikums nach Preisgruppen zementiert, indem dort Besitzer günstiger Tickets andere Eingänge und Foyers benutzen müssen als die der hochpreisigen, können die Besucher in der Philharmonie frei im Saal zirkulieren. Ungehindert lassen sich die 13 Meter Höhenunterschied überwinden, vom bühnennahen Block A bis zu den Sonderplätzen in Block G ganz oben unterm Dach. Und andersherum.
Die Stein gewordene geistige Grundhaltung der neuen Bundesrepublik
Ebenso radikal gedacht ist die Platzierung der Ausführenden in der Mitte des Gemeinschaftsraumes. Sie macht den Hörer vom passiven Konsumenten zum genuin notwendigen Teil des Geschehens. Es gibt nicht mehr die da oben auf der Bühne und uns da unten im Zuschauerraum, sondern nur noch ein gemeinsames Wir. Das meinte Scharoun, wenn er die gewünschte Hörhaltung mit den Worten beschrieb: "Wir meinen nicht Müßiggang, sondern freie Muße, schöpferische Muße". So etwas hatte es noch nie gegeben, selbst in den experimentierfreudigen 20er Jahren nicht.
Wie neuartig dieser Ansatz auf die Zeitgenossen Scharouns wirkte, wie herausfordernd und politisch brisant, lässt sich rückblickend kaum ermessen. "Das abgeschnittene Entgegensein von Orchester und Publikum ist aufgegeben, um einer freien und offenen Gesellschaft im Vorbild der musikalischen Gemeinde zur raumgeformten Wirklichkeit zu verhelfen", erklärte Berlins Kultursenator Adolf Arndt am 15. Oktober 1963 in seiner pathossatten Eröffnungsrede. "Hier ist Demokratie als Bauherr am Werk gewesen. Ohne den Ernst des Entschlusses, dass unser Volk gewillt ist, sich eine neue Ordnung zu geben, wäre dieses Bauwerk so nicht erdacht und vollendet worden."
Nichts weniger als die Stein gewordene geistige Grundhaltung der neuen Bundesrepublik sollte diese Philharmonie sein. Und mit Blick auf die zwei Jahre zuvor direkt hinter dem Gebäude errichtete Mauer fährt Adolf Arndt fort: "Dem Übermaß jener Düsternis, die uns mit ihrer Wüste bedroht, setzt Hans Scharoun und mit ihm das freie Berlin auf dem äußersten Punkt, der jetzt gewagt werden kann, in der Philharmonie das Bekenntnis zum Musischen entgegen, die reinster Klang aus Mitmenschlichkeit ist und darum Glaube an die Kraft der Freiheit."
Übersicht zu diesem Artikel
</ExtractedText>
</item>
</channel>
</rss>
