<?xml version="1.0" encoding="UTF-8" standalone="no"?>
<rss xmlns:atom="http://www.w3.org/2005/Atom" version="2.0">
<channel>
<title>Finanzen - FAZ.NET</title>
<link>http://www.faz.net/aktuell/finanzen/</link>
<description>Finanzen, Börse, Aktien:  Aktuelle Nachrichten über Märkte und deren Entwicklung. News über Fonds, Anleihen und Zinsen aus der Finanzwelt.</description>
<copyright>Copyright 2001-2013 Frankfurter Allgemeine Zeitung GmbH. Alle Rechte vorbehalten.</copyright>
<category>Finanzen - FAZ.NET</category>
<language>de-de</language>
<docs>http://www.faz.net/hilfe/services-newsletter-widgets-rss-feeds-mehr/</docs>
<generator>FAZ.NET</generator>
<ttl>5</ttl>
<lastBuildDate>Wed, 16 Oct 2013 08:52:05 +0200</lastBuildDate>
<atom:link href="http://www.faz.net/rss/aktuell/finanzen/" rel="self" type="application/rss+xml"/>
<image>
        <title>Finanzen - FAZ.NET</title>
        <url>http://www.faz.net/img/fazlogo_ressort.gif</url>
        <link>http://www.faz.net/aktuell/finanzen/</link>
    </image>
<item>
    <title>Schufa &amp; Co.: Bonitätsauskünfte für Privatkunden</title>
    <description>&lt;img width="190" height="107" border="0" title="Die Schufa im Internet: Bonitätsauskünfte bald für jedermann?" alt="Die Schufa im Internet: Bonitätsauskünfte bald für jedermann?" src="http://media0.faz.net/polopoly_fs/1.2617934!/image/2184319192.jpg_gen/derivatives/article_teaser/2184319192.jpg"/&gt;&lt;p&gt;Bislang standen Daten zur Kreditwürdigkeit nur Gewerbetreibenden zur Verfügung. Jetzt entdecken Auskunfteien eine neue Kundengruppe.&lt;/p&gt;</description>
    <link>http://www.faz.net/aktuell/finanzen/meine-finanzen/schufa-co-bonitaetsauskuenfte-fuer-privatkunden-12617787.html</link>
    <pubDate>Mon, 14 Oct 2013 17:51:00 +0200</pubDate>
    <guid isPermaLink="true">http://www.faz.net/-hbv-7ify3</guid>
<ExtractedText>Die Schufa im Internet: Bonitätsauskünfte bald für jedermann?
© dapd
Die Schufa im Internet: Bonitätsauskünfte bald für jedermann?
Der Handel mit privaten Daten ist ein sensibles Geschäft. Missbrauch ist leicht möglich; kommen Informationen in falsche Hände, kann das schädigend fürs Geschäft sein. Gleichzeitig aber verstehen sich Wirtschaftsauskunfteien als Schmierstoff der Wirtschaft. Ihre Informationen können Vertrauen schaffen, um Geschäfte überhaupt anzubahnen. Denn wer kreditwürdig ist, wird wahrscheinlich auch morgen noch liquide genug sein, seine Rechnungen zu begleichen.
An solchen Informationen sind zunehmend auch Privatpersonen interessiert. Wissen sie, dass etwa ein Bauträger eine gute Bonität hat, schlafen sie womöglich besser, wenn sie ihn für ein privates Bauvorhaben engagiert haben. In diesem Sommer wurde zum Beispiel die Internetseite monetas.de freigeschaltet, auf der Kunden Einzelauskünfte oder Datenpakete über mögliche Geschäftspartner erwerben können. Dahinter steckt die schwedische Auskunftei Bisnode, die in Deutschland bis vor kurzem unter der Marke Hoppenstedt operierte. Weil das Unternehmen mit 80 Millionen Euro Jahresumsatz in Deutschland seinen Markenauftritt straffen will, tritt es künftig unter dem Namen des Mutterunternehmens auf.
Auch die Auskunftei Schufa will sich dieses Segment erschließen. Innerhalb von drei Jahren hat sich dort die Zahl der Privatkunden auf 1,6 Millionen verdoppelt, wie der Vorstandsvorsitzende Michael Freytag dem „Handelsblatt“ sagte. Beschränkten sich die Dienstleistungen bislang darauf, für Kunden nach Einträgen auf schlecht beleumundeten Internetseiten zu suchen, will die Schufa nun ihre Datenbanken für Privatkunden öffnen. Auch an Applikationen für das Smartphone arbeitet das Unternehmen.
Kunde muss berechtigtes Interesse nachweisen
Andere Wettbewerber dagegen sind zurückhaltender. Creditreform etwa, mit 15 Millionen Anfragen über Unternehmen im Jahr führend und bei Anfragen über Privatpersonen hinter der Schufa die Nummer zwei, hält die Datenbanken für private Kunden verschlossen. Denn das Bundesdatenschutzgesetz verlangt ein berechtigtes Interesse eines Auskunftwilligen, bevor er Informationen erhält. Damit wollte der Gesetzgeber verhindern, dass jemand die finanzielle Situation seines Nachbarn durchleuchtet und diese Informationen für private Zwecke missbraucht. Einige der 130 lokalen Vereine, aus denen Creditreform besteht, machen davon aber eine Ausnahme. Für umsatzträchtig hält man das in der Zentrale in Neuss aber nicht. „Wir versprechen uns von Privatkundenanfragen kein größeres Geschäft“, sagt ein Sprecher des Unternehmens mit einem Jahresumsatz von knapp einer halben Milliarde Euro.
Weitere Artikel
</ExtractedText>
</item>
</channel>
</rss>
