<?xml version="1.0" encoding="UTF-8" standalone="no"?>
<rss xmlns:atom="http://www.w3.org/2005/Atom" xmlns:dc="http://purl.org/dc/elements/1.1/" version="2.0">
  <channel>
<title>
      ZEIT ONLINE: Meinung</title>
<description>Autoren der ZEIT und von ZEIT ONLINE kommentieren aktuelle Ereignisse aus Politik, Wirtschaft, Gesellschaft und Medien.</description>
<pubDate>Wed, 16 Oct 2013 06:33:50 GMT</pubDate>
<lastBuildDate>Wed, 16 Oct 2013 09:07:42 +0200</lastBuildDate>
<language>de-de</language>
<link>http://www.zeit.de/meinung/index</link>
<atom:link href="http://newsfeed.zeit.de/meinung/index" rel="self" type="application/rss+xml"/>
<copyright>Copyright (c) 2013, ZEIT ONLINE GmbH</copyright>
<docs>http://www.zeit.de/hilfe/rss</docs>
<generator>mod_xslt LePenguin</generator>
<managingEditor>wolfgang.blau@zeit.de (Wolfgang Blau)</managingEditor>
<webMaster>webmaster@zeit.de (Internettechnik ZEIT ONLINE)</webMaster>
<image>
      <url>http://images.zeit.de/bilder/elemente_01_06/logos/homepage_top.gif</url>
      <title>
      ZEIT ONLINE: Meinung</title>
      <link>http://www.zeit.de/meinung/index</link>
    </image>
<item>
      <link>http://www.zeit.de/politik/deutschland/2013-10/armutsfluechtlinge</link>
      <guid>http://www.zeit.de/politik/deutschland/2013-10/armutsfluechtlinge</guid>
      <category>Politik</category>
      <title>Wirtschaftsflüchtlinge: Die Angst vor den Armen</title>
      <description>&lt;a href="http://www.zeit.de/politik/deutschland/2013-10/armutsfluechtlinge"&gt;&lt;img style="float:left; margin-right:5px" src="http://images.zeit.de/politik/deutschland/2013-10/roma/roma-148x84.jpg"/&gt;&lt;/a&gt; Wirtschaftsflüchtlinge aus Afrika und Südosteuropa wecken Ressentiments. Die Politik sollte mit klugen Konzepten antworten. Denn zu stoppen ist die Migration nicht. </description>
      <dc:creator>ZEIT ONLINE : Politik - Klaus Bade</dc:creator>
      <pubDate>Mon, 14 Oct 2013 13:22:00 GMT</pubDate>
    <ExtractedText>Wirtschaftsflüchtlinge: Die Angst vor den Armen
Wirtschaftsflüchtlinge: Die Angst vor den Armen
Wirtschaftsflüchtlinge aus Afrika und Südosteuropa wecken fremdenfeindliche Ressentiments. Die Politik sollte mit klugen Konzepten antworten. Denn zu stoppen ist die Migration nicht. Ein Gastbeitrag von Klaus Bade
14. Oktober 2013  15:20 Uhr  315 Kommentare
Eine Roma-Familie in Bulgarien  |  © Stoyan Nenov/Reuters
Migrationsängste haben Konjunktur im vermeintlichen Paradies in der Mitte Europas. Neben den "Armutswanderern" aus Bulgarien und Rumänien richten sie sich nach den jüngsten Katastrophen vor Lampedusa wieder verstärkt gegen sogenannte Wirtschaftsflüchtlinge und gegen Asylbewerber vornehmlich aus Afrika, aber auch aus anderen Regionen der Welt.  
Opfer werden dabei zu Tätern abgestempelt: Menschen, die wirtschaftlicher Not, Krieg und Unterdrückung in ihren Heimatländern entfliehen wollten, verwandeln sich in den Augen vieler Deutscher und anderer Mitteleuropäer zu einer Bedrohung ihres eigenen Wohlstandes und der Sozialsysteme.
Übersehen wird, dass es für Migranten, die aus existenziellen Gründen nach Europa drängen, oft nur die Alternative Flucht oder Verelendung gibt. Und vergessen wird meist auch, dass es all das auch in der deutschen Geschichte massenhaft gab.
Anzeige
Viele der Millionen von Deutschen, die im überseeischen Massenexodus des 19. Jahrhunderts ihr Heil in der Neuen Welt suchten, würden heute in der  Schublade "Wirtschaftsflüchtlinge" landen. Sie waren oft so arm, dass sie ihre Tickets nicht bezahlen konnten. Viele verkauften deshalb ihre Arbeitskraft, vermitteltet von Kapitänen und Agenten – heute würde man sie Schlepper nennen.
Klaus J. Bade
© privat
leitete das Institut für Migrationsforschung und Interkulturelle Studien an der Universität Osnabrück und war bis 2012 Vorsitzender des Sachverständigenrates für Migration und Integration. Er veröffentlichte vor kurzem das Buch "Kritik und Gewalt", in dem er sich kritisch mit der Sarrazin-Debatte und der "Islam-Kritik" auseinandersetzt.
Ausländische Wanderarbeiter aus Polen und Russland schufteten bis ins 20. Jahrhundert auf den Landgütern im preußischen Osten. Sie wurden dringend benötigt, zugleich aber als Einwanderer gefürchtet, weshalb man sie jährlich jeweils nur für begrenzte Zeit einreisen ließ.
Eine neue millionenfache Einwanderungswelle gab es nach dem Zusammenbruch des Kommunismus und dem Ende der europäischen Teilung 1989/90. Dazu kamen Flüchtlinge vom Balkan als Folge der Kriege im ehemaligen Jugoslawien. Beides weckte neue Ängste vor einer Masseninvasion, die sich im Streit um das Asylrecht entluden. 
Urangst vor der Masseneinwanderung
Ähnlich ist es auch heute bei den oft menschenfeindlichen Aufwallungen gegen "Wirtschaftsflüchtlinge" und "Armutswanderer" aus  Afrika genauso wie aus Rumänien oder Bulgarien. Die Ankunft einer jungen Migrantenelite von gut- bis hochqualifizierten Zuwanderern aus den Krisenstaaten im Süden Europas hingegen wurde vor kurzem noch gefeiert, als Bereicherung für das aus demographischen Gründen schrumpfenden Arbeitskräfteangebot in Deutschland.  
Jetzt aber geht wieder die Urangst vor der europäischen Ost-West-Migration und der außereuropäischen Süd-Nord-Wanderung um. Zu erleben war die Ost-West-Angst schon einmal, als Polen im Zuge der Osterweiterung 2004 in die EU kam. Auch damals befürchteten viele eine Masseneinwanderung polnischer Billigarbeiter. Als die siebenjährige Sperrfrist am Arbeitsmarkt in Deutschland im Mai 2011 endete, entpuppten sich die Ängste als weit übertrieben. An ihre Stelle trat das Bild der freundlichen politischen Altenpflegerin, die jetzt auch legal kommen durfte. 
Übersicht zu diesem Artikel
</ExtractedText>
</item>
</channel>
</rss>
