<?xml version="1.0" encoding="UTF-8" standalone="no"?>
<rss xmlns:atom="http://www.w3.org/2005/Atom" xmlns:dc="http://purl.org/dc/elements/1.1/" version="2.0">
  <channel>
<title>
      ZEIT ONLINE: Alles digital</title>
<description>Nachrichten, Analysen und Reportagen zu den Themen Internet, Datenschutz, Netzkultur, Mobil und Games. Sie finden hier die Trends, Features und Entwicklungen sowie aktuelle Tests aus dem Ressort Digital.</description>
<pubDate>Fri, 04 Oct 2013 14:46:45 GMT</pubDate>
<lastBuildDate>Sat, 5 Oct 2013 18:40:17 +0200</lastBuildDate>
<language>de-de</language>
<link>http://www.zeit.de/digital/index</link>
<atom:link href="http://newsfeed.zeit.de/digital/index" rel="self" type="application/rss+xml"/>
<copyright>Copyright (c) 2013, ZEIT ONLINE GmbH</copyright>
<docs>http://www.zeit.de/hilfe/rss</docs>
<generator>mod_xslt LePenguin</generator>
<managingEditor>wolfgang.blau@zeit.de (Wolfgang Blau)</managingEditor>
<webMaster>webmaster@zeit.de (Internettechnik ZEIT ONLINE)</webMaster>
<image>
      <url>http://images.zeit.de/bilder/elemente_01_06/logos/homepage_top.gif</url>
      <title>
      ZEIT ONLINE: Alles digital</title>
      <link>http://www.zeit.de/digital/index</link>
    </image>
<item>
      <link>http://www.zeit.de/digital/internet/2013-10/tunesien-arabischer-fruehling-internet</link>
      <guid>http://www.zeit.de/digital/internet/2013-10/tunesien-arabischer-fruehling-internet</guid>
      <category>Digital</category>
      <title>Arabischer Frühling: Schluckt das Netzwerk Eurer Feinde</title>
      <description>&lt;a href="http://www.zeit.de/digital/internet/2013-10/tunesien-arabischer-fruehling-internet"&gt;&lt;img style="float:left; margin-right:5px" src="http://images.zeit.de/digital/internet/2013-10/demo-tunis/demo-tunis-148x84.jpg"/&gt;&lt;/a&gt; Aktivisten in Syrien und Ägypten kämpfen auch im Netz. Veteranen des arabischen Frühlings raten ihnen: Verwickelt den Gegner in Debatten und infiltriert seine Netze.</description>
      <dc:creator>ZEIT ONLINE : Digital - Tilman Baumgärtel</dc:creator>
      <pubDate>Tue, 01 Oct 2013 13:22:00 GMT</pubDate>
    <ExtractedText>Games
Arabischer Frühling: Schluckt das Netzwerk Eurer Feinde
Aktivisten in Syrien und Ägypten kämpfen auch im Netz. Veteranen des arabischen Frühlings raten ihnen: Verwickelt den Gegner in Debatten und infiltriert seine Netze. Von Tilman Baumgärtel
1. Oktober 2013  15:20 Uhr  8 Kommentare
Demonstration gegen die Regierung in Tunis im Mai  |  © FETHI BELAID/AFP/Getty Images
Beim Wort Netzwerk denkt man an technische Netze: an das Internet zum Beispiel, oder an soziale Dienste wie Facebook und Twitter. Aber es gibt natürlich auch soziale Netzwerke, die nichts mit Technik zu tun haben: die gewachsenen Verbindungen von Verwandten, Freunden und Bekannten.
Glaubt man Slim Amanou, dann hat erst die Verbindung von sozialen Netzen und digitalen sozialen Diensten die Jasminrevolution in Tunesien ausgelöst. "Am Anfang der Revolte haben weder das Fernsehen noch die Presse über die Demonstrationen in Tunis berichtet", erinnert er sich an die Massendemonstrationen.
Anzeige
Der 36-jährige Blogger Amanou saß wegen seiner Berichte über die Proteste in Tunis einige Monate im Gefängnis und wurde nach seiner Entlassung im Januar 2011 Minister für Sport und Jugend der Übergangsregierung, die nach dem Sturz von Staatspräsident Ben Ali ins Amt kam. Im Mai 2011 trat er von seinem Posten zurück, nachdem die Übergangsregierung eine Reihe von Websites blockieren ließ, und gründete die tunesische Piratenpartei mit .
Weil die tunesische Presse nicht über die Demonstrationen berichtetet, sagt Amanou, hätten die Regierungsgegner soziale Medien genutzt, um die Welt über ihren Protest zu informieren. YouTube, Facebook und Twitter verbreiteten die Bilder und Botschaften davon rund um den Globus. Die Kritiker der Regierung eroberten sich so die Hoheit in der Debatte . Entscheidend war, sagt Amanou, dass auch die abgeschotteten Machthaber so davon erfuhren: "Erst als wir es schafften, dass die Tochter von Ben Ali Aufnahmen von den Demonstrationen in Tunesien auf YouTube zu sehen bekommt, begann die alte Elite zu begreifen, dass ihre Tage gezählt waren."
Mit Argumenten kämpfen
Die Demonstrationen begannen im Dezember 2010 nach der Selbstverbrennung des Gemüsehändlers Mohamed Bouazizi und richteten sich gegen die Regierung von Staatsoberhaupt Zine el-Abidine Ben Ali. Die landesweiten Unruhen griffen Anfang 2011 auf viele andere Staaten in Nordafrika und dem Nahen Osten über, und waren der Beginn des arabischen Frühlings, der in den nächsten Monaten in einigen Ländern der Region zu fundamentalen, politischen Veränderungen führen sollte.
Über die Rolle der sozialen Medien bei der Arabellion ist viel berichtet worden. Bei der Social Media Week in Berlin ging es nun darum, welche Rolle sie in Zukunft in der Region spielen werden. Denn in Ländern wie Ägypten oder Tunesien hat sich die politische Lage nach anfänglicher Euphorie nicht zum Besseren verändert. Manche Kommentatoren sehen bereits einen arabischen Frühling 2.0 voraus.
Für Slim Amadou ist alles eine Frage der Taktik. "Man muss das Netzwerk der anderen Seite in ein Gespräch verwickeln", sagt er. "Heute hat jeder eine E-Mail-Adresse, eine Facebook-Page oder einen Twitteraccount." Die entsprechenden Adressen ließen sich vergleichsweise leicht herausfinden, die Menschen sich darüber kontaktieren. "Und wenn die Machthaber die neuen Medien nicht benutzen, dann ihre Verwandten oder ihre Berater. Man muss mit ihnen in Kontakt treten und ihnen mit Argumenten kommen, sei es per E-Mail oder sei es in ihrer Timeline. Es hat keinen Sinn, zu versuchen, das Netzwerk seiner Feinde zu zerstören. Man muss es schlucken."
Übersicht zu diesem Artikel
</ExtractedText>
</item>
</channel>
</rss>
