<?xml version="1.0" encoding="UTF-8" standalone="no"?>
<rss xmlns:atom="http://www.w3.org/2005/Atom" xmlns:dc="http://purl.org/dc/elements/1.1/" version="2.0">
  <channel>
<title>
      ZEIT ONLINE: Alles digital</title>
<description>Nachrichten, Analysen und Reportagen zu den Themen Internet, Datenschutz, Netzkultur, Mobil und Games. Sie finden hier die Trends, Features und Entwicklungen sowie aktuelle Tests aus dem Ressort Digital.</description>
<pubDate>Fri, 04 Oct 2013 14:46:45 GMT</pubDate>
<lastBuildDate>Sat, 5 Oct 2013 18:40:17 +0200</lastBuildDate>
<language>de-de</language>
<link>http://www.zeit.de/digital/index</link>
<atom:link href="http://newsfeed.zeit.de/digital/index" rel="self" type="application/rss+xml"/>
<copyright>Copyright (c) 2013, ZEIT ONLINE GmbH</copyright>
<docs>http://www.zeit.de/hilfe/rss</docs>
<generator>mod_xslt LePenguin</generator>
<managingEditor>wolfgang.blau@zeit.de (Wolfgang Blau)</managingEditor>
<webMaster>webmaster@zeit.de (Internettechnik ZEIT ONLINE)</webMaster>
<image>
      <url>http://images.zeit.de/bilder/elemente_01_06/logos/homepage_top.gif</url>
      <title>
      ZEIT ONLINE: Alles digital</title>
      <link>http://www.zeit.de/digital/index</link>
    </image>
<item>
      <link>http://www.zeit.de/digital/datenschutz/2013-09/nsa-gchq-bnd-gesetze</link>
      <guid>http://www.zeit.de/digital/datenschutz/2013-09/nsa-gchq-bnd-gesetze</guid>
      <category>Digital</category>
      <title>Grundrechte: Der BND ist nicht viel besser als die NSA</title>
      <description>&lt;a href="http://www.zeit.de/digital/datenschutz/2013-09/nsa-gchq-bnd-gesetze"&gt;&lt;img style="float:left; margin-right:5px" src="http://images.zeit.de/digital/datenschutz/2013-10/bnd-bad-aibling/bnd-bad-aibling-148x84.jpg"/&gt;&lt;/a&gt; Die NSA überwacht grenzenlos und aufgrund geheimer, unkontrollierter Befehle? Ja, aber das tun BND und GCHQ auch, sagen zwei Forscher und fordern eine Reform der Gesetze.</description>
      <dc:creator>ZEIT ONLINE : Digital - Kai Biermann</dc:creator>
      <pubDate>Tue, 01 Oct 2013 08:38:36 GMT</pubDate>
    <ExtractedText>Games
Grundrechte: Der BND ist nicht viel besser als die NSA
Die NSA überwacht grenzenlos und aufgrund geheimer, unkontrollierter Befehle? Ja, aber das tun BND und GCHQ auch, sagen zwei Forscher und fordern eine Reform der Gesetze. Von  Kai Biermann
1. Oktober 2013  10:09 Uhr  18 Kommentare
BND-Überwachungsanlage bei Bad Aibling  |  © Johannes Simon/Getty Images
In den vergangenen Wochen gab es viel Kritik am amerikanischen Geheimdienst NSA . Ohne Ansehen spioniere er Menschen aus, auch Bürger seiner europäischen Verbündeten, lautet der wütende und offensichtlich berechtigte Vorwurf . Politiker in Deutschland und der Europäischen Union haben die USA dafür mehrfach kritisiert . Allerdings sitzen sie dabei in einem ziemlich großen Glashaus.
Der Bundesnachrichtendienst, um das lokale Beispiel zu nehmen, tut genau das gleiche in anderen Ländern, und er tut es in einem ziemlich ähnlichen rechtlichen Rahmen. "Die Unterschiede zwischen BND und NSA sind viel geringer, als in der Öffentlichkeit gemeinhin angenommen wird", schreiben Stefan Heumann und Ben Scott in einer Studie zu den rechtlichen Grundlagen von Internet-Überwachungsprogrammen in den USA, Großbritannien und Deutschland.
Anzeige
Heumann arbeitet bei dem Think Tank namens Stiftung Neue Verantwortung , Ben Scott beriet Außenministerin Hillary Clinton und ist derzeit Politikberater beim Open Technology Institute , das zum amerikanischen Think Tank New America Foundation gehört. In ihrer Studie haben beide die Rechtsgrundlagen, die Ausrichtung und die demokratische Überwachung von Spionageprogrammen verglichen.
Ihr Ergebnis: Die NSA unterhält das größte Spionageprogramm und sie hat einige Vorteile, da ihre Ziele – die Internetprovider – vor allem in den USA sitzen; im Kern aber unterscheidet sich die Überwachung der NSA nicht von der des britischen GCHQ und der des BND. Die zugrunde liegenden Gesetze haben die gleiche Struktur, schreiben Heumann und Scott, auch wenn "ihre Auslegung abweichen kann".
Ausländer sind überall "vogelfrei"
Heumann und Scott sind nicht die ersten, die diese Ansicht vertreten. Der Anwalt Nico Härting beispielsweise hat die Rechtsgrundlagen der Arbeit von NSA und BND verglichen . Und auch er kommt zu dem Ergebnis, dass alle das gleiche machen und jeden, der außerhalb ihres Hoheitsgebietes lebt, als "vogelfrei" betrachten, wie er einen Text von Georg Mascolo in der F.A.Z. zitiert . Sprich: Die Geheimdienste bespitzeln Ausländer ungehindert. Härting weist darauf hin, dass es geradezu die Aufgabe von Auslandsnachrichtendiensten sei, alle anderen zu überwachen.
Kai Biermann
© ZEIT ONLINE
Kai Biermann ist Redakteur im Ressort Digital bei ZEIT ONLINE. Seine Profilseite finden Sie hier .
Heumann und Scott aber gehen weiter und beklagen die viel zu geringe Kontrolle der Dienste. Zitat: "In allen drei Ländern genießen die Dienste beim Sammeln von Informationen über das Ausland große Geheimhaltung und Unabhängigkeit. Gesetzliche Grenzen und Kontrollmechanismen beziehen sich nur auf die Bürger des eigenen Landes. Und in den meisten Fällen kommen diese Beschränkungen auch nur nachträglich zum Tragen, wenn die entsprechenden Kommunikationsdaten bereits abgefangen sind." Alle drei hätten keine vernünftigen juristischen Mittel (robust systems), um Bürger vor ungerechtfertigter Überwachung zu schützen.
Von den drei untersuchten Ländern sei die Kontrolle in Großbritannien am schwächsten. Weder Parlament noch Gerichte seien in die Überprüfung und Genehmigung von Überwachungsprogrammen eingebunden. Kontrolle fände ausschließlich innerhalb der Dienste statt.
Übersicht zu diesem Artikel
</ExtractedText>
</item>
</channel>
</rss>
