<?xml version="1.0" encoding="UTF-8" standalone="no"?>
<rss xmlns:atom="http://www.w3.org/2005/Atom" xmlns:dc="http://purl.org/dc/elements/1.1/" version="2.0">
  <channel>
<title>
      ZEIT ONLINE: Mehr Kultur</title>
<description>Aktuelle Kultur-Nachrichten, Informationen und Interviews rund um die Themen Kultur, Feuilleton, Literatur, Kunst, Film und Musik. Dazu Reportagen und Kritiken.</description>
<pubDate>Mon, 07 Oct 2013 17:34:30 GMT</pubDate>
<lastBuildDate>Mon, 7 Oct 2013 21:19:51 +0200</lastBuildDate>
<language>de-de</language>
<link>http://www.zeit.de/kultur/index</link>
<atom:link href="http://newsfeed.zeit.de/kultur/index" rel="self" type="application/rss+xml"/>
<copyright>Copyright (c) 2013, ZEIT ONLINE GmbH</copyright>
<docs>http://www.zeit.de/hilfe/rss</docs>
<generator>mod_xslt LePenguin</generator>
<managingEditor>wolfgang.blau@zeit.de (Wolfgang Blau)</managingEditor>
<webMaster>webmaster@zeit.de (Internettechnik ZEIT ONLINE)</webMaster>
<image>
      <url>http://images.zeit.de/bilder/elemente_01_06/logos/homepage_top.gif</url>
      <title>
      ZEIT ONLINE: Mehr Kultur</title>
      <link>http://www.zeit.de/kultur/index</link>
    </image>
<item>
      <link>http://www.zeit.de/2013/39/musikaliensammlung-casa-ricordi-guetersloh</link>
      <guid>http://www.zeit.de/2013/39/musikaliensammlung-casa-ricordi-guetersloh</guid>
      <category>Kultur</category>
      <title>Musikgeschichte: Wo Puccini noch wütet</title>
      <description>&lt;a href="http://www.zeit.de/2013/39/musikaliensammlung-casa-ricordi-guetersloh"&gt;&lt;img style="float:left; margin-right:5px" src="http://images.zeit.de/kultur/musik/2013-10/puccini2/puccini2-148x84.jpg"/&gt;&lt;/a&gt; Originalpartituren und Briefe zwischen Komponisten: Die Ausstellung "Unternehmen Oper" in Gütersloh zeigt Dokumente aus der großen Mailänder Musiksammlung Casa Ricordi.</description>
      <dc:creator>ZEIT ONLINE : Kultur - Julia Spinola</dc:creator>
      <pubDate>Thu, 19 Sep 2013 06:00:00 GMT</pubDate>
    <ExtractedText>Musikgeschichte: Wo Puccini noch wütet
Eine Ausstellung in Gütersloh zeigt Dokumente aus der Mailänder Musikaliensammlung Casa Ricordi Von Julia Spinola
6. Oktober 2013  19:27 Uhr  1 Kommentar
Kostümentwurf von Alfredo Edel für den ersten Akt von "Il trillo del diavolo" (Musik von Stanislao Falchi), Weltpremiere, Rom. 29. Januar 1899  |  © Bertelsmann
Viva Verdi: Alle Welt feiert den 200. Geburtstag des Opernkomponisten,       dessen Name den italienischen Nationalstolz wie kein anderer zum Klingen bringt. Schließlich       wurde Verdi zur Symbolfigur der Einigung der italienischen Nation im Risorgimento stilisiert.       Doch ausgerechnet im Jubeljahr offenbart sich jetzt bei einem Spaziergang durch das Archivio       Storico Ricordi ein Kapitel des Ausverkaufs seines geistigen Nachlasses.
Man stelle sich vor, die Anna Amalia Bibliothek würde von einem italienischen Medienkonzern aufgekauft oder das Goethe-Schiller-Archiv wäre fest in der Hand der Time Warner Incorporated: Die deutsche Kulturseele würde sich vor Schmerz verkrampfen beim bloßen Gedanken an den Verlust dieser Nationalheiligtümer. In Italien dagegen, das sich rühmt, die meisten Kunstschätze der Welt zu besitzen, scheint es im Einzelnen gar nicht so darauf anzukommen. Wo man ein Kulturgut wie Pompeji so lange vor sich hinbröseln lässt , bis die Unesco mit einem Ultimatum eingreift, wo trotz des umjubelten Valore-Cultura-Pakets, das der neue Premier Enrico Letta auf den Weg brachte, Festivals wie der berühmte Maggio Musicale in Florenz jetzt so knapp vor dem Aus stehen, dass man sich zum Jubiläum Giuseppe Verdis nicht einmal mehr eine szenische Don Carlo-Aufführung leisten kann – da wundert es nicht, dass der Verkauf des symbolträchtigen und traditionsreichen Musikverlags Casa Ricordi 1994 bloß ein paar glühende Journalisten aus der Reserve locken konnte. "Und jetzt kommt die Nachricht, dass die Deutschen alles wegschleppen. Werden sie auch noch die Galleria mitnehmen?", empörte sich die Tageszeitung La Repubblica seinerzeit, als der Verlag, der seinen Verwaltungssitz in der berühmten Mailänder Galerie gegenüber der Scala hatte, vom Medienkonzern Bertelsmann aufgekauft wurde.
Anzeige
Weggeschleppt, in der Tat, nämlich finanziell ausgeweidet und den Marktmechanismen der internationalen Großkonzerne ausgeliefert, wurde mit dem 1808 von Giovanni Ricordi gegründeten Musikverlag die verlegerische Heimat beinahe aller bedeutenden italienischen Komponisten bis hin zu Luigi Nono . Die Musikrechte gingen 2006 an die Universal Publishing Music Group über. Im Besitz von Bertelsmann aber blieb bis heute die sehr bedeutende private Musikaliensammlung: das bis ins Gründungsjahr zurückreichende Geschäftsarchiv der Casa Ricordi, ein gigantisches Stück Musikgeschichte.
Die Dame zum Herrn in Rüschen  |  © Bertelsmann
Das Archiv dämmerte weitgehend ungenutzt vor sich hin
Aufgeregt hatte sich über dessen Verkauf in Italien kaum jemand. Kein Wunder: Denn welche Schätze das Land damit aus der Hand gab, konnte bislang kaum ins öffentliche Bewusstsein gelangen. Das Archiv dämmerte unerschlossen und ungenutzt vor sich hin. Trotz der inzwischen fortgeschrittenen Katalogisierung und Digitalisierung der Dokumente, mit der die drei Mitarbeiter des Archivs seither beschäftigt sind, existieren bis heute noch nicht einmal verbindliche Zahlen über den Bestand. Auf über 1.000 Regalmetern hütet man etwa 6.000 Fotos, 10.000 Bühnen- und Kostümentwürfe, 7.800 Originalpartituren, Werbeplakate, Zeitschriften, Briefe und Drucke. Meterweise reihen sich die akribisch geführten copialettere, Durchschlagskopien der gesamten Korrespondenz des Hauses von 1887 bis 1962, ohne dass der Inhalt der auf 600.000 Seiten geschätzten Briefwechsel mit Komponisten, Librettisten, Künstlern, Theaterleuten und sonstigen Geschäftspartnern Ricordis gesichtet worden wäre: Fleißarbeit für künftige Generationen studentischer Hilfskräfte. Nicht eine müde Lira war es der italienischen Regierung wert gewesen, sich auch nur um die Erhaltung der Originalpartituren – darunter gefühlt alle bedeutenden Werke des italienischen Opernrepertoires von Puccini , Donizetti, Bellini, Verdi , Rossini über zahlreiche Kleinmeister bis hin zu den Repräsentanten der Moderne – zu kümmern. Im physischen Sinne weggeschleppt werden konnte die Sammlung immerhin nicht. Denn die Regierung war wachsam genug, sie 1994 sogleich unter den Schutz ihrer Kulturbehörde zu stellen. Keine Postkarte darf jetzt das Land verlassen, ohne die Genehmigung der Soprintendenza Archivistica per la Lombardia.
Man muss kein Handschriften-Fetischist sein, um sich von der Aura des Archivio Storico Ricordi, das heute im Mailänder Palazzo Brera, unterhalb der berühmten Bildergalerie, in der Biblioteca Braidense untergebracht ist, beeindrucken zu lassen – und zugleich über den Gleichmut zu staunen, mit dem Italien dieses bedeutende Stück seiner musikalischen Geschichte brachliegen ließ. Das wandelnde Gedächtnis dreier vollgepackter, durch schwere Schlösser und eine Klimaschleuse gesicherter Kellerräume ist die Archivarin Maria Pia Ferraris – eine elegante, zierliche Frau, die gazellenhaft durch die engen Korridore läuft, als wäre sie in ihrem Wohnzimmer, um mit glänzenden Augen eine Kostbarkeit nach der anderen aus den deckenhohen Regalen zu ziehen. Die handschriftliche Originalpartitur zum Falstaff etwa, deren gestochen klares Notenbild einem kalligrafischen Kunstwerk gleicht, aus dem man wohl beinahe problemlos sofort auch dirigieren könnte. Puccini dagegen muss mit dem Temperament, das die kaum entzifferbare Reinschrift seiner Bohème-Partitur in ein Schlachtengemälde verwandelte, die Setzer schier in den Wahnsinn getrieben haben. Hier findet sich kaum eine Seite ohne wüste Korrekturen, Streichungen oder Neufassung einzelner Passagen. Die Restaurierung dieser Partitur macht nun auch die überklebten Stellen wieder sichtbar. Zu erkennen ist an einer Stelle noch der Handabdruck, den der Komponist beim Aufkleben des Papiers hinterlassen hat. Ein kleiner Griff ins nächste Regal und man hält seine letzten Skizzen zur unvollendeten Turandot in der Hand. Auf einem kleinen Wägelchen, das den Weg in die nächste Gasse versperrt, liegen die originalen Aida-Trompeten: jene altägyptischen Bildern nachempfundenen Instrumente, die Verdi  für die Fanfaren dieser Oper bauen ließ. Und aus dem Erstdruck des Tristan, den Maria Ferraris im Vorbeigehen noch schnell hervorzieht, flattert ein Zettel heraus: ein handschriftlicher Widmungsbrief Richard Wagners an Ricordis Sohn Giulio.
Übersicht zu diesem Artikel
</ExtractedText>
</item>
</channel>
</rss>
