<?xml version="1.0" encoding="UTF-8" standalone="no"?>
<rss xmlns:atom="http://www.w3.org/2005/Atom" version="2.0">
<channel>
<title>Beruf &amp; Chance - FAZ.NET</title>
<link>http://www.faz.net/aktuell/beruf-chance/</link>
<description>Informationen für Arbeitgeber und Arbeitnehmer. Themen wie Beruf, Job,  Karriere und Altersvorsorge. Tipps zu Bewerbung und Weiterbildung.</description>
<copyright>Copyright 2001-2013 Frankfurter Allgemeine Zeitung GmbH. Alle Rechte vorbehalten.</copyright>
<category>Beruf &amp; Chance - FAZ.NET</category>
<language>de-de</language>
<docs>http://www.faz.net/hilfe/services-newsletter-widgets-rss-feeds-mehr/</docs>
<generator>FAZ.NET</generator>
<ttl>5</ttl>
<lastBuildDate>Mon, 7 Oct 2013 08:04:01 +0200</lastBuildDate>
<atom:link href="http://www.faz.net/rss/aktuell/beruf-chance/" rel="self" type="application/rss+xml"/>
<image>
        <title>Beruf &amp; Chance - FAZ.NET</title>
        <url>http://www.faz.net/img/fazlogo_ressort.gif</url>
        <link>http://www.faz.net/aktuell/beruf-chance/</link>
    </image>
<item>
    <title>Ich über mich: Roland Kaiser</title>
    <description>&lt;img width="190" height="107" border="0" title="Roland Kaiser - Der deutsche Schlagersänger veröffentlicht nach einer überstandenen Lungentransplantation sein neues Album "Alles ist möglich" im Juni. In seiner Wahlheimat Münster spricht er mit Timo Frasch." alt="Roland Kaiser - Der deutsche Schlagersänger veröffentlicht nach einer überstandenen Lungentransplantation sein neues Album "Alles ist möglich" im Juni. In seiner Wahlheimat Münster spricht er mit Timo Frasch." src="http://media1.faz.net/polopoly_fs/1.2604049!/image/1625374578.jpg_gen/derivatives/article_teaser/1625374578.jpg"/&gt;&lt;p&gt;Die Fangemeinde des 61 Jahre alten Schlagerstars Roland Kaiser ist ungebrochen groß; seit seinem Comeback pilgern Zehntausende zu seinen Konzerten. Dabei hat Kaiser eigentlich Verkäufer gelernt und früher in einem Autohaus gearbeitet. Und sonst, Herr Kaiser?&lt;/p&gt;</description>
    <link>http://www.faz.net/aktuell/beruf-chance/ich-ueber-mich/ich-ueber-mich-roland-kaiser-und-sonst-herr-kaiser-12603781.html</link>
    <pubDate>Mon, 07 Oct 2013 08:04:00 +0200</pubDate>
    <guid isPermaLink="true">http://www.faz.net/-hpa-7i551</guid>
<ExtractedText>Ich über mich
Ich über mich: Roland Kaiser Und sonst, Herr Kaiser?
07.10.2013 ·  Die Fangemeinde des 61 Jahre alten Schlagerstars Roland Kaiser ist ungebrochen groß; seit seinem Comeback pilgern Zehntausende zu seinen Konzerten. Dabei hat Kaiser eigentlich Verkäufer gelernt und früher in einem Autohaus gearbeitet. Und sonst, Herr Kaiser?
  1/15  
© Daniel Pilar, F.A.Z.
Und sonst, Herr Kaiser?
Die Fangemeinde des 61 Jahre alten Schlagerstars Roland Kaiser ist ungebrochen groß; seit seinem Comeback pilgern Zehntausende zu seinen Konzerten. Dabei hat Kaiser eigentlich Verkäufer gelernt und früher in einem Autohaus gearbeitet. Und sonst, Herr Kaiser?
  1/15  
© Daniel Pilar, F.A.Z.
Und sonst, Herr Kaiser?
Die Fangemeinde des 61 Jahre alten Schlagerstars Roland Kaiser ist ungebrochen groß; seit seinem Comeback pilgern Zehntausende zu seinen Konzerten. Dabei hat Kaiser eigentlich Verkäufer gelernt und früher in einem Autohaus gearbeitet. Und sonst, Herr Kaiser?
</ExtractedText>
</item>
</channel>
</rss>
