<?xml version="1.0" encoding="UTF-8" standalone="no"?>
<rss xmlns:atom="http://www.w3.org/2005/Atom" xmlns:dc="http://purl.org/dc/elements/1.1/" version="2.0">
  <channel>
<title>
      ZEIT ONLINE: Meinung</title>
<description>Autoren der ZEIT und von ZEIT ONLINE kommentieren aktuelle Ereignisse aus Politik, Wirtschaft, Gesellschaft und Medien.</description>
<pubDate>Wed, 16 Oct 2013 06:33:50 GMT</pubDate>
<lastBuildDate>Wed, 16 Oct 2013 09:07:42 +0200</lastBuildDate>
<language>de-de</language>
<link>http://www.zeit.de/meinung/index</link>
<atom:link href="http://newsfeed.zeit.de/meinung/index" rel="self" type="application/rss+xml"/>
<copyright>Copyright (c) 2013, ZEIT ONLINE GmbH</copyright>
<docs>http://www.zeit.de/hilfe/rss</docs>
<generator>mod_xslt LePenguin</generator>
<managingEditor>wolfgang.blau@zeit.de (Wolfgang Blau)</managingEditor>
<webMaster>webmaster@zeit.de (Internettechnik ZEIT ONLINE)</webMaster>
<image>
      <url>http://images.zeit.de/bilder/elemente_01_06/logos/homepage_top.gif</url>
      <title>
      ZEIT ONLINE: Meinung</title>
      <link>http://www.zeit.de/meinung/index</link>
    </image>
<item>
      <link>http://www.zeit.de/mobilitaet/2013-10/autolobby-bundesregierung-co2</link>
      <guid>http://www.zeit.de/mobilitaet/2013-10/autolobby-bundesregierung-co2</guid>
      <category>Mobilitaet</category>
      <title>Autoindustrie: Der Büttel von Daimler und BMW</title>
      <description>&lt;a href="http://www.zeit.de/mobilitaet/2013-10/autolobby-bundesregierung-co2"&gt;&lt;img style="float:left; margin-right:5px" src="http://images.zeit.de/mobilitaet/2013-10/merkel-bmw-3/merkel-bmw-3-148x84.jpg"/&gt;&lt;/a&gt; Zwei deutsche Autobauer schaffen es, die EU-Gesetzgebung über Abgasnormen zu stoppen. Die Autolobby ist längst zu mächtig – und der Regierung fehlt das nötige Rückgrat.</description>
      <dc:creator>ZEIT ONLINE : Mobilitaet - Matthias Breitinger</dc:creator>
      <pubDate>Tue, 15 Oct 2013 11:55:37 GMT</pubDate>
    <ExtractedText>Autoindustrie: Der Büttel von Daimler und BMW
Autoindustrie: Der Büttel von Daimler und BMW
Zwei deutsche Autobauer schaffen es, die EU-Gesetzgebung über Abgasnormen zu stoppen. Die Autolobby ist längst zu mächtig – und der Regierung fehlt das nötige Rückgrat. Ein Kommentar von  Matthias Breitinger
15. Oktober 2013  13:50 Uhr  254 Kommentare
Kanzlerin Angela Merkel in einem BMWi3 neben Konzernchef Norbert Reithofer  |  © Johannes Eisele/AFP/Getty Images
Die Zeit arbeitet für die deutschen Automobilhersteller – und das wissen diese sehr genau. Im Mai 2014 wird das Europaparlament neu gewählt. Sollten sich die EU-Staaten zusammen mit dem Parlament und der EU-Kommission nicht bald auf Abgasgrenzwerte für Autos einigen, dürfte die Gesetzgebung bis weit nach den Wahlen verschoben werden.
Das Ergebnis, das die Sitzung der EU-Umweltminister am Montag gebracht hat, ist darum ganz im Sinne der deutschen Hersteller: Ein bereits gefundener Kompromiss vom Sommer soll neu ausgehandelt werden. Vorgesehen war, dass die Neuwagen aller Hersteller im Jahr 2020 in der EU im Schnitt nur noch 95 Gramm CO2 je Kilometer ausstoßen sollen. Zuletzt hatte Deutschland vorgeschlagen, die Einführung dieser Obergrenze bis ins Jahr 2024 zu verschieben .
Anzeige
Seit Monaten trommeln Teile der deutschen Autoindustrie dafür, die von der EU-Kommission ausgearbeiteten strengen Grenzwerte aufzuweichen. In Bundeskanzlerin Angela Merkel fanden die Automanager eine offensichtlich leicht zu überzeugende Mitstreiterin . Der deutsche Verband der Automobilindustrie (VDA) mit Merkels Parteifreund Matthias Wissmann an der Spitze warb mit dem Mantra, die strengen EU-Abgasnormen bedrohten den Industriestandort Deutschland. Diesen Satz betet Merkel fleißig nach, jüngst etwa bei der Eröffnung der IAA. Oder indirekt am Montag auch Bundesumweltminister Peter Altmaier.
Zu mächtige Lobby
Die Bundesregierung macht sich damit zum Büttel der Autoindustrie. Genau genommen vertreten Merkel und Altmaier noch nicht einmal die Interessen der gesamten deutschen Autobranche. Ausgerechnet der größte Hersteller Volkswagen stört sich gar nicht am Kompromiss vom Juni, und auch die Zulieferer halten das 95-Gramm-Ziel in 2020 für  erreichbar. Es sind nur zwei Autobauer, die darauf drangen, dass die Regierung den Kompromiss noch verhindert: Daimler und BMW.
Sicher, beide Unternehmen verkaufen vor allem große Autos, für die es schwerer fällt, das CO2-Ziel zu erreichen. Doch beide präsentieren sich gern als Innovationsführer – und könnten auch im Hinblick auf abgasarme Motoren innovativer sein. Experten wie Peter Mock von der Forschungsorganisation International Council on Clean Transportation (ICCT) sind sicher, dass auch Daimler und BMW das 95-Gramm-Ziel 2020 gut erreichen können .
Dass es zwei Unternehmen gelingt, eine EU-Gesetzgebung zu stoppen, ist bemerkenswert. Noch dazu in einem Land, das mit der beschlossenen Energiewende weltweit Vorreiter in Sachen Klimaschutz sein will. 
Die deutsche Autoindustrie scheint übermächtig, und ihr gegenüber sitzt eine Bundesregierung mit zu wenig Rückgrat, zu einmal getroffenen Vereinbarungen zu stehen. Schließlich war auch ein Unterhändler für die Regierung dabei, als im Juni auf EU-Ebene die CO2-Grenzwerte quasi beschlossen wurden. Nun opfert die Regierung ohne vernünftigen Grund die politische Glaubwürdigkeit der EU – im Dienste von Daimler und BMW.
 
</ExtractedText>
</item>
</channel>
</rss>
