<?xml version="1.0" encoding="UTF-8" standalone="no"?>
<rss xmlns:atom="http://www.w3.org/2005/Atom" xmlns:dc="http://purl.org/dc/elements/1.1/" version="2.0">
  <channel>
<title>
      ZEIT ONLINE: Karriere</title>
<description>Für Ein-, Um- und Aufsteiger: Das Karriereportal für Berufsanfänger, Quereinsteiger und die eigene Karriereleiter. Aktuelle Informationen rund um den Beruf.</description>
<pubDate>Sat, 05 Oct 2013 14:36:25 GMT</pubDate>
<lastBuildDate>Sat, 5 Oct 2013 18:47:02 +0200</lastBuildDate>
<language>de-de</language>
<link>http://www.zeit.de/karriere/index</link>
<atom:link href="http://newsfeed.zeit.de/karriere/index" rel="self" type="application/rss+xml"/>
<copyright>Copyright (c) 2013, ZEIT ONLINE GmbH</copyright>
<docs>http://www.zeit.de/hilfe/rss</docs>
<generator>mod_xslt LePenguin</generator>
<managingEditor>wolfgang.blau@zeit.de (Wolfgang Blau)</managingEditor>
<webMaster>webmaster@zeit.de (Internettechnik ZEIT ONLINE)</webMaster>
<image>
      <url>http://images.zeit.de/bilder/elemente_01_06/logos/homepage_top.gif</url>
      <title>
      ZEIT ONLINE: Karriere</title>
      <link>http://www.zeit.de/karriere/index</link>
    </image>
<item>
      <link>http://www.zeit.de/karriere/beruf/2013-10/beruf-thermometermacher</link>
      <guid>http://www.zeit.de/karriere/beruf/2013-10/beruf-thermometermacher</guid>
      <category>Karriere</category>
      <title>Serie Beruf der Woche: Von minus 200 bis fast 2.000 Grad</title>
      <description>&lt;a href="http://www.zeit.de/karriere/beruf/2013-10/beruf-thermometermacher"&gt;&lt;img style="float:left; margin-right:5px" src="http://images.zeit.de/karriere/beruf/2013-10/thermometer/thermometer-148x84.jpg"/&gt;&lt;/a&gt; Thermometermacher fertigen für die Industrie analoge Temperaturmessgeräte an. Die sind exakter als digitale. Die Branche sucht Nachwuchs, zeigt der Beruf der Woche.</description>
      <dc:creator>ZEIT ONLINE : Karriere - Markus Schleufe</dc:creator>
      <pubDate>Wed, 02 Oct 2013 08:26:23 GMT</pubDate>
    <ExtractedText>Stellenmarkt
Serie Beruf der Woche: Von minus 200 bis fast 2.000 Grad
Thermometermacher fertigen für die Industrie analoge Temperaturmessgeräte an. Die sind exakter als digitale. Die Branche sucht Nachwuchs, zeigt der Beruf der Woche. Von  Markus Schleufe
1. Oktober 2013  15:52 Uhr  4 Kommentare
Eine 1.200 Grad heiße Flamme, ein wenige Millimeter dickes Glasröhrchen, ganz viel Puste und Feingefühl – das sind die Zutaten, die Brigitte Schneider für die Herstellung eines Thermometers benötigt. Die gelernte Thermometermacherin ist Geschäftsführerin eines von bundesweit lediglich drei verbliebenen Unternehmen, die noch analoge Thermometer für Industrie, Wissenschaft und den Hausgebrauch herstellt.
"Wir bauen Thermometer noch so wie vor hundert Jahren", sagt sie. Der Beruf des Thermometermachers ist in zwei Fachrichtungen unterteilt – die Thermometerbläser bringen die Glasrohlinge durch Erhitzen und Aufblasen, Ziehen und Biegen in die gewünschte Zylinderform. Thermometerjustierer ermitteln mithilfe von Trockeneis oder siedendem Wasser den Null- und Siedepunkt, um die Messpunkte für die Skala festzulegen. "Die Justierer sind sozusagen für das Feintuning verantwortlich, die Bläser für die Verpackung", sagt Schneider. Besonders beim Justieren ist Präzision gefragt. Eine Ungenauigkeit von nur einem Grad macht das ganze Thermometer unbrauchbar.
Anzeige
Aber wer setzt im digitalen Zeitalter überhaupt noch auf analoge Messtechnik? Auftraggeber sind Unternehmen aus der Lebensmittelindustrie, der Erdölindustrie oder der Pharma- und Medizinindustrie. Diese Kunden brauchen genaue Ergebnisse, sagt Schneider. Denn die digitalen Thermometer seien ungenau. Mehr noch: Die analogen Messgeräte werden zur Eichung der digitalen benutzt. Zudem seien die Glasthermometer auch wegen ihrer Energieunabhängigkeit haltbarer. "Digitale Messgeräte müssen in kürzeren Abständen überprüft werden. Flüssigkeitsthermometer arbeiten viele Jahre genau, solange sie nicht runterfallen."            
Beruf der Woche
© Tim Boyle/Getty Images
Schon mal  einen Kampfmittelräumer oder einen Bird Controller bei der Arbeit erlebt?
Jede Woche stellt unser Autor Markus Schleufe einen ungewöhnlichen Job in unserer Serie "Beruf der Woche " vor. 
Als E-Book kaufen
Die besten Folgen können Sie auch als E-Book kaufen: www.zeit.de/ebooks .
Hinzu kommen wesentlich größere Einsatzmöglichkeiten. Denn die Glasthermometer sind stärker hitze- und kältebeständig. Temperaturen von Minus 200 bis 1.850 Grad können mit den analogen Messinstrumenten erfasst werden. "Ein digitales Thermometer schmilzt sehr viel früher", sagt Schneider.
Für die Arbeit ist ein hohes Maß an Konzentration, Feingefühl, zeichnerischem Talent und technischem Verständnis wichtig. Außerdem sind Grundkenntnissen in Naturwissenschaften, ein gutes Vorstellungsvermögen und handwerkliches Geschick nötig. "Trotz moderner Technik ist hier noch viel Handarbeit gefragt, jedes unserer Thermometer ist ein Unikat."
Die duale Ausbildung ist staatlich anerkannt und dauert drei Jahre. Während der Ausbildung steht viel Mathematik auf dem Lehrplan: Volumen- und Temperaturumrechnung oder die Berechnung des Ausdehnungskoeffizienten sollten die Azubis aus dem Effeff beherrschen.          
Auszubildende werden dringend gesucht
Außerdem lernen sie alles über die verwendeten Materialien und Werkstoffe, den Umgang mit Maschinen sowie Arbeitssicherheit und Umweltschutz. Die Ausbildung wird mit einer theoretischen, praktischen und mündlichen Prüfung abgeschlossen. Danach darf sich der Nachwuchs Thermometermachergeselle nennen. Mit ein paar Jahren Erfahrung ist eine Weiterbildung zum Meister möglich.
Einzige Schattenseite des Berufes ist der Umgang mit teils gesundheitsschädlichen Stoffen. Auch die Arbeit mit Feuer und heißem Glas ist riskant. Dafür sind die Berufsaussichten sehr gut. Die Branche sucht dringend Nachwuchs. Im Jahr 2009 gab es bundesweit nur sechs Auszubildende. Die Zahl ist so gering, weil der Beruf weitgehend unbekannt ist.
Schneider sieht neben den guten Jobaussichten auch einigen Spielraum für Kreativität als positive Seite an ihrem Beruf. "Ich kann bei individuell auf den Kunden angepassten Aufträgen kreativ sein. Die Arbeit ist immer wieder eine neue Herausforderung."
Gehalt: etwa 2.100 bis 2.400 Euro brutto;
Ausbildung: staatlich anerkannt, Dauer drei Jahre;
Arbeitszeit: zwischen 37,5 und 40 Stunden in der Woche;
 
</ExtractedText>
</item>
</channel>
</rss>
