<?xml version="1.0" encoding="UTF-8" standalone="no"?>
<rss xmlns:atom="http://www.w3.org/2005/Atom" xmlns:dc="http://purl.org/dc/elements/1.1/" version="2.0">
  <channel>
<title>
      ZEIT ONLINE: Karriere</title>
<description>Für Ein-, Um- und Aufsteiger: Das Karriereportal für Berufsanfänger, Quereinsteiger und die eigene Karriereleiter. Aktuelle Informationen rund um den Beruf.</description>
<pubDate>Tue, 15 Oct 2013 14:47:40 GMT</pubDate>
<lastBuildDate>Wed, 16 Oct 2013 09:07:42 +0200</lastBuildDate>
<language>de-de</language>
<link>http://www.zeit.de/karriere/index</link>
<atom:link href="http://newsfeed.zeit.de/karriere/index" rel="self" type="application/rss+xml"/>
<copyright>Copyright (c) 2013, ZEIT ONLINE GmbH</copyright>
<docs>http://www.zeit.de/hilfe/rss</docs>
<generator>mod_xslt LePenguin</generator>
<managingEditor>wolfgang.blau@zeit.de (Wolfgang Blau)</managingEditor>
<webMaster>webmaster@zeit.de (Internettechnik ZEIT ONLINE)</webMaster>
<image>
      <url>http://images.zeit.de/bilder/elemente_01_06/logos/homepage_top.gif</url>
      <title>
      ZEIT ONLINE: Karriere</title>
      <link>http://www.zeit.de/karriere/index</link>
    </image>
<item>
      <link>http://www.zeit.de/2013/41/lazar-krstic-karriere-minister-berater</link>
      <guid>http://www.zeit.de/2013/41/lazar-krstic-karriere-minister-berater</guid>
      <category>Karriere</category>
      <title>Lazar Krstić: Eben noch McKinsey, jetzt Finanzminister</title>
      <description>&lt;a href="http://www.zeit.de/2013/41/lazar-krstic-karriere-minister-berater"&gt;&lt;img style="float:left; margin-right:5px" src="http://images.zeit.de/karriere/beruf/2013-10/serbien/serbien-148x84.jpg"/&gt;&lt;/a&gt; Ausgerechnet einen unerfahrenen Nachwuchs-Unternehmensberater hat Serbien zum Finanzminister gemacht. Der 29-jährige Lazar Krstić soll das Land vor dem Bankrott retten.</description>
      <dc:creator>ZEIT ONLINE : Karriere - Justus von Daniels</dc:creator>
      <pubDate>Wed, 02 Oct 2013 06:00:00 GMT</pubDate>
    <ExtractedText>Lazar Krstić: Vom Mecki zum Minister
Lazar Krstić: Vom Mecki zum Minister
Seit einem Monat ist Lazar Krstić serbischer Finanzminister. Der 29-Jährige soll das Land vor dem Bankrott retten. von Justus von Daniels
13. Oktober 2013  14:26 Uhr  21 Kommentare
Der serbische Finanzminister Lazar Krstić  |  © REUTERS/Marko Djurica
In seinem Ministerbüro in Belgrad wirkt Lazar Krstić noch wie sein eigener       Gast. Bei der Begrüßung stößt er aus Versehen gegen eine Kommode, deren Tür daraufhin aufgeht.       Er entschuldigt sich und lacht, weil nichts drin ist, auch die Bücherschränke sind leer. Ihm       würde es wahrscheinlich reichen, wenn er mit Laptop und Telefon in einem schlichten Raum sein       Lager aufschlagen könnte, ganz ohne Ministermöbel.
Mehr als drei Koffer brauchte der 29-Jährige nicht, um von New York nach Belgrad zu ziehen.       Sein Leben sah bisher so aus, wie man es sich bei jungen Unternehmensberatern vorstellt. Er       reiste von Projekt zu Projekt, in New York teilte er sich eine fertig eingerichtete Wohnung       mit einem Mitbewohner, der in der Finanzbranche arbeitet. Ein Leben ohne jeden Ballast. Lazar       Krstić war für McKinsey vor allem in Europa unterwegs, beriet Ölfirmen und Banken. Auch in       Serbien, seiner Heimat, war er schon als "Mecki", also für McKinsey. Das erste Mal während       eines Praktikums, da war er 23 Jahre alt. Ein paar Wochen ist sein Umzug nun her, diesmal soll       er Serbien vor dem Bankrott retten , als jüngster Finanzminister aller Zeiten.
Anzeige
Sein Alter, darüber reden alle. Was ist in eine Regierung gefahren, so einen jungen Mann in       einer schweren Krise zum Finanzminister zu machen, ihm das mächtigste Amt im Kabinett zu       geben? Die Serben hörten seinen Namen vor gut einem Monat zum ersten Mal, sprechen ihn aber       schon ziemlich respektvoll aus. Denn in den Medien wird die Geschichte eines Wunderkindes       verbreitet, eines Mathegenies, eines Talents, das in Amerika ausgebildet wurde und nun       zurückkehrt, um das Land zu retten. Auch Krstić erzählt es gerne so. Er, das Einzelkind aus       einfachen Verhältnissen, gewann erst in seiner Heimatstadt Nis, später landesweit alle       Wettbewerbe in Mathematik. "Klar, ich war als Schüler ziemlich introvertiert", sagt er. Nach       seiner Schulzeit bewarb er sich in den USA, wurde an der berühmten Yale University mit einem       Stipendium genommen und war auch dort Jahrgangsbester, studierte neben Mathematik noch Politik       und Ökonomie in einem Begabtenprogramm. "In Yale habe ich gelernt, mich zu öffnen, denn in den       USA war ich fremd. Für so jemanden wie mich war das eine ziemliche Herausforderung." Mit 23       fing er bei McKinsey an. Für Krstić ging es immer schnell bergauf. "Ich war an vielen Stellen       der Jüngste und habe bisher immer zugesagt, wenn es weiterging. Bisher hat es funktioniert."       Warum jetzt nicht Minister?
Der Blick von außen ist das, was Unternehmensberater ausmacht. Sie haben keine Verantwortung,       müssen keine Interessen bedienen. Sie machen Vorschläge für eine Sanierung und verschwinden       dann wieder. Serbien ist gerade ein echter Sanierungsfall, denn das Land steht kurz vor der       Pleite. Doch Krstić sagt: "Ich bin hier nicht als Berater!" Die Unterscheidung ist ihm sehr       wichtig. "Es ist keine Beratung, sondern eine echte Aufgabe. Der Unterschied zur Beratung ist:       Hier trage ich die volle Verantwortung für meine Entscheidungen und muss sie danach vertreten       können."
Krstić ist eine taktische Wahl, ein Scoop in mehrfacher Hinsicht
Doch dass er von außen kommt und keine Erfahrung in der serbischen Politik hat, ist sein       großer Vorteil, sagen selbst Kritiker. Denn es gibt in Serbien keinen Politiker, der nicht in       irgendetwas verstrickt ist, korrupt oder von mächtigen Interessen abhängig. Krstić kann frei       von Bindungen handeln, er ist hier ein unbeschriebenes Blatt. Das macht es für       Interessenvertreter schwer, ihn einzuschätzen.
Dass er nun eine öffentliche Person ist, "das passt eigentlich nicht unbedingt zu mir", sagt       er. Schon jetzt ist er mit seinem gestutzten Vollbart auf allen großen Zeitungen und Magazinen       zu sehen. Er sieht wirklich noch ziemlich jung aus. Mit dem Bart macht er sich etwas älter, um       reifer zu wirken. Eigentlich hatte er mal überlegt, nach ein paar Jahren bei McKinsey in den       USA zu promovieren, theoretische Mathematik und Politik, eine akademische Karriere, so was.       Dann kam der Anruf, der ihn doch ziemlich überrascht hat. Als sich das Büro des       stellvertretenden Ministerpräsidenten auf seinem amerikanischen Handy meldete, war er gerade       für ein Projekt in Europa. Ob er denn eine Idee hätte, wie man die Finanz- probleme Serbiens       lösen könne, wurde er gefragt. Am Ende des Gesprächs bot man ihm den Posten des       Finanzministers an.
Übersicht zu diesem Artikel
</ExtractedText>
</item>
</channel>
</rss>
